initial_branch,trial_id,chain_depth,terminated_reason,total_load_shed_mw,total_load_shed_frac,max_line_loading_pu,max_voltage_deviation_pu,num_total_outaged_branches,final_converged,basic_LLR,basic_LFOR,basic_NVOR,basic_CRI
1,1,3,load_loss_threshold,2035.5365,0.325465564905672,1.5942042046134,0.0722926621900399,8,1,0.325465564905672,0.800788429070249,0.650633959710359,0.485563816699525
1,2,4,load_loss_threshold,4399.573,0.703455581262601,2.23091955552938,0.119684027872825,15,0,1,1,1,1
1,3,3,load_loss_threshold,3300.763,0.527764888723312,1.5942042046134,0.114737826184396,9,1,0.527764888723312,1.26464922944278,1.49159174039715,0.867907127201973
1,4,3,load_loss_threshold,2257.573,0.360967377279057,1.61309519632778,0.110091190159425,9,1,0.360967377279057,4.29166637429443,1.3210942819131,1.33913255760894
1,5,3,load_loss_threshold,2035.5365,0.325465564905672,1.5942042046134,0.0722926621900399,8,1,0.325465564905672,0.800788429070249,0.650633959710359,0.485563816699525
1,6,3,load_loss_threshold,2035.5365,0.325465564905672,1.5942042046134,0.0722926621900399,8,1,0.325465564905672,0.800788429070249,0.650633959710359,0.485563816699525
1,7,4,load_loss_threshold,4529.5,0.724229841243446,1.78712877002078,0.07604109714124,15,0,1,1,1,1
1,8,3,load_loss_threshold,2035.5365,0.325465564905672,1.5942042046134,0.143919842603161,9,1,0.325465564905672,2.25092820189633,1.43919842603161,0.93330466452899
1,9,3,load_loss_threshold,2257.573,0.360967377279057,1.81156969817874,0.140196849779235,9,1,0.360967377279057,5.68098788725118,2.24314959646775,1.80140792311122
1,10,3,load_loss_threshold,2035.5365,0.325465564905672,1.5942042046134,0.0722926621900399,8,1,0.325465564905672,0.800788429070249,0.650633959710359,0.485563816699525
2,1,4,load_loss_threshold,4432.0635,0.708650545310934,1.45725653091946,0.0814731446372992,12,0,1,1,1,1
2,2,4,load_loss_threshold,4432.0635,0.708650545310934,1.45725653091946,0.0814731446372992,12,0,1,1,1,1
2,3,4,load_loss_threshold,2562.286,0.409688482834817,1.45251384331978,0.119765556949845,7,1,0.409688482834817,1.35754152995934,2.15578002509721,0.948477400712201
2,4,4,load_loss_threshold,2562.286,0.409688482834817,1.45251384331978,0.119765556949845,7,1,0.409688482834817,1.35754152995934,2.15578002509721,0.948477400712201
2,5,4,load_loss_threshold,3023.779,0.483477422480465,1.43701409838526,0,8,0,1,1,1,1
2,6,4,load_loss_threshold,4432.0635,0.708650545310934,1.50655041922224,0.146860701857712,13,0,1,1,1,1
2,7,4,load_loss_threshold,3359.779,0.537201062321021,1.43701409838526,0.0477772429405795,12,0,1,1,1,1
2,8,3,load_loss_threshold,2562.286,0.409688482834817,1.45251384331978,0.119765556949845,7,1,0.409688482834817,1.35754152995934,2.15578002509721,0.948477400712201
2,9,4,load_loss_threshold,4432.0635,0.708650545310934,1.45725653091946,0.0814731446372992,12,0,1,1,1,1
2,10,3,load_loss_threshold,1911.1,0.305569190771686,1.43701409838526,0.0517745267372792,7,1,0.305569190771686,2.232787807165,0.724843374321909,0.774867750760393
3,1,1,no_new_outage,0,0,0.904973700489879,0,1,1,0,0,0,0
3,2,1,no_new_outage,0,0,0.904973700489879,0,1,1,0,0,0,0
3,3,1,no_new_outage,0,0,0.904973700489879,0,1,1,0,0,0,0
3,4,1,no_new_outage,0,0,0.904973700489879,0,1,1,0,0,0,0
3,5,1,no_new_outage,0,0,0.904973700489879,0,1,1,0,0,0,0
3,6,1,no_new_outage,0,0,0.904973700489879,0,1,1,0,0,0,0
3,7,1,no_new_outage,0,0,0.904973700489879,0,1,1,0,0,0,0
3,8,4,load_loss_threshold,2079.955,0.332567718168344,1.8085548522721,0.090992623778125,7,1,0.332567718168344,1.68279609097491,0.818933614003125,0.699886571896613
3,9,2,no_new_outage,0,0,0.930859411808122,0,2,1,0,0,0,0
3,10,1,no_new_outage,0,0,0.904973700489879,0,1,1,0,0,0,0
4,1,1,no_new_outage,0,0,0.894288254769496,0,1,1,0,0,0,0
4,2,1,no_new_outage,0,0,0.894288254769496,0,1,1,0,0,0,0
4,3,1,no_new_outage,0,0,0.894288254769496,0,1,1,0,0,0,0
4,4,1,no_new_outage,0,0,0.894288254769496,0,1,1,0,0,0,0
4,5,1,no_new_outage,0,0,0.894288254769496,0,1,1,0,0,0,0
4,6,1,no_new_outage,0,0,0.894288254769496,0,1,1,0,0,0,0
4,7,3,no_new_outage,9.2,0.0014710044242057,0.931618289191438,0,3,1,0.0014710044242057,0,0,0.000882602654523418
4,8,1,no_new_outage,0,0,0.894288254769496,0,1,1,0,0,0,0
4,9,1,no_new_outage,0,0,0.894288254769496,0,1,1,0,0,0,0
4,10,1,no_new_outage,0,0,0.894288254769496,0,1,1,0,0,0,0
5,1,1,no_new_outage,0,0,0.92542717786322,0,1,1,0,0,0,0
5,2,1,no_new_outage,0,0,0.92542717786322,0,1,1,0,0,0,0
5,3,3,load_loss_threshold,1981.63,0.316846358384645,1.74985633456269,0.203675516449993,7,1,0.316846358384645,5.24899434193883,0.611026549349979,1.36211199328855
5,4,1,no_new_outage,0,0,0.92542717786322,0,1,1,0,0,0,0
5,5,3,load_loss_threshold,2932.709,0.468916077598681,1.40951904365495,0.240544249436925,11,1,0.468916077598681,0,2.16489824493232,0.714329295545673
5,6,1,no_new_outage,0,0,0.92542717786322,0,1,1,0,0,0,0
5,7,4,load_loss_threshold,5144.6425,0.822586073745289,1.51959237552524,0.154793512908789,13,0,1,1,1,1
5,8,4,load_loss_threshold,3569.429,0.570722375096535,1.19644537835378,0.0177327626054099,11,0,1,1,1,1
5,9,1,no_new_outage,0,0,0.92542717786322,0,1,1,0,0,0,0
5,10,1,no_new_outage,0,0,0.92542717786322,0,1,1,0,0,0,0
6,1,1,no_new_outage,0,0,0.892399577545587,0,1,1,0,0,0,0
6,2,5,max_depth_reached,3123.63,0.499442777128439,1.20938815313484,0,8,1,0.499442777128439,0,0,0.299665666277064
6,3,3,no_new_outage,0,0,0.936446236668699,0,3,1,0,0,0,0
6,4,1,no_new_outage,0,0,0.892399577545587,0,1,1,0,0,0,0
6,5,1,no_new_outage,0,0,0.892399577545587,0,1,1,0,0,0,0
6,6,1,no_new_outage,0,0,0.892399577545587,0,1,1,0,0,0,0
6,7,1,no_new_outage,0,0,0.892399577545587,0,1,1,0,0,0,0
6,8,5,max_depth_reached,530.7,0.0848545704267352,1.7079566986931,0.00896237016130996,7,1,0.0848545704267352,2.8318267947724,0.0358494806452399,0.62444799733957
6,9,1,no_new_outage,0,0,0.892399577545587,0,1,1,0,0,0,0
6,10,1,no_new_outage,0,0,0.892399577545587,0,1,1,0,0,0,0
7,1,1,no_new_outage,0,0,0.893203331676368,0,1,1,0,0,0,0
7,2,1,no_new_outage,0,0,0.893203331676368,0,1,1,0,0,0,0
7,3,1,no_new_outage,0,0,0.893203331676368,0,1,1,0,0,0,0
7,4,1,no_new_outage,0,0,0.893203331676368,0,1,1,0,0,0,0
7,5,1,no_new_outage,0,0,0.893203331676368,0,1,1,0,0,0,0
7,6,1,no_new_outage,0,0,0.893203331676368,0,1,1,0,0,0,0
7,7,1,no_new_outage,0,0,0.893203331676368,0,1,1,0,0,0,0
7,8,1,no_new_outage,0,0,0.893203331676368,0,1,1,0,0,0,0
7,9,2,no_new_outage,680,0.10872641396303,0.898008143494464,0,2,1,0.10872641396303,0,0,0.0652358483778179
7,10,1,no_new_outage,0,0,0.893203331676368,0,1,1,0,0,0,0
8,1,1,no_new_outage,0,0,0.89718687636815,0,1,1,0,0,0,0
8,2,1,no_new_outage,0,0,0.89718687636815,0,1,1,0,0,0,0
8,3,1,no_new_outage,0,0,0.89718687636815,0,1,1,0,0,0,0
8,4,1,no_new_outage,0,0,0.89718687636815,0,1,1,0,0,0,0
8,5,1,no_new_outage,0,0,0.89718687636815,0,1,1,0,0,0,0
8,6,1,no_new_outage,0,0,0.89718687636815,0,1,1,0,0,0,0
8,7,1,no_new_outage,0,0,0.89718687636815,0,1,1,0,0,0,0
8,8,1,no_new_outage,0,0,0.89718687636815,0,1,1,0,0,0,0
8,9,3,load_loss_threshold,1981.63,0.316846358384645,1.68383492980377,0.00506353848096763,6,1,0.316846358384645,1.36766985960753,0.00506353848096763,0.464654494648487
8,10,1,no_new_outage,0,0,0.89718687636815,0,1,1,0,0,0,0
9,1,3,load_loss_threshold,2167.63,0.346586230439239,1.33572642041517,0.0483994818345053,6,1,0.346586230439239,0.543866512845081,0.241997409172526,0.365124522667065
9,2,3,load_loss_threshold,2371.96,0.379256918917277,1.33572642041517,0.104038959556726,9,1,0.379256918917277,0.0870503128527862,0.520194797783631,0.349003173477649
9,3,3,load_loss_threshold,2371.96,0.379256918917277,1.33572642041517,0.103368358880621,8,1,0.379256918917277,0.0852602005631262,0.516841794403106,0.347974550343613
9,4,1,no_new_outage,0,0,0.970578053289168,0,1,1,0,0,0,0
9,5,4,load_loss_threshold,3068.63,0.490648728940253,1.67714364783993,0.0709557181170506,17,1,0.490648728940253,0.129506015197538,0.141911436234101,0.34867272765048
9,6,3,load_loss_threshold,2371.96,0.379256918917277,1.33572642041517,0.103486725816869,6,1,0.379256918917277,0.0855765689971559,0.517433629084344,0.348156190966666
9,7,1,no_new_outage,0,0,0.970578053289168,0,1,1,0,0,0,0
9,8,3,load_loss_threshold,2371.96,0.379256918917277,1.33572642041517,0.103486725816869,5,1,0.379256918917277,0.0855765689971559,0.517433629084344,0.348156190966666
9,9,1,no_new_outage,0,0,0.970578053289168,0,1,1,0,0,0,0
9,10,3,load_loss_threshold,2371.96,0.379256918917277,1.33572642041517,0.103368358880621,9,1,0.379256918917277,0.0852602005631262,0.516841794403106,0.347974550343613
10,1,3,load_loss_threshold,2841.26,0.454294133730291,3.30758813707434,0.224529449478101,12,1,0.454294133730291,20.768293233669,3.14341229269342,5.05491758551067
10,2,3,load_loss_threshold,2661.63,0.425572772347675,2.67133851394444,0.0924475729940434,10,1,0.425572772347675,4.34195501222109,0.126535124780574,1.14904169080894
10,3,4,load_loss_threshold,2174.74,0.347723061032293,2.25957071995762,0.173180757268575,12,1,0.347723061032293,2.92854271384658,0.304716300358651,0.855285639460423
10,4,3,load_loss_threshold,2661.63,0.425572772347675,2.67133851394444,0.0924475729940434,11,1,0.425572772347675,4.34195501222109,0.126535124780574,1.14904169080894
10,5,4,load_loss_threshold,2802.406,0.448081698306586,2.67133851394444,0.244456059502701,12,1,0.448081698306586,2.40619459260962,2.24870789453606,1.19982951641309
10,6,3,load_loss_threshold,2661.63,0.425572772347675,2.67133851394444,0.0924475729940434,11,1,0.425572772347675,4.34195501222109,0.126535124780574,1.14904169080894
10,7,3,load_loss_threshold,4226.911,0.675848345839536,3.2035510631403,0.13482243128615,15,0,1,1,1,1
10,8,3,load_loss_threshold,2661.63,0.425572772347675,2.67133851394444,0.0924475729940434,11,1,0.425572772347675,4.34195501222109,0.126535124780574,1.14904169080894
10,9,3,load_loss_threshold,2661.63,0.425572772347675,2.67133851394444,0.0924475729940434,11,1,0.425572772347675,4.34195501222109,0.126535124780574,1.14904169080894
10,10,3,load_loss_threshold,2661.63,0.425572772347675,2.67133851394444,0.0924475729940434,10,1,0.425572772347675,4.34195501222109,0.126535124780574,1.14904169080894
11,1,3,load_loss_threshold,3546.4825,0.567053418246531,1.64455224614074,0.154793512908784,5,1,0.567053418246531,3.22276123070372,0,0.984784297088662
11,2,3,load_loss_threshold,3546.4825,0.567053418246531,1.64455224614074,0.154793512908784,5,1,0.567053418246531,3.22276123070372,0,0.984784297088662
11,3,3,load_loss_threshold,3546.4825,0.567053418246531,1.64455224614074,0.154793512908784,5,1,0.567053418246531,3.22276123070372,0,0.984784297088662
11,4,3,load_loss_threshold,3546.4825,0.567053418246531,1.64455224614074,0.154793512908784,5,1,0.567053418246531,3.22276123070372,0,0.984784297088662
11,5,3,load_loss_threshold,3546.4825,0.567053418246531,1.64455224614074,0.154793512908784,5,1,0.567053418246531,3.22276123070372,0,0.984784297088662
11,6,3,load_loss_threshold,3546.4825,0.567053418246531,1.64455224614074,0.154793512908784,5,1,0.567053418246531,3.22276123070372,0,0.984784297088662
11,7,3,load_loss_threshold,3546.4825,0.567053418246531,1.64455224614074,0.154793512908784,5,1,0.567053418246531,3.22276123070372,0,0.984784297088662
11,8,3,load_loss_threshold,3546.4825,0.567053418246531,1.64455224614074,0.154793512908784,5,1,0.567053418246531,3.22276123070372,0,0.984784297088662
11,9,3,load_loss_threshold,3546.4825,0.567053418246531,1.64455224614074,0.154793512908784,5,1,0.567053418246531,3.22276123070372,0,0.984784297088662
11,10,3,load_loss_threshold,3546.4825,0.567053418246531,1.64455224614074,0.154793512908784,5,1,0.567053418246531,3.22276123070372,0,0.984784297088662
12,1,3,load_loss_threshold,3553.3825,0.568156671564685,1.58425880967395,0.154793512908785,7,1,0.568156671564685,0.00494127833048963,0,0.341882258604909
12,2,3,load_loss_threshold,3553.3825,0.568156671564685,1.58466472935408,0.154793512908785,7,1,0.568156671564685,0.0851186895037612,0,0.357917740839563
12,3,3,load_loss_threshold,3553.3825,0.568156671564685,1.58425880967395,0.154793512908785,7,1,0.568156671564685,0.00494127833048963,0,0.341882258604909
12,4,3,load_loss_threshold,4534.78,0.725074069869512,1.5831881160718,0.154793512908787,10,1,0.725074069869512,0,0,0.435044441921707
12,5,2,load_loss_threshold,1963.9,0.314011477032344,1.42479750593056,0,4,1,0.314011477032344,0.849595011861118,0,0.35832588859163
12,6,3,load_loss_threshold,3553.3825,0.568156671564685,1.58466472935408,0.154793512908785,6,1,0.568156671564685,0.00286187584489883,0,0.341466378107791
12,7,3,load_loss_threshold,3553.3825,0.568156671564685,1.58466472935408,0.154793512908785,6,1,0.568156671564685,0.00286187584489883,0,0.341466378107791
12,8,3,load_loss_threshold,3553.3825,0.568156671564685,1.58466472935408,0.154793512908785,7,1,0.568156671564685,0.0851186895037612,0,0.357917740839563
12,9,3,load_loss_threshold,3553.3825,0.568156671564685,1.58466472935408,0.154793512908785,7,1,0.568156671564685,0.0851186895037612,0,0.357917740839563
12,10,3,load_loss_threshold,3553.3825,0.568156671564685,1.58466472935408,0.154793512908785,7,1,0.568156671564685,0.0851186895037612,0,0.357917740839563
13,1,3,load_loss_threshold,2295.22375,0.366987422912173,1.42936984982533,0.19822998144834,8,1,0.366987422912173,2.14684924912667,2.57698975882842,1.16496025533832
13,2,4,load_loss_threshold,1888.68,0.30198441694661,1.95819897417655,0.112030297197963,7,0,1,1,1,1
13,3,4,load_loss_threshold,2480.64,0.396633958137133,2.25118347535217,0.151322783886935,10,1,0.396633958137133,0.19480985540571,0,0.276942345963422
13,4,2,no_new_outage,8.53,0.00136387692809506,0.999127651443336,0,4,1,0.00136387692809506,0,0,0.000818326156857039
13,5,3,load_loss_threshold,2615.83,0.418249728583695,2.37090350201543,0.171690193769284,7,1,0.418249728583695,2.74180700403086,1.20183135638499,1.03967750923339
13,6,4,load_loss_threshold,2364.68,0.378092906720731,1.95819897417655,0.112030297197963,8,0,1,1,1,1
13,7,4,load_loss_threshold,2364.68,0.378092906720731,1.95819897417655,0.112030297197963,7,0,1,1,1,1
13,8,4,load_loss_threshold,1888.68,0.30198441694661,1.95819897417655,0.112030297197963,6,0,1,1,1,1
13,9,4,load_loss_threshold,4346.611,0.694987392532734,1.94450818283418,0.142746278683331,12,0,1,1,1,1
13,10,4,load_loss_threshold,2174.74,0.347723061032293,1.74696040768962,0.151795655071342,11,1,0.347723061032293,3.73480203844812,0.831680787313115,1.12193040177162
14,1,4,load_loss_threshold,3923.78405,0.627380836649755,1.658043567363,0.074438498785048,9,0,1,1,1,1
14,2,4,load_loss_threshold,3923.78405,0.627380836649755,1.658043567363,0.074438498785048,9,0,1,1,1,1
14,3,3,load_loss_threshold,4494.13,0.718574468799516,1.5882397344481,0.0938239831944371,11,1,0.718574468799516,2.35295893779241,0.65676788236106,1.0330900453104
14,4,3,load_loss_threshold,2328.63,0.372328807862838,1.75567803410604,0.102893719049983,8,1,0.372328807862838,3.77839017053019,0.926043471449847,1.16428401311371
14,5,3,load_loss_threshold,2798.659,0.447482583787293,1.3610399399816,0,7,0,1,1,1,1
14,6,4,load_loss_threshold,3923.78405,0.627380836649755,1.658043567363,0.074438498785048,9,0,1,1,1,1
14,7,4,load_loss_threshold,3923.78405,0.627380836649755,1.658043567363,0.074438498785048,9,0,1,1,1,1
14,8,4,load_loss_threshold,3923.78405,0.627380836649755,1.658043567363,0.074438498785048,9,0,1,1,1,1
14,9,3,load_loss_threshold,3029.75,0.484432136330132,1.3610399399816,0.0374843316572551,10,0,1,1,1,1
14,10,3,load_loss_threshold,2798.659,0.447482583787293,1.3610399399816,0.0240889405456277,8,0,1,1,1,1
15,1,1,no_new_outage,0,0,0.893257153613341,0,1,1,0,0,0,0
15,2,1,no_new_outage,0,0,0.893257153613341,0,1,1,0,0,0,0
15,3,1,no_new_outage,0,0,0.893257153613341,0,1,1,0,0,0,0
15,4,4,load_loss_threshold,4471.582,0.714969228825931,2.4309243813462,0.124060550596963,10,0,1,1,1,1
15,5,1,no_new_outage,0,0,0.893257153613341,0,1,1,0,0,0,0
15,6,1,no_new_outage,0,0,0.893257153613341,0,1,1,0,0,0,0
15,7,1,no_new_outage,0,0,0.893257153613341,0,1,1,0,0,0,0
15,8,1,no_new_outage,0,0,0.893257153613341,0,1,1,0,0,0,0
15,9,4,load_loss_threshold,2602.81,0.416167937539873,2.71692974325694,0.10439391820431,12,1,0.416167937539873,5.16688615662601,0.835151345634478,1.45010826297602
15,10,1,no_new_outage,0,0,0.893257153613341,0,1,1,0,0,0,0
16,1,4,load_loss_threshold,4658.7,0.744887859896422,1.59553542093556,0,11,1,0.744887859896422,0,0,0.446932715937853
16,2,2,load_loss_threshold,1888.1,0.301891679711171,1.32633364276164,0,3,1,0.301891679711171,0.326333642761641,0,0.246401736379031
16,3,4,load_loss_threshold,2341.6,0.374402604317398,1.59300129548812,0,9,1,0.374402604317398,0.113901139005004,0,0.24742179039144
16,4,4,load_loss_threshold,2341.6,0.374402604317398,1.59279230219321,0,8,1,0.374402604317398,0.114587318248085,0,0.247559026240056
16,5,2,load_loss_threshold,1888.1,0.301891679711171,1.32633364276164,0,3,1,0.301891679711171,0.326333642761641,0,0.246401736379031
16,6,4,load_loss_threshold,2341.6,0.374402604317398,1.6934793433835,0.0201515720871784,9,1,0.374402604317398,2.08043803015049,0.0604547162615353,0.652820111872844
16,7,3,load_loss_threshold,2801.63,0.44795762228124,1.56983860546474,0,5,1,0.44795762228124,0,0,0.268774573368744
16,8,4,load_loss_threshold,3021.6,0.483129018280428,1.59279230219321,0.057237533209016,9,1,0.483129018280428,0.743280304047477,0.457900265672128,0.530113524912178
16,9,4,load_loss_threshold,4220.8825,0.674884438212218,1.59334429908708,0.105493298256644,10,1,0.674884438212218,2.01624958115923,1.58239947384965,1.12466047392911
16,10,3,load_loss_threshold,3123.63,0.499442777128439,1.35875088344767,0,6,1,0.499442777128439,0,0,0.299665666277064
17,1,4,load_loss_threshold,4652.2,0.743848563292364,1.5946016965021,0,11,1,0.743848563292364,0,0,0.446309137975418
17,2,3,no_new_outage,1201.6,0.192125969144083,1.40090769591705,0,4,1,0.192125969144083,0,0,0.11527558148645
17,3,4,load_loss_threshold,2335.1,0.37336330771334,1.59183093587989,0,9,1,0.37336330771334,0.0984556338873677,0,0.243709111405477
17,4,4,load_loss_threshold,3015.1,0.482089721676369,1.59183093587989,0.0641394032467646,10,1,0.482089721676369,0.655504720853838,0.513115225974117,0.522977822371413
17,5,4,load_loss_threshold,4979.43,0.796169952176367,1.60578203929691,0.127641382829321,17,1,0.796169952176367,0.182899659985177,0.89348967980525,0.692979839263906
17,6,4,load_loss_threshold,2856.6,0.456746873715869,1.59192376262266,0,10,1,0.456746873715869,1.1289113432884,0,0.499830392887202
17,7,4,load_loss_threshold,3621.439,0.579038346846854,1.59318787129145,0,12,0,1,1,1,1
17,8,4,load_loss_threshold,2335.1,0.37336330771334,1.66521468464339,0,9,1,0.37336330771334,1.99564405393016,0,0.623146795414036
17,9,4,load_loss_threshold,3015.1,0.482089721676369,1.59183093587989,0.0350326920699138,9,1,0.482089721676369,0.579486913021187,0.105098076209741,0.426170830852007
17,10,4,load_loss_threshold,2335.1,0.37336330771334,1.59183093587989,0,8,1,0.37336330771334,0.0984556338873677,0,0.243709111405477
18,1,4,load_loss_threshold,2358.709,0.377138192871065,1.88348289673978,0.0646445749616035,7,0,1,1,1,1
18,2,2,no_new_outage,0,0,1.04753939239954,0,2,1,0,0,0,0
18,3,4,load_loss_threshold,2080.4575,0.332648063790427,1.78698415938159,0.169976887053966,7,1,0.332648063790427,3.14793663752634,3.05958396697138,1.4410929591738
18,4,4,load_loss_threshold,1882.709,0.301029703096944,1.88348289673978,0.0646445749616035,6,0,1,1,1,1
18,5,4,load_loss_threshold,2080.4575,0.332648063790427,1.88348289673978,0.23621265009545,6,1,0.332648063790427,1.82255378117053,4.25182770171809,1.41446513485198
18,6,4,load_loss_threshold,2080.4575,0.332648063790427,1.88348289673978,0.23621265009545,6,1,0.332648063790427,1.82255378117053,4.25182770171809,1.41446513485198
18,7,2,no_new_outage,0,0,1.04753939239954,0,3,1,0,0,0,0
18,8,2,no_new_outage,0,0,1.04753939239954,0,2,1,0,0,0,0
18,9,2,no_new_outage,0,0,1.04753939239954,0,2,1,0,0,0,0
18,10,4,load_loss_threshold,3646.607395,0.583062566455023,1.6508896112092,0.24446718134556,10,0,1,1,1,1
19,1,4,load_loss_threshold,2649.5272,0.423637634049276,1.45579087964015,0.139118574508678,11,1,0.423637634049276,0.455790879640149,0.556474298034712,0.456635615964537
19,2,4,load_loss_threshold,2080.4575,0.332648063790427,1.88483735241477,0.266245898525445,7,1,0.332648063790427,2.31098243277381,4.79242617345801,1.62027055952062
19,3,2,no_new_outage,0,0,1.0548132325076,0.0176307941523266,3,1,0,0,0.0352615883046532,0.00705231766093064
19,4,4,load_loss_threshold,2024.8072,0.323750037974299,1.67059632831189,0.202910212695658,8,1,0.323750037974299,2.01178898493566,3.65238382852185,1.32708458547608
19,5,4,load_loss_threshold,3284.16,0.525110205412976,2.13754805353163,0.206840725488072,11,1,0.525110205412976,0.745975336889736,0,0.464261190625733
19,6,4,load_loss_threshold,3204.379,0.512353878894764,2.52160188204439,0.222321015415549,11,0,1,1,1,1
19,7,3,load_loss_threshold,2364.68,0.378092906720731,1.19285070471405,0.0239280589860852,8,0,1,1,1,1
19,8,5,max_depth_reached,2553.48505,0.408281283227512,1.39410024902888,0.0657250981914851,9,0,1,1,1,1
19,9,5,max_depth_reached,3575.4,0.571677088946201,2.62680493388299,0.235009383377356,13,0,1,1,1,1
19,10,2,no_new_outage,0,0,1.0548132325076,0.0176307941523266,3,1,0,0,0.0352615883046532,0.00705231766093064
20,1,3,load_loss_threshold,3204.379,0.512353878894764,2.47379982300029,0.190361874011052,9,0,1,1,1,1
20,2,1,no_new_outage,0,0,0.950547592305146,0,1,1,0,0,0,0
20,3,3,load_loss_threshold,3204.379,0.512353878894764,2.49177140654643,0.178736115210808,9,0,1,1,1,1
20,4,1,no_new_outage,0,0,0.950547592305146,0,1,1,0,0,0,0
20,5,3,load_loss_threshold,3204.379,0.512353878894764,2.47379982300029,0.190361874011052,8,0,1,1,1,1
20,6,3,load_loss_threshold,2358.709,0.377138192871065,1.87955846718616,0.0518548284253001,8,0,1,1,1,1
20,7,1,no_new_outage,0,0,0.950547592305146,0,1,1,0,0,0,0
20,8,3,load_loss_threshold,2358.709,0.377138192871065,1.87955846718616,0.0518548284253001,6,0,1,1,1,1
20,9,3,load_loss_threshold,2080.4575,0.332648063790427,1.87955846718616,0.211556699113778,5,1,0.332648063790427,1.78629600547146,4.01957728316179,1.36076349600091
20,10,3,load_loss_threshold,3204.379,0.512353878894764,2.47379982300029,0.190361874011052,9,0,1,1,1,1
21,1,1,no_new_outage,0,0,0.892655107140267,0,1,1,0,0,0,0
21,2,1,no_new_outage,0,0,0.892655107140267,0,1,1,0,0,0,0
21,3,2,no_new_outage,0,0,0.893710890865434,0,2,1,0,0,0,0
21,4,1,no_new_outage,0,0,0.892655107140267,0,1,1,0,0,0,0
21,5,1,no_new_outage,0,0,0.892655107140267,0,1,1,0,0,0,0
21,6,1,no_new_outage,0,0,0.892655107140267,0,1,1,0,0,0,0
21,7,2,no_new_outage,0,0,0.919078121291911,0,2,1,0,0,0,0
21,8,2,no_new_outage,0,0,0.90026222906808,0,2,1,0,0,0,0
21,9,1,no_new_outage,0,0,0.892655107140267,0,1,1,0,0,0,0
21,10,1,no_new_outage,0,0,0.892655107140267,0,1,1,0,0,0,0
22,1,2,no_new_outage,0,0,0.931446629957546,0,2,1,0,0,0,0
22,2,4,load_loss_threshold,3585.995,0.573371142410816,2.04799281151085,0.158673237321251,15,1,0.573371142410816,6.2879568690651,1.58673237321251,1.91896053390201
22,3,1,no_new_outage,0,0,0.891866954700664,0,1,1,0,0,0,0
22,4,1,no_new_outage,0,0,0.891866954700664,0,1,1,0,0,0,0
22,5,1,no_new_outage,0,0,0.891866954700664,0,1,1,0,0,0,0
22,6,1,no_new_outage,0,0,0.891866954700664,0,1,1,0,0,0,0
22,7,4,load_loss_threshold,4372.42,0.699114039617986,1.4457175369637,0.0744615361060423,14,0,1,1,1,1
22,8,1,no_new_outage,0,0,0.891866954700664,0,1,1,0,0,0,0
22,9,1,no_new_outage,0,0,0.891866954700664,0,1,1,0,0,0,0
22,10,4,load_loss_threshold,3552.88,0.568076325942602,2.48630896480486,0.154793512908783,8,1,0.568076325942602,13.3767806832437,0.0246616758058541,3.02113426737547
23,1,2,no_new_outage,8.53,0.00136387692809506,1.25395349321763,0,4,1,0.00136387692809506,0,0,0.000818326156857039
23,2,2,no_new_outage,8.53,0.00136387692809506,1.25395349321763,0,3,1,0.00136387692809506,0,0,0.000818326156857039
23,3,2,no_new_outage,8.53,0.00136387692809506,1.25395349321763,0,3,1,0.00136387692809506,0,0,0.000818326156857039
23,4,4,load_loss_threshold,2889.0746875,0.461939309475347,1.44517717290928,0.227589916849164,9,1,0.461939309475347,0.707851064692644,1.28597362440466,0.675928523504668
23,5,4,load_loss_threshold,3559.78,0.569179579260756,1.59614184836564,0.154793512908789,8,1,0.569179579260756,0.171422294219242,0,0.375792206400302
23,6,4,load_loss_threshold,4886.135,0.781252848072425,1.49354045523747,0.230435453092939,15,1,0.781252848072425,0,0,0.468751708843455
23,7,5,max_depth_reached,2364.68,0.378092906720731,1.86625818881929,0.147983350561393,8,1,0.378092906720731,1.55473196480396,1.92378355729811,0.922558848452854
23,8,4,load_loss_threshold,2364.68,0.378092906720731,1.85371999690975,0.0502589950043075,8,0,1,1,1,1
23,9,4,load_loss_threshold,3210.35,0.51330859274443,2.46278418882396,0.206014363161984,11,0,1,1,1,1
23,10,4,load_loss_threshold,3546.35,0.567032232584986,2.34289018496303,0.199623686396635,11,0,1,1,1,1
24,1,1,no_new_outage,0,0,0.900144279279015,0,1,1,0,0,0,0
24,2,1,no_new_outage,0,0,0.900144279279015,0,1,1,0,0,0,0
24,3,1,no_new_outage,0,0,0.900144279279015,0,1,1,0,0,0,0
24,4,1,no_new_outage,0,0,0.900144279279015,0,1,1,0,0,0,0
24,5,1,no_new_outage,0,0,0.900144279279015,0,1,1,0,0,0,0
24,6,1,no_new_outage,0,0,0.900144279279015,0,1,1,0,0,0,0
24,7,5,max_depth_reached,2364.68,0.378092906720731,1.95697921864506,0.109805655253837,8,0,1,1,1,1
24,8,1,no_new_outage,0,0,0.900144279279015,0,1,1,0,0,0,0
24,9,1,no_new_outage,0,0,0.900144279279015,0,1,1,0,0,0,0
24,10,1,no_new_outage,0,0,0.900144279279015,0,1,1,0,0,0,0
25,1,2,no_new_outage,0,0,0.905940142999044,0,2,1,0,0,0,0
25,2,1,no_new_outage,0,0,0.903695953378599,0,1,1,0,0,0,0
25,3,1,no_new_outage,0,0,0.903695953378599,0,1,1,0,0,0,0
25,4,4,load_loss_threshold,3923.377,0.627315752698574,2.283709823375,0.277240299210799,11,0,1,1,1,1
25,5,1,no_new_outage,0,0,0.903695953378599,0,1,1,0,0,0,0
25,6,1,no_new_outage,0,0,0.903695953378599,0,1,1,0,0,0,0
25,7,1,no_new_outage,0,0,0.903695953378599,0,1,1,0,0,0,0
25,8,1,no_new_outage,0,0,0.903695953378599,0,1,1,0,0,0,0
25,9,1,no_new_outage,0,0,0.903695953378599,0,1,1,0,0,0,0
25,10,1,no_new_outage,0,0,0.903695953378599,0,1,1,0,0,0,0
26,1,3,load_loss_threshold,2748.6,0.439478560909976,1.14004818149569,0,4,1,0.439478560909976,0.140048181495691,0,0.291696772845124
26,2,1,no_new_outage,0,0,0.918333774721762,0,1,1,0,0,0,0
26,3,1,no_new_outage,0,0,0.918333774721762,0,1,1,0,0,0,0
26,4,1,no_new_outage,0,0,0.918333774721762,0,1,1,0,0,0,0
26,5,1,no_new_outage,0,0,0.918333774721762,0,1,1,0,0,0,0
26,6,4,load_loss_threshold,3369.23,0.538712199583322,1.68937474389229,0.181542993079582,7,1,0.538712199583322,2.06812423167688,1.99697292387541,1.13624675086045
26,7,1,no_new_outage,0,0,0.918333774721762,0,1,1,0,0,0,0
26,8,2,no_new_outage,1839.1,0.294056982234424,0.918333774721762,0,2,1,0.294056982234424,0,0,0.176434189340654
26,9,1,no_new_outage,0,0,0.918333774721762,0,1,1,0,0,0,0
26,10,3,load_loss_threshold,2576.29,0.411927607395315,1.73525418415402,0.0962077419753512,7,1,0.411927607395315,2.20576255246205,0.384830967901405,0.765275268509879
27,1,1,no_new_outage,680,0.10872641396303,0.863889224990742,0,1,1,0.10872641396303,0,0,0.0652358483778179
27,2,1,no_new_outage,680,0.10872641396303,0.863889224990742,0,1,1,0.10872641396303,0,0,0.0652358483778179
27,3,1,no_new_outage,680,0.10872641396303,0.863889224990742,0,1,1,0.10872641396303,0,0,0.0652358483778179
27,4,4,load_loss_threshold,2701.646,0.431971002025829,1.60390923941676,0.0686081067624129,8,1,0.431971002025829,0.249214924494525,1.02912160143619,0.514849906401641
27,5,1,no_new_outage,680,0.10872641396303,0.863889224990742,0,1,1,0.10872641396303,0,0,0.0652358483778179
27,6,1,no_new_outage,680,0.10872641396303,0.863889224990742,0,1,1,0.10872641396303,0,0,0.0652358483778179
27,7,4,load_loss_threshold,3997.829,0.639220015893243,1.72669146864491,0.0550668669674202,10,0,1,1,1,1
27,8,1,no_new_outage,680,0.10872641396303,0.863889224990742,0,1,1,0.10872641396303,0,0,0.0652358483778179
27,9,3,load_loss_threshold,2661.63,0.425572772347675,2.41987133678067,0.0259010415117061,6,1,0.425572772347675,4.25961401034202,0.0777031245351184,1.12280709038403
27,10,1,no_new_outage,680,0.10872641396303,0.863889224990742,0,1,1,0.10872641396303,0,0,0.0652358483778179
28,1,5,max_depth_reached,3434.63,0.549169122338002,1.74926059290606,0.212404606639498,10,0,1,1,1,1
28,2,4,load_loss_threshold,5052.63,0.807874030855917,1.60665083369155,0.0678852410820452,14,1,0.807874030855917,0,0,0.48472441851355
28,3,4,load_loss_threshold,1967.98,0.314663835516123,1.87384341340195,0.0987318487965925,7,1,0.314663835516123,2.07660138979954,1.08605033676252,0.821328646622084
28,4,5,max_depth_reached,3391.8061,0.542321932516073,2.17148012624717,0.190666561119141,11,0,1,1,1,1
28,5,5,max_depth_reached,3434.63,0.549169122338002,1.74926963018034,0.212404606639498,12,0,1,1,1,1
28,6,5,max_depth_reached,5052.63,0.807874030855917,1.82857168090354,0.0773331227032604,12,1,0.807874030855917,0.0027697333532577,0,0.485278365184202
28,7,4,load_loss_threshold,4683.11,0.748790818374124,1.82272811908791,0.212404606639498,14,1,0.748790818374124,0,1.06202303319749,0.661679097663973
28,8,5,max_depth_reached,5052.63,0.807874030855917,1.82857168090354,0.109578936822546,13,1,0.807874030855917,0.0027697333532577,0,0.485278365184202
28,9,5,max_depth_reached,5052.63,0.807874030855917,1.82857168090354,0.0773331227032604,12,1,0.807874030855917,0.0027697333532577,0,0.485278365184202
28,10,4,load_loss_threshold,2471.5825,0.395185738292324,1.83386347066746,0.0931705921632516,6,1,0.395185738292324,2.35670051824329,1.67707065893853,1.04386567841176
29,1,1,no_new_outage,0,0,0.899347585471624,0,1,1,0,0,0,0
29,2,1,no_new_outage,0,0,0.899347585471624,0,1,1,0,0,0,0
29,3,3,no_new_outage,0,0,0.927471554854663,0,3,1,0,0,0,0
29,4,1,no_new_outage,0,0,0.899347585471624,0,1,1,0,0,0,0
29,5,1,no_new_outage,0,0,0.899347585471624,0,1,1,0,0,0,0
29,6,4,load_loss_threshold,3199.829,0.511626371271923,1.49155068395237,0.0469733350050274,9,1,0.511626371271923,3.93240547161897,0.516706685055302,1.19679825409801
29,7,2,no_new_outage,0,0,0.903038403913957,0,2,1,0,0,0,0
29,8,1,no_new_outage,0,0,0.899347585471624,0,1,1,0,0,0,0
29,9,1,no_new_outage,0,0,0.899347585471624,0,1,1,0,0,0,0
29,10,3,no_new_outage,680,0.10872641396303,1.03399029542273,0,3,1,0.10872641396303,0,0,0.0652358483778179
30,1,3,load_loss_threshold,4152.095,0.663885882035039,1.93606994004742,0.0939954714796342,15,1,0.663885882035039,0.0844030161710445,0.469977357398171,0.509207603934866
30,2,3,load_loss_threshold,3452.6,0.55204237771876,1.1432131424132,0.0891506739862735,7,1,0.55204237771876,0.27852444573419,0.891506739862735,0.565231663750641
30,3,1,no_new_outage,0,0,0.92378915620672,0,1,1,0,0,0,0
30,4,1,no_new_outage,0,0,0.92378915620672,0,1,1,0,0,0,0
30,5,1,no_new_outage,0,0,0.92378915620672,0,1,1,0,0,0,0
30,6,1,no_new_outage,0,0,0.92378915620672,0,1,1,0,0,0,0
30,7,3,load_loss_threshold,3464.8445,0.554000172683128,1.52806372668863,0.113746852347538,6,1,0.554000172683128,2.11225490675451,1.13746852347538,0.982344789655855
30,8,1,no_new_outage,0,0,0.92378915620672,0,1,1,0,0,0,0
30,9,1,no_new_outage,0,0,0.92378915620672,0,1,1,0,0,0,0
30,10,3,load_loss_threshold,3281.63,0.52470567919632,1.20838132606577,0,6,1,0.52470567919632,0.208381326065775,0,0.356499672730947
31,1,3,no_new_outage,0,0,0.921002861563526,0,3,1,0,0,0,0
31,2,1,no_new_outage,0,0,0.896383787614332,0,1,1,0,0,0,0
31,3,1,no_new_outage,0,0,0.896383787614332,0,1,1,0,0,0,0
31,4,2,no_new_outage,0,0,0.897566349868203,0,2,1,0,0,0,0
31,5,1,no_new_outage,0,0,0.896383787614332,0,1,1,0,0,0,0
31,6,1,no_new_outage,0,0,0.896383787614332,0,1,1,0,0,0,0
31,7,1,no_new_outage,0,0,0.896383787614332,0,1,1,0,0,0,0
31,8,1,no_new_outage,0,0,0.896383787614332,0,1,1,0,0,0,0
31,9,1,no_new_outage,0,0,0.896383787614332,0,1,1,0,0,0,0
31,10,1,no_new_outage,0,0,0.896383787614332,0,1,1,0,0,0,0
32,1,5,max_depth_reached,3283.01,0.524926329859951,1.62110383691292,0.104590124609335,16,0,1,1,1,1
32,2,2,no_new_outage,680,0.10872641396303,1.02815456959594,0,2,1,0.10872641396303,0,0,0.0652358483778179
32,3,3,no_new_outage,680,0.10872641396303,1.02815456959594,0,3,1,0.10872641396303,0,0,0.0652358483778179
32,4,5,max_depth_reached,1861.3065,0.29760761916335,1.45725653091946,0.0814731446372992,7,1,0.29760761916335,2.74353918551679,1.46651660347138,1.02057572929564
32,5,2,no_new_outage,680,0.10872641396303,1.02815456959594,0,2,1,0.10872641396303,0,0,0.0652358483778179
32,6,2,no_new_outage,680,0.10872641396303,1.02815456959594,0,3,1,0.10872641396303,0,0,0.0652358483778179
32,7,2,no_new_outage,680,0.10872641396303,1.02815456959594,0,2,1,0.10872641396303,0,0,0.0652358483778179
32,8,2,no_new_outage,680,0.10872641396303,1.02815456959594,0,2,1,0.10872641396303,0,0,0.0652358483778179
32,9,2,no_new_outage,680,0.10872641396303,1.02815456959594,0,2,1,0.10872641396303,0,0,0.0652358483778179
32,10,5,max_depth_reached,4080.079,0.652371115229213,1.68287945193218,0.240544249436925,12,1,0.652371115229213,0.682879451932182,2.16489824493232,0.960978208510429
33,1,2,no_new_outage,0,0,0.920446571938381,0,2,1,0,0,0,0
33,2,4,load_loss_threshold,2289.146125,0.366015660600905,1.47455175705342,0.252550696181495,11,1,0.366015660600905,0.949103514106846,2.27295626563346,0.864021352308604
33,3,1,no_new_outage,0,0,0.918113906451442,0,1,1,0,0,0,0
33,4,1,no_new_outage,0,0,0.918113906451442,0,1,1,0,0,0,0
33,5,1,no_new_outage,0,0,0.918113906451442,0,1,1,0,0,0,0
33,6,1,no_new_outage,0,0,0.918113906451442,0,1,1,0,0,0,0
33,7,4,load_loss_threshold,2352.269,0.376108489774121,1.46923489680909,0.154898353235231,7,1,0.376108489774121,2.0575608972602,1.39408517911708,0.915994309139928
33,8,4,load_loss_threshold,3801.129,0.607769301736585,1.78411942505889,0.0726836624609867,11,0,1,1,1,1
33,9,4,load_loss_threshold,3521.829,0.563111526119123,1.77928893233081,0.0535246484304445,10,0,1,1,1,1
33,10,4,load_loss_threshold,3521.829,0.563111526119123,1.77928893233081,0.0535246484304445,10,0,1,1,1,1
34,1,1,no_new_outage,0,0,0.919452971624252,0,1,1,0,0,0,0
34,2,4,load_loss_threshold,3521.829,0.563111526119123,1.77967235662583,0.0478770270257641,10,0,1,1,1,1
34,3,5,max_depth_reached,4370.77,0.698850218172341,1.67643890271815,0.218872394594459,13,1,0.698850218172341,1.97156054736474,1.0943619729723,1.03249463497081
34,4,1,no_new_outage,0,0,0.919452971624252,0,1,1,0,0,0,0
34,5,4,load_loss_threshold,2597.759,0.415360324132627,1.91637668890177,0.240544249436925,13,1,0.415360324132627,4.58188344450887,3.60816374155387,1.88722563169213
34,6,1,no_new_outage,0,0,0.919452971624252,0,1,1,0,0,0,0
34,7,3,load_loss_threshold,2232.709,0.356991827930856,1.42365804241633,0.240544249436918,11,1,0.356991827930856,0,2.16489824493226,0.647174745744966
34,8,3,load_loss_threshold,2708.709,0.433100317704977,1.75353361224306,0.240544249436925,13,1,0.433100317704977,2.26060083672917,4.8108849887385,1.67415735571652
34,9,1,no_new_outage,0,0,0.919452971624252,0,1,1,0,0,0,0
34,10,1,no_new_outage,0,0,0.919452971624252,0,1,1,0,0,0,0
35,1,4,load_loss_threshold,2747.979,0.439379268111342,1.5897252236166,0.104590124609335,13,0,1,1,1,1
35,2,3,load_loss_threshold,2747.979,0.439379268111342,1.5897252236166,0.104590124609335,13,0,1,1,1,1
35,3,3,load_loss_threshold,2747.979,0.439379268111342,1.5897252236166,0,9,0,1,1,1,1
35,4,3,load_loss_threshold,2747.979,0.439379268111342,1.5897252236166,0.104590124609335,13,0,1,1,1,1
35,5,4,load_loss_threshold,2497.5325,0.399334930119295,2.57201458119669,0.218684221360005,10,1,0.399334930119295,6.28805832478678,3.71763176312008,2.24073897565295
35,6,4,load_loss_threshold,1987.5325,0.317790119647023,1.96014116218512,0.0440227384282649,7,1,0.317790119647023,6.72098813529587,0.352181907426119,1.60530808033261
35,7,3,load_loss_threshold,2923.29155,0.467410304705775,1.85624760581012,0.115794864234812,14,0,1,1,1,1
35,8,4,load_loss_threshold,2747.979,0.439379268111342,1.85453841982834,0,10,0,1,1,1,1
35,9,4,load_loss_threshold,2747.979,0.439379268111342,1.5897252236166,0.104590124609335,15,0,1,1,1,1
35,10,3,load_loss_threshold,2747.979,0.439379268111342,1.5897252236166,0.104590124609335,13,0,1,1,1,1
36,1,1,no_new_outage,0,0,0.893782333638198,0,1,1,0,0,0,0
36,2,1,no_new_outage,0,0,0.893782333638198,0,1,1,0,0,0,0
36,3,1,no_new_outage,0,0,0.893782333638198,0,1,1,0,0,0,0
36,4,1,no_new_outage,0,0,0.893782333638198,0,1,1,0,0,0,0
36,5,1,no_new_outage,0,0,0.893782333638198,0,1,1,0,0,0,0
36,6,3,no_new_outage,0,0,0.898776171351672,0,3,1,0,0,0,0
36,7,4,load_loss_threshold,2576.29,0.411927607395315,1.47417359752197,0.0898036093548267,8,1,0.411927607395315,1.8966943900879,0.449018046774133,0.716299051809596
36,8,1,no_new_outage,0,0,0.893782333638198,0,1,1,0,0,0,0
36,9,1,no_new_outage,0,0,0.893782333638198,0,1,1,0,0,0,0
36,10,1,no_new_outage,0,0,0.893782333638198,0,1,1,0,0,0,0
37,1,3,load_loss_threshold,2358.709,0.377138192871065,1.36153057199877,0.0197806012943069,10,0,1,1,1,1
37,2,1,no_new_outage,0,0,0.918164055228909,0,1,1,0,0,0,0
37,3,4,load_loss_threshold,3997.829,0.639220015893243,1.77866415869047,0.0524929330183044,11,0,1,1,1,1
37,4,1,no_new_outage,0,0,0.918164055228909,0,1,1,0,0,0,0
37,5,4,load_loss_threshold,4336.28915,0.693337013509257,1.77866415869047,0.0542601274830233,11,0,1,1,1,1
37,6,3,load_loss_threshold,2358.709,0.377138192871065,1.82913408411043,0.240544249436925,9,1,0.377138192871065,0.829134084110426,2.16489824493232,0.825089381531189
37,7,1,no_new_outage,0,0,0.918164055228909,0,1,1,0,0,0,0
37,8,3,load_loss_threshold,1981.63,0.316846358384645,2.52524758751262,0.00731232300005213,8,1,0.316846358384645,6.10099035005047,0.00731232300005213,1.41176834964089
37,9,1,no_new_outage,0,0,0.918164055228909,0,1,1,0,0,0,0
37,10,5,max_depth_reached,4336.28915,0.693337013509257,1.78286623549288,0.102275750261203,13,0,1,1,1,1
38,1,5,max_depth_reached,5052.63,0.807874030855917,1.82857168090354,0.0773331227032604,13,1,0.807874030855917,0.0027697333532577,0,0.485278365184202
38,2,4,load_loss_threshold,3734.51,0.597117470895698,2.23882019509098,0.0774318055921273,12,0,1,1,1,1
38,3,4,load_loss_threshold,1961.5825,0.313640927820051,1.86092104769272,0.140210115421118,8,1,0.313640927820051,2.17724660756088,2.383571962159,1.10034827063601
38,4,5,max_depth_reached,5112.71,0.817480329313121,1.82857168090354,0.143171896328637,17,1,0.817480329313121,0.00269685102267592,0,0.491027567792408
38,5,4,load_loss_threshold,2729.73,0.436461402922502,1.87597507789298,0,11,0,1,1,1,1
38,6,4,load_loss_threshold,2253.73,0.360352913148381,1.68949878192746,0,9,0,1,1,1,1
38,7,5,max_depth_reached,5112.71,0.817480329313121,1.87296699292977,0.0502768601140083,15,1,0.817480329313121,0.00269685102267592,0,0.491027567792408
38,8,4,load_loss_threshold,1967.98,0.314663835516123,1.87597507789298,0.0987318487965925,9,1,0.314663835516123,2.07660138979954,1.08605033676252,0.821328646622084
38,9,3,load_loss_threshold,3613.34,0.577743383278197,1.46625274417149,0.0471004268645071,14,0,1,1,1,1
38,10,4,load_loss_threshold,2729.73,0.436461402922502,1.87965119838842,0,10,0,1,1,1,1
39,1,1,no_new_outage,0,0,0.913756979917751,0,1,1,0,0,0,0
39,2,1,no_new_outage,0,0,0.913756979917751,0,1,1,0,0,0,0
39,3,1,no_new_outage,0,0,0.913756979917751,0,1,1,0,0,0,0
39,4,1,no_new_outage,0,0,0.913756979917751,0,1,1,0,0,0,0
39,5,1,no_new_outage,0,0,0.913756979917751,0,1,1,0,0,0,0
39,6,1,no_new_outage,0,0,0.913756979917751,0,1,1,0,0,0,0
39,7,4,load_loss_threshold,4011.3948,0.641389075873449,2.50131306103933,0.12562023774199,10,1,0.641389075873449,7.50656530519664,2.26116427935583,2.33837936243456
39,8,5,max_depth_reached,4151.572,0.663802258631358,2.13671419741403,0.065500495023341,11,1,0.663802258631358,5.68357098707015,1.1135084153968,1.7576972356722
39,9,2,no_new_outage,0,0,0.91449592150853,0,2,1,0,0,0,0
39,10,3,load_loss_threshold,2146.606,0.343224665546358,1.68594443291483,0.0161960452214605,6,1,0.343224665546358,4.115666597489,0,1.02906811882561
40,1,4,load_loss_threshold,3896.21,0.622971972568965,1.8555379234032,0.0417687196601862,13,0,1,1,1,1
40,2,4,load_loss_threshold,4683.11,0.748790818374124,1.85071159491078,0.199992902465965,12,1,0.748790818374124,0,0.999964512329824,0.649267393490439
40,3,4,load_loss_threshold,3896.21,0.622971972568965,1.85071159491078,0.0383912130319604,12,0,1,1,1,1
40,4,4,load_loss_threshold,4683.11,0.748790818374124,1.85071159491078,0.199992902465965,13,1,0.748790818374124,0,0.999964512329824,0.649267393490439
40,5,4,load_loss_threshold,4014.111,0.641823373940517,1.63867084593541,0.0865326039994933,11,1,0.641823373940517,0.101398983445526,0.557957976309292,0.516965416315274
40,6,4,load_loss_threshold,3896.21,0.622971972568965,1.85071159491078,0.0383912130319604,12,0,1,1,1,1
40,7,4,load_loss_threshold,3896.21,0.622971972568965,1.85071159491078,0.0383912130319604,11,0,1,1,1,1
40,8,4,load_loss_threshold,3326.879,0.531940622586633,1.63867084593541,0.0803512441476495,10,0,1,1,1,1
40,9,3,load_loss_threshold,2632.6825,0.420944304894447,1.63867084593541,0.0394223014890643,7,1,0.420944304894447,2.6417137015283,0.473067617868772,0.875522846816082
40,10,4,load_loss_threshold,2248.4575,0.359509883710705,1.63867084593541,0.0561890384948179,7,1,0.359509883710705,0.10731023559516,0.561890384948179,0.349546054335091
41,1,1,no_new_outage,0,0,0.920663438834219,0,1,1,0,0,0,0
41,2,3,load_loss_threshold,2358.709,0.377138192871065,1.46861018735001,0,7,0,1,1,1,1
41,3,4,load_loss_threshold,3356.87155,0.536736184950026,1.55056481260447,0.232973056529994,12,0,1,1,1,1
41,4,1,no_new_outage,0,0,0.920663438834219,0,1,1,0,0,0,0
41,5,1,no_new_outage,0,0,0.920663438834219,0,1,1,0,0,0,0
41,6,3,load_loss_threshold,3200.52,0.511736856495524,1.67900009661206,0.203045637539615,9,1,0.511736856495524,3.39500048306032,1.4213194627773,1.27030610306484
41,7,4,load_loss_threshold,2358.709,0.377138192871065,1.57750932219717,0.240544249436925,10,1,0.377138192871065,1.73252796659152,2.8865309932431,1.15009470768956
41,8,1,no_new_outage,0,0,0.920663438834219,0,1,1,0,0,0,0
41,9,4,load_loss_threshold,4958.14,0.792765856068613,1.70202845567477,0.183084740469915,12,1,0.792765856068613,0,0,0.475659513641168
41,10,1,no_new_outage,0,0,0.920663438834219,0,1,1,0,0,0,0
42,1,3,load_loss_threshold,2240.7595,0.358279036747929,2.05550353849092,0.108013459717017,6,1,0.358279036747929,6.33302123094553,1.40417497632122,1.76240666350211
42,2,3,load_loss_threshold,4336.16,0.693316363485193,1.58472769632986,0.0311477837663713,9,0,1,1,1,1
42,3,3,load_loss_threshold,2476.846,0.396027328703933,1.58472769632986,0.0681729702248969,5,1,0.396027328703933,3.40014747009307,1.15894049382325,1.14943399000562
42,4,4,load_loss_threshold,4683.11,0.748790818374124,1.80760747041827,0.199992902465965,12,1,0.748790818374124,0,0.999964512329824,0.649267393490439
42,5,3,load_loss_threshold,4686.16,0.749278488319106,1.58472769632986,0.00377825643501084,12,0,1,1,1,1
42,6,4,load_loss_threshold,2955.459,0.472553615712886,1.58472769632986,0.0201859685407839,7,0,1,1,1,1
42,7,3,load_loss_threshold,2240.7595,0.358279036747929,2.02976356479663,0.0695971976595734,5,1,0.358279036747929,6.1785813887798,0.765569174255307,1.60379753465578
42,8,4,load_loss_threshold,2719.8325,0.434878873978092,1.58472769632986,0.0201859685407839,6,1,0.434878873978092,0.0759900257298591,0.0689985700438949,0.289925043541606
42,9,4,load_loss_threshold,3480.135,0.556444998025336,2.30665778755216,0.175649770737772,13,1,0.556444998025336,7.83994672531298,2.10779724885327,2.32341579364845
42,10,4,load_loss_threshold,2955.459,0.472553615712886,1.58472769632986,0.0201859685407839,7,0,1,1,1,1
43,1,1,no_new_outage,0,0,0.895371774450082,0,1,1,0,0,0,0
43,2,1,no_new_outage,0,0,0.895371774450082,0,1,1,0,0,0,0
43,3,1,no_new_outage,0,0,0.895371774450082,0,1,1,0,0,0,0
43,4,1,no_new_outage,0,0,0.895371774450082,0,1,1,0,0,0,0
43,5,2,no_new_outage,0,0,0.952580372978752,0,2,1,0,0,0,0
43,6,1,no_new_outage,0,0,0.895371774450082,0,1,1,0,0,0,0
43,7,2,no_new_outage,206,0.0329377077593884,0.896597326701322,0,2,1,0.0329377077593884,0,0,0.0197626246556331
43,8,5,max_depth_reached,2086.855,0.333670971486498,1.61587589638269,0.131195308769927,9,1,0.333670971486498,1.68769902538389,1.96792963154891,0.931328314278459
43,9,1,no_new_outage,0,0,0.895371774450082,0,1,1,0,0,0,0
43,10,1,no_new_outage,0,0,0.895371774450082,0,1,1,0,0,0,0
44,1,4,load_loss_threshold,2358.709,0.377138192871065,1.88660201271643,0.0571626019750514,7,0,1,1,1,1
44,2,1,no_new_outage,0,0,0.896389000447964,0,1,1,0,0,0,0
44,3,1,no_new_outage,0,0,0.896389000447964,0,1,1,0,0,0,0
44,4,1,no_new_outage,0,0,0.896389000447964,0,1,1,0,0,0,0
44,5,1,no_new_outage,0,0,0.896389000447964,0,1,1,0,0,0,0
44,6,1,no_new_outage,0,0,0.896389000447964,0,1,1,0,0,0,0
44,7,1,no_new_outage,0,0,0.896389000447964,0,1,1,0,0,0,0
44,8,1,no_new_outage,0,0,0.896389000447964,0,1,1,0,0,0,0
44,9,5,max_depth_reached,3204.379,0.512353878894764,2.58477318614763,0.251399648529115,11,0,1,1,1,1
44,10,1,no_new_outage,0,0,0.896389000447964,0,1,1,0,0,0,0
45,1,1,no_new_outage,0,0,0.896282713920261,0,1,1,0,0,0,0
45,2,1,no_new_outage,0,0,0.896282713920261,0,1,1,0,0,0,0
45,3,1,no_new_outage,0,0,0.896282713920261,0,1,1,0,0,0,0
45,4,1,no_new_outage,0,0,0.896282713920261,0,1,1,0,0,0,0
45,5,1,no_new_outage,0,0,0.896282713920261,0,1,1,0,0,0,0
45,6,1,no_new_outage,0,0,0.896282713920261,0,1,1,0,0,0,0
45,7,1,no_new_outage,0,0,0.896282713920261,0,1,1,0,0,0,0
45,8,1,no_new_outage,0,0,0.896282713920261,0,1,1,0,0,0,0
45,9,1,no_new_outage,0,0,0.896282713920261,0,1,1,0,0,0,0
45,10,1,no_new_outage,0,0,0.896282713920261,0,1,1,0,0,0,0
46,1,1,no_new_outage,0,0,0.930336677786656,0,1,1,0,0,0,0
46,2,3,load_loss_threshold,1888.68,0.30198441694661,1.48418910452475,0,7,0,1,1,1,1
46,3,4,load_loss_threshold,3361.179,0.537424910820357,1.85891980531388,0.0570682605409517,11,0,1,1,1,1
46,4,1,no_new_outage,0,0,0.930336677786656,0,1,1,0,0,0,0
46,5,4,load_loss_threshold,4449.1092,0.711376012714595,1.71645571224921,0.0257806753365889,12,0,1,1,1,1
46,6,4,load_loss_threshold,3703.15,0.592103264510579,2.05695016058918,0.17638230383843,13,0,1,1,1,1
46,7,1,no_new_outage,0,0,0.930336677786656,0,1,1,0,0,0,0
46,8,4,load_loss_threshold,1882.709,0.301029703096944,1.2283306157484,0.0111495904083211,7,0,1,1,1,1
46,9,3,load_loss_threshold,2364.68,0.378092906720731,1.81818021168465,0.178131122317108,7,1,0.378092906720731,2.45454063505394,3.20636020170794,1.35903591138482
46,10,1,no_new_outage,0,0,0.930336677786656,0,1,1,0,0,0,0
