initial_branch,trial_id,stage_id,candidate_branch,from_bus,to_bus,loading_pu,outage_probability,random_u,trip_selected
1,1,1,3,2,3,1.10371231149415,0.566705401723679,0.167770970289712,1
1,1,2,40,25,26,1.21816762663062,1,0.865074693263921,1
1,1,2,42,26,27,1.29839223055952,1,0.706729635488238,1
1,1,3,14,6,31,1.11708582955395,0.626886232992791,0.554921050936025,1
1,1,4,27,16,19,0.984238266013394,0.0921270138736902,0.0139308013021382,1
1,2,1,3,2,3,1.10371231149415,0.566705401723679,0.230907086463152,1
1,2,2,40,25,26,1.21816762663062,1,0.750286777536657,1
1,2,2,42,26,27,1.29839223055952,1,0.722669668937774,1
1,2,3,14,6,31,1.11708582955395,0.626886232992791,0.351076986678293,1
1,2,4,17,9,39,1.07181122788646,0.423150525489079,0.108073706314171,1
1,7,1,3,2,3,1.10371231149415,0.566705401723679,0.0635099437931487,1
1,7,2,40,25,26,1.21816762663062,1,0.845483892990741,1
1,7,2,42,26,27,1.29839223055952,1,0.527118579522685,1
1,7,3,14,6,31,1.11708582955395,0.626886232992791,0.107947079423944,1
1,8,1,3,2,3,1.10371231149415,0.566705401723679,0.222722067688102,1
1,8,2,40,25,26,1.21816762663062,1,0.565393047765533,1
1,8,2,42,26,27,1.29839223055952,1,0.286862085536191,1
1,8,3,14,6,31,1.11708582955395,0.626886232992791,0.310113726994937,1
1,8,4,17,9,39,1.07181122788646,0.423150525489079,0.0600690366938402,1
1,10,1,3,2,3,1.10371231149415,0.566705401723679,0.212396847243908,1
1,10,2,40,25,26,1.21816762663062,1,0.840316043435233,1
1,10,2,42,26,27,1.29839223055952,1,0.483148206868379,1
1,13,1,3,2,3,1.10371231149415,0.566705401723679,0.440209395813811,1
1,13,2,40,25,26,1.21816762663062,1,0.548729697352368,1
1,13,2,42,26,27,1.29839223055952,1,0.25583674491701,1
1,13,3,14,6,31,1.11708582955395,0.626886232992791,0.48052867147085,1
1,15,1,3,2,3,1.10371231149415,0.566705401723679,0.425652738826435,1
1,15,2,40,25,26,1.21816762663062,1,0.251146908685359,1
1,15,2,42,26,27,1.29839223055952,1,0.570622342863802,1
1,15,3,14,6,31,1.11708582955395,0.626886232992791,0.582847160745997,1
1,15,4,16,8,9,1.03417650143032,0.253794256436428,0.0642806894558638,1
1,17,1,3,2,3,1.10371231149415,0.566705401723679,0.394488942636952,1
1,17,2,40,25,26,1.21816762663062,1,0.0280373427672725,1
1,17,2,42,26,27,1.29839223055952,1,0.110051829833427,1
1,17,3,14,6,31,1.11708582955395,0.626886232992791,0.0912794636641396,1
2,8,1,3,2,3,0.944968065314546,0.0725115486246158,0.0405638618546141,1
2,8,2,40,25,26,1.06134889891854,0.376070045133443,0.00992832612241401,1
2,8,2,42,26,27,1.15133971466103,0.781028715974623,0.693335134982891,1
2,8,3,10,5,6,0.873737099699306,0.0369316812998032,0.0272491467903255,1
2,8,4,9,4,14,1.16134686977157,0.826060913972044,0.41138652743294,1
2,8,4,12,6,7,1.52077340600146,1,0.805141628667597,1
2,8,4,14,6,31,1.08560394472208,0.485217751249346,0.432990611229969,1
2,8,4,15,7,8,1.21303748554578,1,0.293669663661764,1
2,8,4,19,10,13,1.50438529160598,1,0.59311017122048,1
2,8,4,23,13,14,1.55338722559051,1,0.529131938181186,1
2,17,1,3,2,3,0.944968065314546,0.0725115486246158,0.0710204862083819,1
2,17,2,40,25,26,1.06134889891854,0.376070045133443,0.162256083627891,1
8,2,1,23,13,14,0.941041071074321,0.0705500150016233,0.0181432472136692,1
8,2,2,3,2,3,1.66542028538711,1,0.401267628889903,1
8,2,2,13,6,11,1.31096042163073,1,0.615489924963821,1
8,2,3,4,2,25,1.28605897319894,1,0.187171398675365,1
8,2,3,25,15,16,1.12083002018063,0.643735090812842,0.531904412154993,1
8,2,3,31,17,27,1.22021885918299,1,0.307032997027246,1
8,2,3,40,25,26,1.62133260671145,1,0.236042803803609,1
8,2,3,42,26,27,1.70847664607933,1,0.0281970918669806,1
8,11,1,9,4,14,0.894669833867485,0.0473875820168088,0.0348535043347642,1
8,11,2,3,2,3,1.14515891497454,0.753215117385449,0.718641531332089,1
8,11,2,6,3,4,1.11533699713112,0.61901648709006,0.0577511302967032,1
8,16,1,9,4,14,0.894669833867485,0.0473875820168088,0.0383822276370011,1
8,16,2,6,3,4,1.11533699713112,0.61901648709006,0.123141860522178,1
8,17,1,23,13,14,0.941041071074321,0.0705500150016233,0.0101479139901317,1
8,17,2,3,2,3,1.66542028538711,1,0.830821383352984,1
8,17,2,13,6,11,1.31096042163073,1,0.753038113760301,1
8,17,3,4,2,25,1.28605897319894,1,0.393847182454089,1
8,17,3,27,16,19,1.09104509352636,0.509702920868615,0.395298379739854,1
8,17,3,31,17,27,1.22021885918299,1,0.153851099016556,1
8,17,3,40,25,26,1.62133260671145,1,0.0614574574727942,1
8,17,3,42,26,27,1.70847664607933,1,0.251651765629384,1
8,19,1,23,13,14,0.941041071074321,0.0705500150016233,0.0175535401450644,1
8,19,2,3,2,3,1.66542028538711,1,0.313721870653774,1
8,19,2,13,6,11,1.31096042163073,1,0.663197713215774,1
8,19,2,18,10,11,1.04266584399788,0.291996297990444,0.287819956959701,1
8,19,3,4,2,25,1.28605897319894,1,0.888907761071113,1
8,19,3,25,15,16,1.12083002018063,0.643735090812842,0.0975779436344227,1
8,19,3,30,17,18,1.11679922276374,0.625596502436827,0.600446582069129,1
8,19,3,31,17,27,1.22021885918299,1,0.988616223499554,1
8,19,3,40,25,26,1.62133260671145,1,0.818247340828386,1
8,19,3,42,26,27,1.70847664607933,1,0.331323668072045,1
9,1,1,13,6,11,0.893941006893161,0.047023532943134,0.0263385067509836,1
9,1,2,26,16,17,1.20241168989925,1,0.308023270217553,1
10,3,1,12,6,7,1.09028212181405,0.506269548163214,0.421713141181105,1
10,3,2,8,4,5,1.26593653850868,1,0.404223121050643,1
10,3,2,9,4,14,2.47091709258635,1,0.650933650627516,1
10,3,2,13,6,11,2.14490835731471,1,0.49830563411239,1
10,3,2,18,10,11,1.47780104961198,1,0.438388003632916,1
10,3,2,19,10,13,2.60831880401809,1,0.517041436028953,1
10,3,2,23,13,14,2.70768293391464,1,0.893585311274241,1
10,3,2,44,26,29,0.235045682068148,0.0001,7.07225703404646e-05,1
10,4,1,12,6,7,1.09028212181405,0.506269548163214,0.15249006525272,1
10,4,1,23,13,14,0.952402669256292,0.076225133293518,0.0661032759036584,1
10,4,2,3,2,3,1.79694683647612,1,0.526994845114216,1
10,4,2,6,3,4,0.996293743220902,0.0981487247388408,0.096637360191787,1
10,4,3,25,15,16,1.47825711571485,1,0.68272074523713,1
10,8,1,12,6,7,1.09028212181405,0.506269548163214,0.203561248994852,1
10,8,2,8,4,5,1.26593653850868,1,0.923061108589088,1
10,8,2,9,4,14,2.47091709258635,1,0.245447561478542,1
10,8,2,13,6,11,2.14490835731471,1,0.69056479058464,1
10,8,2,18,10,11,1.47780104961198,1,0.80400896545376,1
10,8,2,19,10,13,2.60831880401809,1,0.423864962360257,1
10,8,2,23,13,14,2.70768293391464,1,0.470264706342596,1
10,9,1,12,6,7,1.09028212181405,0.506269548163214,0.214757687191332,1
10,9,2,8,4,5,1.26593653850868,1,0.413105662161825,1
10,9,2,9,4,14,2.47091709258635,1,0.703560463646013,1
10,9,2,13,6,11,2.14490835731471,1,0.296880124226532,1
10,9,2,18,10,11,1.47780104961198,1,0.236688779221216,1
10,9,2,19,10,13,2.60831880401809,1,0.746970080427707,1
10,9,2,20,10,32,0.96848882379102,0.0842601674836143,0.0217442952848339,1
10,9,2,23,13,14,2.70768293391464,1,0.595257038274889,1
10,10,1,12,6,7,1.09028212181405,0.506269548163214,0.185799131586246,1
10,10,2,8,4,5,1.26593653850868,1,0.0832478550453075,1
10,10,2,9,4,14,2.47091709258635,1,0.992170730923743,1
10,10,2,13,6,11,2.14490835731471,1,0.405381850621852,1
10,10,2,18,10,11,1.47780104961198,1,0.374130270456552,1
10,10,2,19,10,13,2.60831880401809,1,0.487145458352034,1
10,10,2,23,13,14,2.70768293391464,1,0.835200372237494,1
10,11,1,12,6,7,1.09028212181405,0.506269548163214,0.368638070123813,1
10,11,2,8,4,5,1.26593653850868,1,0.690623159855728,1
10,11,2,9,4,14,2.47091709258635,1,0.0247581227479483,1
10,11,2,13,6,11,2.14490835731471,1,0.231237397517169,1
10,11,2,18,10,11,1.47780104961198,1,0.846090037031404,1
10,11,2,19,10,13,2.60831880401809,1,0.580523043159224,1
10,11,2,23,13,14,2.70768293391464,1,0.399530551883685,1
10,12,1,12,6,7,1.09028212181405,0.506269548163214,0.400803174998402,1
10,12,2,8,4,5,1.26593653850868,1,0.940164946788625,1
10,12,2,9,4,14,2.47091709258635,1,0.813802775549497,1
10,12,2,13,6,11,2.14490835731471,1,0.479379225152895,1
10,12,2,18,10,11,1.47780104961198,1,0.716512498758752,1
10,12,2,19,10,13,2.60831880401809,1,0.0712816862101699,1
10,12,2,23,13,14,2.70768293391464,1,0.975144484901789,1
10,14,1,19,10,13,0.938546070034763,0.0693037619823643,0.0369306399073963,1
10,14,2,12,6,7,1.46402941405074,1,0.493358780210712,1
10,14,2,15,7,8,1.15784397511707,0.810297888026816,0.74271503546444,1
10,16,1,12,6,7,1.09028212181405,0.506269548163214,0.210177306580132,1
10,16,2,8,4,5,1.26593653850868,1,0.215922220916722,1
10,16,2,9,4,14,2.47091709258635,1,0.942490417629865,1
10,16,2,13,6,11,2.14490835731471,1,0.953036322744239,1
10,16,2,18,10,11,1.47780104961198,1,0.346064992725456,1
10,16,2,19,10,13,2.60831880401809,1,0.0458494279385614,1
10,16,2,23,13,14,2.70768293391464,1,0.796497480081236,1
10,16,2,27,16,19,0.89244335519111,0.0462754559179595,0.0145871194268098,1
10,16,3,3,2,3,1.43145935800672,1,0.975629753833837,1
10,17,1,12,6,7,1.09028212181405,0.506269548163214,0.385706027155493,1
10,17,2,8,4,5,1.26593653850868,1,0.364017003168054,1
10,17,2,9,4,14,2.47091709258635,1,0.669074883200597,1
10,17,2,13,6,11,2.14490835731471,1,0.909621114245206,1
10,17,2,18,10,11,1.47780104961198,1,0.962005503975615,1
10,17,2,19,10,13,2.60831880401809,1,0.765015302202684,1
10,17,2,23,13,14,2.70768293391464,1,0.269530533062835,1
10,18,1,12,6,7,1.09028212181405,0.506269548163214,0.392584087264669,1
10,18,2,8,4,5,1.26593653850868,1,0.643478748862863,1
10,18,2,9,4,14,2.47091709258635,1,0.222730294589232,1
10,18,2,13,6,11,2.14490835731471,1,0.31798656989874,1
10,18,2,18,10,11,1.47780104961198,1,0.925461162469518,1
10,18,2,19,10,13,2.60831880401809,1,0.0489511805278801,1
10,18,2,20,10,32,0.96848882379102,0.0842601674836143,0.0680839429340259,1
10,18,2,23,13,14,2.70768293391464,1,0.46288737455789,1
10,18,3,27,16,19,1.02106021105913,0.194770949766099,0.148338349207077,1
10,18,4,3,2,3,1.43145935800672,1,0.120773811650236,1
10,19,1,12,6,7,1.09028212181405,0.506269548163214,0.0928908534386839,1
10,19,2,8,4,5,1.26593653850868,1,0.907044625968562,1
10,19,2,9,4,14,2.47091709258635,1,0.833328094742933,1
10,19,2,13,6,11,2.14490835731471,1,0.0527772465928029,1
10,19,2,18,10,11,1.47780104961198,1,0.530987791188704,1
10,19,2,19,10,13,2.60831880401809,1,0.987125209582763,1
10,19,2,23,13,14,2.70768293391464,1,0.156987800067284,1
10,19,3,1,1,2,0.843017378096768,0.0215871803593354,0.00178745130699653,1
10,19,3,27,16,19,1.02106021105913,0.194770949766099,0.0595843426904301,1
11,7,1,12,6,7,1.00542051640009,0.124392323800421,0.0468299902789463,1
11,7,2,1,1,2,1.22615680904422,1,0.847442842507431,1
11,7,2,13,6,11,1.08494899046452,0.482270457090329,0.251974626096671,1
11,12,1,12,6,7,1.00542051640009,0.124392323800421,0.0686079589248373,1
11,12,2,1,1,2,1.22615680904422,1,0.443689053418208,1
11,16,1,12,6,7,1.00542051640009,0.124392323800421,0.102253246662052,1
11,16,2,1,1,2,1.22615680904422,1,0.342023026197493,1
11,17,1,12,6,7,1.00542051640009,0.124392323800421,0.116294239318244,1
11,17,2,1,1,2,1.22615680904422,1,0.637740245340169,1
11,17,2,13,6,11,1.08494899046452,0.482270457090329,0.160852457790773,1
12,8,1,10,5,6,0.968940696214761,0.0844858777592732,0.0841909503610119,1
12,8,2,8,4,5,1.26593653850868,1,0.255462107167777,1
12,8,2,9,4,14,2.47091709258635,1,0.811434401514474,1
12,8,2,13,6,11,2.14490835731471,1,0.838065319660109,1
12,8,2,18,10,11,1.47780104961198,1,0.969551866368258,1
12,8,2,19,10,13,2.60831880401809,1,0.407813671989522,1
12,8,2,23,13,14,2.70768293391464,1,0.428931396013483,1
12,8,2,27,16,19,0.89244335519111,0.0462754559179595,0.0141889846473513,1
12,8,3,3,2,3,1.43145935800672,1,0.630795743791793,1
12,9,1,10,5,6,0.968940696214761,0.0844858777592732,0.0142711817242946,1
12,9,2,8,4,5,1.26593653850868,1,0.0579967514176211,1
12,9,2,9,4,14,2.47091709258635,1,0.563517178642214,1
12,9,2,13,6,11,2.14490835731471,1,0.59398212891516,1
12,9,2,18,10,11,1.47780104961198,1,0.961524937369707,1
12,9,2,19,10,13,2.60831880401809,1,0.419052339309586,1
12,9,2,23,13,14,2.70768293391464,1,0.615300142518818,1
12,9,3,30,17,18,0.817835455553284,0.00900881004886521,0.0072671726548047,1
12,9,4,3,2,3,1.6991543694011,1,0.978927207294381,1
12,9,4,4,2,25,1.76837515197236,1,0.119452001492288,1
12,16,1,11,5,8,1.00006659716867,0.100299687259017,0.0593689622541862,1
12,16,2,1,1,2,1.22615680904422,1,0.776315917278007,1
12,16,2,13,6,11,1.08494899046452,0.482270457090329,0.359994849434839,1
13,7,1,23,13,14,1.01224952714518,0.155122872153312,0.0555583130049863,1
13,11,1,23,13,14,1.01224952714518,0.155122872153312,0.0815969284626767,1
13,12,1,23,13,14,1.01224952714518,0.155122872153312,0.119699099595694,1
13,16,1,23,13,14,1.01224952714518,0.155122872153312,0.0289373299991426,1
13,18,1,23,13,14,1.01224952714518,0.155122872153312,0.0661491655462741,1
13,19,1,23,13,14,1.01224952714518,0.155122872153312,0.00016409352309843,1
13,19,2,14,6,31,0.964755045196367,0.0823951450755856,0.0397688521951695,1
13,19,3,3,2,3,1.79331134018982,1,0.0677259770213662,1
13,19,4,27,16,19,1.09361994990089,0.521289774553996,0.0313939312721139,1
13,19,4,40,25,26,1.11832411347972,0.632458510658758,0.548750312849234,1
13,19,4,42,26,27,1.32659100416283,1,0.866966802290728,1
14,1,1,3,2,3,1.26972044584598,1,0.0845231185609377,1
14,1,2,42,26,27,1.14363042091219,0.746336894104835,0.0589752818609105,1
14,1,3,1,1,2,1.47831156976422,1,0.183443369814765,1
14,1,4,16,8,9,1.03417650143032,0.253794256436428,0.0367736940859503,1
14,1,4,17,9,39,1.07181122788646,0.423150525489079,0.240538108303813,1
14,2,1,3,2,3,1.26972044584598,1,0.275827560893564,1
14,2,2,42,26,27,1.14363042091219,0.746336894104835,0.231674198289844,1
14,2,3,1,1,2,1.47831156976422,1,0.95112691207979,1
14,2,3,16,8,9,1.03417650143032,0.253794256436428,0.166464988909596,1
14,3,1,3,2,3,1.26972044584598,1,0.445043686613799,1
14,3,2,40,25,26,1.04988214173119,0.324469637790359,0.10176955794796,1
14,3,2,42,26,27,1.14363042091219,0.746336894104835,0.161838976842637,1
14,3,3,1,1,2,1.26704601620034,1,0.792799774475445,1
14,4,1,3,2,3,1.26972044584598,1,0.11121318150721,1
14,4,2,42,26,27,1.14363042091219,0.746336894104835,0.193327242450525,1
14,4,3,1,1,2,1.47831156976422,1,0.353325782570194,1
14,5,1,3,2,3,1.26972044584598,1,0.59502867491055,1
14,6,1,3,2,3,1.26972044584598,1,0.694381565194683,1
14,6,2,42,26,27,1.14363042091219,0.746336894104835,0.48879575762573,1
14,6,3,1,1,2,1.47831156976422,1,0.873242766969604,1
14,6,3,17,9,39,1.07181122788646,0.423150525489079,0.033189785575128,1
14,7,1,3,2,3,1.26972044584598,1,0.811531492796047,1
14,7,2,42,26,27,1.14363042091219,0.746336894104835,0.515063426324231,1
14,7,3,1,1,2,1.47831156976422,1,0.341987701780794,1
14,7,3,16,8,9,1.03417650143032,0.253794256436428,0.1942495625498,1
14,7,3,17,9,39,1.07181122788646,0.423150525489079,0.340067949980445,1
14,8,1,3,2,3,1.26972044584598,1,0.0565529677291301,1
14,8,2,40,25,26,1.04988214173119,0.324469637790359,0.218414687135711,1
14,8,2,42,26,27,1.14363042091219,0.746336894104835,0.477693035348019,1
14,8,3,1,1,2,1.26704601620034,1,0.535619208593534,1
14,8,3,17,9,39,1.07181122788646,0.423150525489079,0.0141716810593023,1
14,9,1,3,2,3,1.26972044584598,1,0.489204619665767,1
14,9,2,42,26,27,1.14363042091219,0.746336894104835,0.045966354132072,1
14,9,3,1,1,2,1.47831156976422,1,0.571016974731538,1
14,9,3,17,9,39,1.07181122788646,0.423150525489079,0.0633805697251044,1
14,10,1,3,2,3,1.26972044584598,1,0.310276381216426,1
14,10,2,42,26,27,1.14363042091219,0.746336894104835,0.595996048459045,1
14,10,3,1,1,2,1.47831156976422,1,0.126320886019325,1
14,10,3,16,8,9,1.03417650143032,0.253794256436428,0.179780736442784,1
14,11,1,3,2,3,1.26972044584598,1,0.844804071969143,1
14,12,1,3,2,3,1.26972044584598,1,0.0731318982871455,1
14,12,2,40,25,26,1.04988214173119,0.324469637790359,0.196366530818935,1
14,12,3,1,1,2,1.24865636822962,1,0.142134762175487,1
14,12,3,16,8,9,1.18599783927618,0.936990276742803,0.925261662073635,1
14,12,3,17,9,39,1.26911988374006,1,0.765359224233041,1
14,12,3,27,16,19,0.92215841034054,0.0611181259650995,0.0498250856945363,1
14,13,1,3,2,3,1.26972044584598,1,0.153020842584773,1
14,13,2,42,26,27,1.14363042091219,0.746336894104835,0.146262431278887,1
14,13,3,1,1,2,1.47831156976422,1,0.0511378703632027,1
14,14,1,3,2,3,1.26972044584598,1,0.615736091110201,1
14,14,2,42,26,27,1.14363042091219,0.746336894104835,0.487062526496581,1
14,14,3,1,1,2,1.47831156976422,1,0.607644932074881,1
14,14,3,27,16,19,0.984238266013394,0.0921270138736902,0.0424589309663942,1
14,15,1,3,2,3,1.26972044584598,1,0.523154509773886,1
14,15,2,42,26,27,1.14363042091219,0.746336894104835,0.046372774616767,1
14,15,3,1,1,2,1.47831156976422,1,0.656608854363996,1
14,15,3,16,8,9,1.03417650143032,0.253794256436428,0.00580826120405642,1
14,15,3,17,9,39,1.07181122788646,0.423150525489079,0.212794238044234,1
14,16,1,3,2,3,1.26972044584598,1,0.796394036168171,1
14,16,2,40,25,26,1.04988214173119,0.324469637790359,0.0890348329133731,1
14,16,2,42,26,27,1.14363042091219,0.746336894104835,0.591555823771189,1
14,16,3,1,1,2,1.26704601620034,1,0.740686963292382,1
14,16,3,16,8,9,1.03417650143032,0.253794256436428,0.0981598648442049,1
14,16,3,17,9,39,1.07181122788646,0.423150525489079,0.126344662219881,1
14,17,1,3,2,3,1.26972044584598,1,0.112133946245157,1
14,17,2,42,26,27,1.14363042091219,0.746336894104835,0.699867566540939,1
14,17,3,1,1,2,1.47831156976422,1,0.188564966541787,1
14,17,3,17,9,39,1.07181122788646,0.423150525489079,0.255555774693331,1
14,18,1,3,2,3,1.26972044584598,1,0.538639085174932,1
14,18,2,40,25,26,1.04988214173119,0.324469637790359,0.0213058809133201,1
14,18,2,42,26,27,1.14363042091219,0.746336894104835,0.44120180031109,1
14,18,3,1,1,2,1.26704601620034,1,0.359719841290254,1
14,18,3,16,8,9,1.03417650143032,0.253794256436428,0.198893316785424,1
14,19,1,3,2,3,1.26972044584598,1,0.682634209586663,1
14,19,2,42,26,27,1.14363042091219,0.746336894104835,0.00773240919874429,1
14,19,3,1,1,2,1.47831156976422,1,0.0353390390564077,1
14,19,3,16,8,9,1.03417650143032,0.253794256436428,0.19603909513288,1
14,20,1,3,2,3,1.26972044584598,1,0.458760511803285,1
14,20,2,42,26,27,1.14363042091219,0.746336894104835,0.62735457821707,1
14,20,3,1,1,2,1.47831156976422,1,0.302347135623357,1
18,4,1,23,13,14,0.888338132998857,0.044224897432929,0.00266301674639335,1
18,4,2,13,6,11,1.30094402093648,1,0.620930506153923,1
18,4,2,19,10,13,1.12971614934299,0.683722672043477,0.633405924999321,1
18,4,2,21,12,11,1.23757336447018,1,0.190449913501335,1
18,4,2,22,12,13,1.34097750549374,1,0.406166642876881,1
18,4,3,8,4,5,0.959650214398595,0.0798452820920983,0.0740127325810541,1
18,4,4,3,2,3,1.37643179715855,1,0.106973113076007,1
18,9,1,23,13,14,0.888338132998857,0.044224897432929,0.0147413405097737,1
18,9,2,13,6,11,1.30094402093648,1,0.138986082273989,1
18,9,2,21,12,11,1.23757336447018,1,0.738334737683655,1
18,9,2,22,12,13,1.34097750549374,1,0.264748572422493,1
18,12,1,19,10,13,1.05908337817156,0.365875201772017,0.0423342781794855,1
18,13,1,19,10,13,1.05908337817156,0.365875201772017,0.194152046412154,1
18,15,1,19,10,13,1.05908337817156,0.365875201772017,0.0546862599341541,1
18,16,1,19,10,13,1.05908337817156,0.365875201772017,0.0302723969870099,1
18,18,1,19,10,13,1.05908337817156,0.365875201772017,0.323151224876913,1
18,20,1,19,10,13,1.05908337817156,0.365875201772017,0.226327785927743,1
19,3,1,18,10,11,1.06691230611633,0.401105377523467,0.250056409128207,1
19,4,1,18,10,11,1.06691230611633,0.401105377523467,0.38756925471691,1
19,6,1,18,10,11,1.06691230611633,0.401105377523467,0.0658327258661956,1
19,7,1,18,10,11,1.06691230611633,0.401105377523467,0.128266224254464,1
19,9,1,13,6,11,1.0395325370704,0.277896416816792,0.193397253852115,1
19,9,1,18,10,11,1.06691230611633,0.401105377523467,0.0654103519046108,1
19,11,1,18,10,11,1.06691230611633,0.401105377523467,0.122421228984123,1
19,12,1,13,6,11,1.0395325370704,0.277896416816792,0.086611391528354,1
19,12,2,18,10,11,1.13904851563818,0.725718320371792,0.485939805899672,1
19,12,2,21,12,11,1.35127797800774,1,0.834845974162205,1
19,12,2,22,12,13,1.23466293546873,1,0.977258206818798,1
19,12,3,7,3,18,0.136317931231065,0.0001,1.6942242829332e-05,1
19,12,3,14,6,31,0.96303880567429,0.0815378834343078,0.0143161811271579,1
19,12,4,3,2,3,1.73306037673577,1,0.577474381991656,1
19,12,4,6,3,4,1.04501291853256,0.302558133396523,0.0168577123746937,1
19,13,1,18,10,11,1.06691230611633,0.401105377523467,0.0818269590084124,1
19,16,1,18,10,11,1.06691230611633,0.401105377523467,0.22302078824124,1
19,16,2,14,6,31,0.978502304861235,0.089261901278187,0.0267680872112372,1
19,16,3,3,2,3,1.82497817735587,1,0.0775501323344727,1
19,16,3,6,3,4,1.02956376400814,0.233036938036621,0.0483772880204851,1
19,16,4,25,15,16,1.57195097447616,1,0.113827787372652,1
19,16,4,27,16,19,1.15184214922157,0.783289671497061,0.232274298669824,1
19,16,4,42,26,27,1.16671544099422,0.85021948447399,0.180916137436303,1
19,19,1,18,10,11,1.06691230611633,0.401105377523467,0.273338905438436,1
23,1,1,8,4,5,0.95308116961093,0.0765640442206593,0.0465150676759106,1
23,1,1,13,6,11,1.27166292116352,1,0.0577865249135345,1
23,1,2,3,2,3,1.37643179715855,1,0.344464404012343,1
23,1,3,4,2,25,1.28605897319894,1,0.24641731122363,1
23,1,3,25,15,16,1.12083002018063,0.643735090812842,0.380672225227638,1
23,1,3,27,16,19,1.09104509352636,0.509702920868615,0.217520301303456,1
23,1,3,31,17,27,1.22021885918299,1,0.29295302020707,1
23,1,3,40,25,26,1.62133260671145,1,0.230404204537354,1
23,1,3,42,26,27,1.70847664607933,1,0.800273326338752,1
23,2,1,13,6,11,1.27166292116352,1,0.902173426000674,1
23,3,1,13,6,11,1.27166292116352,1,0.717625160657178,1
23,4,1,13,6,11,1.27166292116352,1,0.780553703536829,1
23,5,1,13,6,11,1.27166292116352,1,0.235178201494007,1
23,6,1,13,6,11,1.27166292116352,1,0.246533979904098,1
23,7,1,13,6,11,1.27166292116352,1,0.325951237330281,1
23,8,1,13,6,11,1.27166292116352,1,0.834451989313533,1
23,9,1,13,6,11,1.27166292116352,1,0.844386816842765,1
23,10,1,13,6,11,1.27166292116352,1,0.455056363600518,1
23,10,1,18,10,11,1.00161762813795,0.10727932662079,0.0152177032995015,1
23,11,1,13,6,11,1.27166292116352,1,0.228128204283121,1
23,12,1,13,6,11,1.27166292116352,1,0.98397026895482,1
23,13,1,13,6,11,1.27166292116352,1,0.0796806452312085,1
23,14,1,8,4,5,0.95308116961093,0.0765640442206593,0.0756868512488093,1
23,14,1,13,6,11,1.27166292116352,1,0.889850519132176,1
23,14,2,3,2,3,1.37643179715855,1,0.700774783289953,1
23,14,3,4,2,25,1.28605897319894,1,0.519515099801732,1
23,14,3,7,3,18,1.01015922607099,0.145716517319464,0.131418929708708,1
23,14,3,25,15,16,1.12083002018063,0.643735090812842,0.302169324761263,1
23,14,3,27,16,19,1.09104509352636,0.509702920868615,0.196478571134422,1
23,14,3,31,17,27,1.22021885918299,1,0.46479813527386,1
23,14,3,40,25,26,1.62133260671145,1,0.841611451852447,1
23,14,3,42,26,27,1.70847664607933,1,0.857628914657676,1
23,15,1,13,6,11,1.27166292116352,1,0.179388257972545,1
23,16,1,13,6,11,1.27166292116352,1,0.322419193332485,1
23,17,1,13,6,11,1.27166292116352,1,0.243469151479631,1
23,18,1,8,4,5,0.95308116961093,0.0765640442206593,0.02869903293214,1
23,18,1,13,6,11,1.27166292116352,1,0.0992972196655619,1
23,18,2,3,2,3,1.37643179715855,1,0.332434613864839,1
23,18,3,4,2,25,1.28605897319894,1,0.50467990482752,1
23,18,3,30,17,18,1.11679922276374,0.625596502436827,0.0855336061454065,1
23,18,3,31,17,27,1.22021885918299,1,0.34643412989428,1
23,18,3,40,25,26,1.62133260671145,1,0.22611264088022,1
23,18,3,42,26,27,1.70847664607933,1,0.671849080216922,1
23,19,1,13,6,11,1.27166292116352,1,0.86433386663397,1
23,19,1,18,10,11,1.00161762813795,0.10727932662079,0.00429855302467996,1
23,20,1,13,6,11,1.27166292116352,1,0.353613522287249,1
27,14,1,19,10,13,0.872547940457087,0.0363376962583148,0.0341707677621647,1
27,14,2,8,4,5,1.32734121467644,1,0.0678624209386863,1
27,14,3,3,2,3,1.54526432487768,1,0.488881564632598,1
27,14,3,18,10,11,1.29320824288919,1,0.946750098547612,1
27,14,3,21,12,11,1.41072267776905,1,0.36297282329571,1
27,14,3,22,12,13,1.21745343643783,1,0.895753540513398,1
28,2,1,38,23,24,1.0882227155979,0.497002220190564,0.274927715490428,1
28,3,1,38,23,24,1.0882227155979,0.497002220190564,0.109063940412564,1
28,3,2,14,6,31,0.965909305122291,0.0829716979085842,0.0816968434816255,1
28,3,3,3,2,3,1.7236958249129,1,0.859177583490911,1
28,3,4,4,2,25,1.31592905680015,1,0.657688943741536,1
28,3,4,16,8,9,1.21183469743722,1,0.230321000573214,1
28,3,4,17,9,39,1.32363935227154,1,0.674010628767414,1
28,3,4,20,10,32,1.15406441692892,0.793289876180125,0.364773084795998,1
28,3,4,31,17,27,1.15061144444787,0.777751500015402,0.325075434214315,1
28,3,4,40,25,26,1.62366021220524,1,0.0998453252860182,1
28,3,4,42,26,27,1.65944420021532,1,0.59766689802066,1
28,5,1,38,23,24,1.0882227155979,0.497002220190564,0.21267181615155,1
28,6,1,38,23,24,1.0882227155979,0.497002220190564,0.331499044043997,1
28,7,1,38,23,24,1.0882227155979,0.497002220190564,0.0488948626787253,1
28,8,1,23,13,14,0.590172785376535,0.0001,7.16285942639061e-05,1
28,8,1,38,23,24,1.0882227155979,0.497002220190564,0.257976494414345,1
28,8,2,8,4,5,1.878202249757,1,0.864247377994359,1
28,8,2,10,5,6,1.26698148527458,1,0.261676231575519,1
28,8,2,13,6,11,1.34587288847069,1,0.724629001447476,1
28,8,2,18,10,11,1.0765698703802,0.444564416710891,0.437711513765138,1
28,8,3,3,2,3,1.60778303932319,1,0.19058915301491,1
28,8,3,12,6,7,1.17974600886796,0.908857039905825,0.392756504964922,1
28,9,1,38,23,24,1.0882227155979,0.497002220190564,0.351560035963336,1
28,12,1,38,23,24,1.0882227155979,0.497002220190564,0.388152146129951,1
28,13,1,38,23,24,1.0882227155979,0.497002220190564,0.253751902179301,1
28,15,1,38,23,24,1.0882227155979,0.497002220190564,0.312268391810363,1
28,19,1,38,23,24,1.0882227155979,0.497002220190564,0.176518216541717,1
28,19,2,8,4,5,0.974210914760058,0.087118351922649,0.0795067950750156,1
28,19,3,9,4,14,1.16217550292041,0.829789763141831,0.533451063529073,1
28,19,3,13,6,11,1.06719762333168,0.402389304992577,0.0423612176679107,1
28,19,3,19,10,13,1.7185782364689,1,0.930286430266209,1
28,19,3,23,13,14,1.80238190185346,1,0.620614358612894,1
28,19,4,3,2,3,1.88157676037687,1,0.871846955614923,1
32,3,1,27,16,19,1.02571673386422,0.215725302389001,0.0592855643546372,1
32,14,1,27,16,19,1.02571673386422,0.215725302389001,0.144178549567473,1
33,1,1,23,13,14,0.972346533967846,0.0861870937169388,0.0605251267847319,1
33,1,2,8,4,5,1.80762402467531,1,0.040683649508259,1
33,1,2,10,5,6,1.23195448785913,1,0.376950411283183,1
33,1,2,13,6,11,1.34118140982381,1,0.0918924389180799,1
33,1,2,18,10,11,1.07208724915231,0.424392621185382,0.0386684012453676,1
33,1,3,3,2,3,1.67977087892067,1,0.78007641538227,1
33,1,3,12,6,7,1.38183818008959,1,0.239672367572896,1
33,1,4,31,17,27,1.21072531776524,1,0.865449144702432,1
33,1,4,40,25,26,1.29858206613945,1,0.614971979993689,1
33,1,4,42,26,27,1.62047220915661,1,0.814182219304584,1
33,2,1,14,6,31,0.935598468963717,0.0678314352473768,0.00526056567947797,1
33,2,2,3,2,3,1.6951967921923,1,0.432019148217448,1
33,2,3,4,2,25,1.24256086245032,1,0.258855986854129,1
33,2,3,16,8,9,1.16795732646055,0.855807969072466,0.156165456349715,1
33,2,3,17,9,39,1.25497449625343,1,0.115235722686783,1
33,2,3,31,17,27,1.1035225076333,0.565851284349843,0.395119252829935,1
33,2,3,40,25,26,1.5609242022189,1,0.0304061657058332,1
33,2,3,42,26,27,1.60701817604157,1,0.489794195456828,1
33,3,1,23,13,14,0.972346533967846,0.0861870937169388,0.0326357972069894,1
33,3,2,8,4,5,1.80762402467531,1,0.615531823986356,1
33,3,2,10,5,6,1.23195448785913,1,0.10777381503826,1
33,3,2,13,6,11,1.34118140982381,1,0.443573386226271,1
33,3,2,14,6,31,0.967483993492751,0.083758254749629,0.0758624463582908,1
33,3,3,3,2,3,1.38734122658255,1,0.314881824623565,1
33,3,4,4,2,25,1.2032631208489,1,0.766536392655387,1
33,3,4,31,17,27,1.42598328084561,1,0.73423840478424,1
33,3,4,40,25,26,1.62401155973387,1,0.899446173506335,1
33,3,4,42,26,27,1.86232293691423,1,0.729185084012987,1
33,6,1,14,6,31,0.935598468963717,0.0678314352473768,0.0511507650269221,1
33,6,2,3,2,3,1.6951967921923,1,0.0244938231271639,1
33,6,3,4,2,25,1.24256086245032,1,0.475302586448204,1
33,6,3,17,9,39,1.25497449625343,1,0.658016798488642,1
33,6,3,20,10,32,1.10090188593331,0.554058486699892,0.159155839872143,1
33,6,3,31,17,27,1.1035225076333,0.565851284349843,0.517598156257428,1
33,6,3,40,25,26,1.5609242022189,1,0.818882410813298,1
33,6,3,42,26,27,1.60701817604157,1,0.321077631352093,1
33,14,1,14,6,31,0.935598468963717,0.0678314352473768,0.0303202109961764,1
33,14,2,3,2,3,1.6951967921923,1,0.424157755398341,1
33,14,3,4,2,25,1.24256086245032,1,0.931432359692558,1
33,14,3,16,8,9,1.16795732646055,0.855807969072466,0.300533713356766,1
33,14,3,17,9,39,1.25497449625343,1,0.349898497005597,1
33,14,3,20,10,32,1.10090188593331,0.554058486699892,0.255798722013427,1
33,14,3,40,25,26,1.5609242022189,1,0.1662617763305,1
33,14,3,42,26,27,1.60701817604157,1,0.35472576695076,1
33,15,1,8,4,5,0.932395470033919,0.0662315372819425,0.0332837391937927,1
33,15,1,23,13,14,0.972346533967846,0.0861870937169388,0.0324537314928596,1
33,15,2,3,2,3,1.97704792111007,1,0.888757420736458,1
33,15,2,13,6,11,1.3176984538869,1,0.810326169994327,1
33,15,2,17,9,39,0.962916323226031,0.0814767034514023,0.032801318686022,1
33,15,3,4,2,25,1.33796756713087,1,0.79253029726228,1
33,15,3,31,17,27,1.49752019680182,1,0.240843722019102,1
33,15,3,40,25,26,1.73947387920132,1,0.908781356746285,1
33,15,3,42,26,27,1.94127015545863,1,0.380597900473311,1
33,19,1,8,4,5,0.932395470033919,0.0662315372819425,0.00244632809790157,1
33,19,2,9,4,14,1.14146592990075,0.73659668455338,0.134249267455921,1
33,19,2,19,10,13,1.66200228533813,1,0.744896592057982,1
33,19,2,23,13,14,1.73734142482265,1,0.844504358183633,1
33,19,3,3,2,3,2.00230120996708,1,0.629295608795893,1
33,19,3,13,6,11,1.31256070002585,1,0.508522740986222,1
33,19,3,18,10,11,1.12353019654561,0.65588588445525,0.222744840765018,1
33,19,4,7,3,18,1.41183084128263,1,0.0224245356820398,1
33,19,4,30,17,18,1.44167763767241,1,0.657585742753629,1
33,19,4,31,17,27,1.24017496397598,1,0.19363442763335,1
33,19,4,40,25,26,1.36360633350766,1,0.626214226922,1
33,19,4,42,26,27,1.68840723995821,1,0.221566778138954,1
33,20,1,14,6,31,0.935598468963717,0.0678314352473768,0.020147128976133,1
33,20,2,3,2,3,1.6951967921923,1,0.111877716371919,1
33,20,3,4,2,25,1.24256086245032,1,0.46255755240273,1
33,20,3,16,8,9,1.16795732646055,0.855807969072466,0.48741221364677,1
33,20,3,17,9,39,1.25497449625343,1,0.0954224952551832,1
33,20,3,40,25,26,1.5609242022189,1,0.353070642612091,1
33,20,3,42,26,27,1.60701817604157,1,0.463912029950452,1
34,1,1,14,6,31,0.893273010791047,0.0466898688901282,0.0460508473815988,1
34,1,2,3,2,3,1.64929054546123,1,0.534025768929843,1
34,1,3,4,2,25,1.16432498990136,0.839462454556122,0.483943761522756,1
34,1,3,16,8,9,1.11726701077705,0.627701548496735,0.266576762522235,1
34,1,3,17,9,39,1.1812550474656,0.915647713595212,0.496482542068002,1
34,1,3,20,10,32,1.0406020284148,0.282709127866618,0.0102871489907483,1
34,1,3,40,25,26,1.49394654893773,1,0.953189040589988,1
34,1,3,42,26,27,1.5490991808092,1,0.892090917958263,1
34,2,1,14,6,31,0.893273010791047,0.0466898688901282,0.0222006475824335,1
34,2,1,23,13,14,0.932780095855051,0.0664236578795979,0.03005098249794,1
34,2,2,3,2,3,1.69499041045797,1,0.443753891799859,1
34,2,2,13,6,11,1.3455468500295,1,0.929452896837054,1
34,2,3,40,25,26,1.18222282888174,0.920002729967826,0.728286967218462,1
34,2,3,42,26,27,1.48282589108926,1,0.464380751732025,1
34,4,1,23,13,14,0.932780095855051,0.0664236578795979,0.0447480955994136,1
34,4,2,8,4,5,1.72156699358479,1,0.863813797368619,1
34,4,2,10,5,6,1.18790862576685,0.945588815950826,0.573573503657642,1
34,4,2,13,6,11,1.32670800298539,1,0.903244707392316,1
34,4,2,14,6,31,0.920598014532138,0.0603387082588029,0.0202549270285386,1
34,4,2,20,10,32,0.822509075992076,0.0113432834580421,0.0106561323044305,1
34,4,3,3,2,3,1.29544830183002,1,0.543381951635606,1
34,4,4,31,17,27,1.31132685762199,1,0.126009866306075,1
34,4,4,40,25,26,1.46348916509534,1,0.155640961849925,1
34,4,4,42,26,27,1.72792305167189,1,0.200504289678124,1
34,18,1,14,6,31,0.893273010791047,0.0466898688901282,0.0314053737530476,1
34,18,2,3,2,3,1.64929054546123,1,0.37482923912157,1
34,18,3,4,2,25,1.16432498990136,0.839462454556122,0.604552626830448,1
34,18,3,16,8,9,1.11726701077705,0.627701548496735,0.201111657481047,1
34,18,3,17,9,39,1.1812550474656,0.915647713595212,0.764026230194451,1
34,18,3,40,25,26,1.49394654893773,1,0.779952304877459,1
34,18,3,42,26,27,1.5490991808092,1,0.0855029011255803,1
35,1,1,36,22,23,1.05203395871578,0.33415281422102,0.170112338291477,1
35,1,1,38,23,24,1.54177292218285,1,0.514248465762795,1
35,1,2,8,4,5,1.21214696037372,1,0.129417276889223,1
35,1,2,14,6,31,1.18907504103235,0.950837684645564,0.0166517528234187,1
35,1,2,19,10,13,1.15952162174822,0.817847297866981,0.269739857163621,1
35,1,2,23,13,14,1.19138192666888,0.961218670009949,0.342249203978331,1
35,1,3,1,1,2,2.17560989136319,1,0.236168932619055,1
35,1,3,2,1,39,1.58877451055042,1,0.0610334236699217,1
35,1,3,3,2,3,2.87831395957713,1,0.122852428366975,1
35,1,3,6,3,4,1.16665301440824,0.849938564837099,0.816579448785162,1
35,1,3,13,6,11,1.28223435717852,1,0.224673688968292,1
35,1,3,27,16,19,1.25788116106385,1,0.352595258166482,1
35,2,1,38,23,24,1.54177292218285,1,0.681037571369273,1
35,2,2,8,4,5,1.21214696037372,1,0.854819450911912,1
35,2,2,14,6,31,1.18907504103235,0.950837684645564,0.324137688245894,1
35,2,2,19,10,13,1.15952162174822,0.817847297866981,0.00785865134781005,1
35,2,2,23,13,14,1.19138192666888,0.961218670009949,0.304908325548161,1
35,2,3,1,1,2,2.17560989136319,1,0.196904125044038,1
35,2,3,2,1,39,1.58877451055042,1,0.765696427549643,1
35,2,3,3,2,3,2.87831395957713,1,0.342405376928463,1
35,2,3,6,3,4,1.16665301440824,0.849938564837099,0.321510890720464,1
35,2,3,13,6,11,1.28223435717852,1,0.385788000794369,1
35,2,3,27,16,19,1.25788116106385,1,0.373944781289686,1
35,3,1,38,23,24,1.54177292218285,1,0.257324278788067,1
35,3,2,8,4,5,1.21214696037372,1,0.821456480255761,1
35,3,2,14,6,31,1.18907504103235,0.950837684645564,0.0520579975561438,1
35,3,2,19,10,13,1.15952162174822,0.817847297866981,0.799871816751972,1
35,3,2,23,13,14,1.19138192666888,0.961218670009949,0.722364187551525,1
35,3,2,27,16,19,0.877255625220879,0.038689184797829,0.0337896119771369,1
35,4,1,36,22,23,1.05203395871578,0.33415281422102,0.328848651289875,1
35,4,1,38,23,24,1.54177292218285,1,0.560591395908872,1
35,4,2,8,4,5,1.21214696037372,1,0.337093681886445,1
35,4,2,14,6,31,1.18907504103235,0.950837684645564,0.775284749983664,1
35,4,2,19,10,13,1.15952162174822,0.817847297866981,0.234703176658875,1
35,4,2,23,13,14,1.19138192666888,0.961218670009949,0.704677310186644,1
35,4,3,1,1,2,2.17560989136319,1,0.212908972298546,1
35,4,3,2,1,39,1.58877451055042,1,0.300849318890863,1
35,4,3,3,2,3,2.87831395957713,1,0.396316485765414,1
35,4,3,13,6,11,1.28223435717852,1,0.889840694163301,1
35,4,3,18,10,11,1.09018373040664,0.50582678682987,0.271752410753124,1
35,4,3,26,16,17,1.07046471133899,0.417091201025444,0.210025282861625,1
35,4,3,27,16,19,1.25788116106385,1,0.69599928931663,1
35,5,1,38,23,24,1.54177292218285,1,0.433186722511859,1
35,5,2,8,4,5,1.21214696037372,1,0.545478219826102,1
35,5,2,10,5,6,0.945340018458866,0.0726973392202036,0.011536391391346,1
35,5,2,14,6,31,1.18907504103235,0.950837684645564,0.492501177368464,1
35,5,2,19,10,13,1.15952162174822,0.817847297866981,0.646831260057786,1
35,5,2,23,13,14,1.19138192666888,0.961218670009949,0.515241196032077,1
35,5,2,24,14,15,1.00091584330813,0.104121294886564,0.0504121767066887,1
35,5,3,1,1,2,1.56919547623513,1,0.779052332654414,1
35,5,3,2,1,39,1.09049772737018,0.507239773165827,0.466959868020792,1
35,5,3,3,2,3,2.54120984321738,1,0.254470526147008,1
35,5,3,13,6,11,1.28350090053067,1,0.770069271918264,1
35,5,3,18,10,11,1.08767463786864,0.49453587040888,0.0859473656204481,1
35,5,3,26,16,17,1.0375526407577,0.26898688340965,0.0623783895555479,1
35,6,1,36,22,23,1.05203395871578,0.33415281422102,0.0469994300715545,1
35,6,1,38,23,24,1.54177292218285,1,0.189795161074365,1
35,6,2,8,4,5,1.21214696037372,1,0.81415489341122,1
35,6,2,14,6,31,1.18907504103235,0.950837684645564,0.1956584905033,1
35,6,2,23,13,14,1.19138192666888,0.961218670009949,0.356873110160267,1
35,6,3,1,1,2,2.17560989136319,1,0.117250113540447,1
35,6,3,2,1,39,1.58877451055042,1,0.755357145052486,1
35,6,3,3,2,3,2.87831395957713,1,0.969710605621101,1
35,6,3,6,3,4,1.16665301440824,0.849938564837099,0.322139555167141,1
35,6,3,13,6,11,1.28479106547238,1,0.486480623672531,1
35,6,3,27,16,19,1.25788116106385,1,0.641529068827473,1
35,7,1,36,22,23,1.05203395871578,0.33415281422102,0.228369723549129,1
35,7,1,38,23,24,1.54177292218285,1,0.145685090848024,1
35,7,2,8,4,5,1.21214696037372,1,0.944216692784128,1
35,7,2,14,6,31,1.18907504103235,0.950837684645564,0.786511663588687,1
35,7,2,19,10,13,1.15952162174822,0.817847297866981,0.350798364264914,1
35,7,2,23,13,14,1.19138192666888,0.961218670009949,0.441815845730172,1
35,7,3,1,1,2,2.17560989136319,1,0.292856681064243,1
35,7,3,2,1,39,1.58877451055042,1,0.222167229572099,1
35,7,3,3,2,3,2.87831395957713,1,0.0647926959940658,1
35,7,3,6,3,4,1.16665301440824,0.849938564837099,0.574780935111402,1
35,7,3,13,6,11,1.28223435717852,1,0.692646809863304,1
35,7,3,27,16,19,1.25788116106385,1,0.989215420062828,1
35,7,3,41,25,37,0.858492679197958,0.0293170932593799,0.00995304432594923,1
35,8,1,29,16,24,1.00366389364216,0.116487521389699,0.107988184298331,1
35,8,1,38,23,24,1.54177292218285,1,0.866799300991352,1
35,8,2,23,13,14,0.984572655777181,0.0922940415607019,0.0522021952316267,1
35,8,3,8,4,5,1.83274793764486,1,0.91852498152375,1
35,8,3,10,5,6,1.24563072736326,1,0.019880886312021,1
35,8,3,13,6,11,1.35247180868909,1,0.890336868847174,1
35,8,3,14,6,31,0.98506925117941,0.0925420909641155,0.0441218011360619,1
35,8,3,18,10,11,1.08284575003919,0.472805875176347,0.446502714941532,1
35,8,4,3,2,3,1.58573692007034,1,0.49912764748826,1
35,9,1,36,22,23,1.05203395871578,0.33415281422102,0.00544656239605024,1
35,9,1,38,23,24,1.54177292218285,1,0.0345269221067088,1
35,9,2,8,4,5,1.21214696037372,1,0.850330974579691,1
35,9,2,14,6,31,1.18907504103235,0.950837684645564,0.823464638503052,1
35,9,2,19,10,13,1.15952162174822,0.817847297866981,0.207581698466633,1
35,9,2,23,13,14,1.19138192666888,0.961218670009949,0.341429882168469,1
35,9,3,1,1,2,2.17560989136319,1,0.204589710732976,1
35,9,3,2,1,39,1.58877451055042,1,0.544615171313669,1
35,9,3,3,2,3,2.87831395957713,1,0.641538264928756,1
35,9,3,6,3,4,1.16665301440824,0.849938564837099,0.809915519885394,1
35,9,3,13,6,11,1.28223435717852,1,0.213103378940297,1
35,9,3,18,10,11,1.09018373040664,0.50582678682987,0.460769970519876,1
35,9,3,27,16,19,1.25788116106385,1,0.443802809868224,1
35,10,1,38,23,24,1.54177292218285,1,0.968894329881844,1
35,10,2,8,4,5,1.21214696037372,1,0.171921463664063,1
35,10,2,14,6,31,1.18907504103235,0.950837684645564,0.175207892881975,1
35,10,2,19,10,13,1.15952162174822,0.817847297866981,0.394449512511408,1
35,10,2,23,13,14,1.19138192666888,0.961218670009949,0.0318598781459188,1
35,10,3,1,1,2,2.17560989136319,1,0.536581082443322,1
35,10,3,2,1,39,1.58877451055042,1,0.134659740536949,1
35,10,3,3,2,3,2.87831395957713,1,0.363818469554394,1
35,10,3,13,6,11,1.28223435717852,1,0.469211317969761,1
35,10,3,26,16,17,1.07046471133899,0.417091201025444,0.248854070922557,1
35,10,3,27,16,19,1.25788116106385,1,0.169059399244872,1
35,10,3,41,25,37,0.858492679197958,0.0293170932593799,0.00204894077096063,1
35,11,1,38,23,24,1.54177292218285,1,0.297206442972072,1
35,11,2,8,4,5,1.21214696037372,1,0.674923432019246,1
35,11,2,14,6,31,1.18907504103235,0.950837684645564,0.761174203064174,1
35,11,2,19,10,13,1.15952162174822,0.817847297866981,0.0466412353709228,1
35,11,2,23,13,14,1.19138192666888,0.961218670009949,0.201876186595909,1
35,11,3,1,1,2,2.17560989136319,1,0.336373276333858,1
35,11,3,2,1,39,1.58877451055042,1,0.968370052911574,1
35,11,3,3,2,3,2.87831395957713,1,0.901105485992233,1
35,11,3,6,3,4,1.16665301440824,0.849938564837099,0.674218130799622,1
35,11,3,13,6,11,1.28223435717852,1,0.0107719816114021,1
35,11,3,18,10,11,1.09018373040664,0.50582678682987,0.189687619978585,1
35,11,3,26,16,17,1.07046471133899,0.417091201025444,0.160444852228613,1
35,11,3,27,16,19,1.25788116106385,1,0.297586122982213,1
35,12,1,38,23,24,1.54177292218285,1,0.819262807726589,1
35,12,2,8,4,5,1.21214696037372,1,0.775256096382684,1
35,12,2,19,10,13,1.15952162174822,0.817847297866981,0.200488878798734,1
35,12,3,3,2,3,1.62588338494764,1,0.603996110343632,1
35,12,3,18,10,11,1.22634507248191,1,0.877332142170255,1
35,12,3,21,12,11,1.43153649532146,1,0.552000125738603,1
35,12,3,22,12,13,1.25055946708123,1,0.184144517268832,1
35,12,3,23,13,14,1.0597898441703,0.369054298766367,0.282844246532953,1
35,13,1,29,16,24,1.00366389364216,0.116487521389699,0.105498575808303,1
35,13,1,36,22,23,1.05203395871578,0.33415281422102,0.137329939684146,1
35,13,1,38,23,24,1.54177292218285,1,0.72838560155476,1
35,14,1,36,22,23,1.05203395871578,0.33415281422102,0.327413268860028,1
35,14,1,38,23,24,1.54177292218285,1,0.668656100747423,1
35,14,2,8,4,5,1.21214696037372,1,0.418209166931367,1
35,14,2,14,6,31,1.18907504103235,0.950837684645564,0.736247001341138,1
35,14,2,23,13,14,1.19138192666888,0.961218670009949,0.571827414050658,1
35,14,3,1,1,2,2.17560989136319,1,0.415217061537096,1
35,14,3,2,1,39,1.58877451055042,1,0.692845834280584,1
35,14,3,3,2,3,2.87831395957713,1,0.347197568018879,1
35,14,3,7,3,18,1.00034212292723,0.101539553172546,0.0884085139993532,1
35,14,3,13,6,11,1.28479106547238,1,0.0108446116098554,1
35,14,3,18,10,11,1.0140364344787,0.163163955154136,0.117133651196976,1
35,14,3,27,16,19,1.25788116106385,1,0.473831273958664,1
35,15,1,38,23,24,1.54177292218285,1,0.344714351931928,1
35,15,2,8,4,5,1.21214696037372,1,0.147539313221396,1
35,15,2,14,6,31,1.18907504103235,0.950837684645564,0.515138711400716,1
35,15,2,19,10,13,1.15952162174822,0.817847297866981,0.134203774403785,1
35,15,2,23,13,14,1.19138192666888,0.961218670009949,0.609429413765143,1
35,15,3,1,1,2,2.17560989136319,1,0.796568567769966,1
35,15,3,2,1,39,1.58877451055042,1,0.495850036342385,1
35,15,3,3,2,3,2.87831395957713,1,0.625270799903124,1
35,15,3,6,3,4,1.16665301440824,0.849938564837099,0.0200084804981541,1
35,15,3,13,6,11,1.28223435717852,1,0.568359779059853,1
35,15,3,27,16,19,1.25788116106385,1,0.510974378262956,1
35,16,1,36,22,23,1.05203395871578,0.33415281422102,0.235526070692858,1
35,16,1,38,23,24,1.54177292218285,1,0.591525726231253,1
35,16,2,8,4,5,1.21214696037372,1,0.384120444767378,1
35,16,2,14,6,31,1.18907504103235,0.950837684645564,0.0124674740186529,1
35,16,2,19,10,13,1.15952162174822,0.817847297866981,0.355222798329252,1
35,16,2,23,13,14,1.19138192666888,0.961218670009949,0.789561906392604,1
35,16,3,1,1,2,2.17560989136319,1,0.62490420841559,1
35,16,3,2,1,39,1.58877451055042,1,0.32930221379122,1
35,16,3,3,2,3,2.87831395957713,1,0.108204660667113,1
35,16,3,6,3,4,1.16665301440824,0.849938564837099,0.588435493461856,1
35,16,3,13,6,11,1.28223435717852,1,0.79318665395654,1
35,16,3,18,10,11,1.09018373040664,0.50582678682987,0.374185967556621,1
35,16,3,27,16,19,1.25788116106385,1,0.586279240014436,1
35,17,1,38,23,24,1.54177292218285,1,0.331242645847127,1
35,17,2,8,4,5,1.21214696037372,1,0.473219322179982,1
35,17,2,14,6,31,1.18907504103235,0.950837684645564,0.875899735646546,1
35,17,2,19,10,13,1.15952162174822,0.817847297866981,0.38841546102918,1
35,17,2,23,13,14,1.19138192666888,0.961218670009949,0.82220199534416,1
35,17,3,1,1,2,2.17560989136319,1,0.119011888059157,1
35,17,3,2,1,39,1.58877451055042,1,0.813336722674119,1
35,17,3,3,2,3,2.87831395957713,1,0.299583925063504,1
35,17,3,6,3,4,1.16665301440824,0.849938564837099,0.316072826857523,1
35,17,3,13,6,11,1.28223435717852,1,0.685844850360087,1
35,17,3,18,10,11,1.09018373040664,0.50582678682987,0.234138560554772,1
35,17,3,26,16,17,1.07046471133899,0.417091201025444,0.356713435552888,1
35,17,3,27,16,19,1.25788116106385,1,0.0245951337727502,1
35,17,3,42,26,27,0.998296552633036,0.0991491280402014,0.038120026321078,1
35,18,1,38,23,24,1.54177292218285,1,0.0925521308415088,1
35,18,2,8,4,5,1.21214696037372,1,0.570289268030138,1
35,18,2,19,10,13,1.15952162174822,0.817847297866981,0.810017002646788,1
35,18,2,23,13,14,1.19138192666888,0.961218670009949,0.517616690622574,1
35,18,3,1,1,2,1.15627582620439,0.803241217919777,0.176896130713148,1
35,18,3,3,2,3,2.24308181286421,1,0.266202707919916,1
35,18,3,12,6,7,0.990490492169266,0.0952500008385484,0.0126358711138239,1
35,18,3,13,6,11,1.35204332848309,1,0.721364653686401,1
35,18,3,17,9,39,1.13877062103253,0.724467794646403,0.658948704950265,1
35,18,3,18,10,11,1.16311561864402,0.834020283898085,0.825310612592394,1
35,19,1,38,23,24,1.54177292218285,1,0.957071488524673,1
35,19,2,8,4,5,1.21214696037372,1,0.256476301577363,1
35,19,2,10,5,6,0.945340018458866,0.0726973392202036,0.0121449570419024,1
35,19,2,14,6,31,1.18907504103235,0.950837684645564,0.608661037771641,1
35,19,2,19,10,13,1.15952162174822,0.817847297866981,0.574899946083788,1
35,19,2,23,13,14,1.19138192666888,0.961218670009949,0.389784312725335,1
35,19,3,1,1,2,2.17560989136319,1,0.925089842255257,1
35,19,3,2,1,39,1.58877451055042,1,0.611398820796166,1
35,19,3,3,2,3,2.87831395957713,1,0.609032174261997,1
35,19,3,5,2,30,1.00940343027632,0.142315436243428,0.0347686281564573,1
35,19,3,6,3,4,1.16665301440824,0.849938564837099,0.260554323667076,1
35,19,3,13,6,11,1.28694315255925,1,0.871247173847068,1
35,19,3,18,10,11,1.09641330153867,0.533859856924,0.346117342469212,1
35,19,3,26,16,17,1.07046471133899,0.417091201025444,0.369179547963915,1
35,19,3,27,16,19,1.25788116106385,1,0.212886796402378,1
35,20,1,36,22,23,1.05203395871578,0.33415281422102,0.0268423715496632,1
35,20,1,38,23,24,1.54177292218285,1,0.474755300465201,1
35,20,2,8,4,5,1.21214696037372,1,0.92667262336652,1
35,20,2,14,6,31,1.18907504103235,0.950837684645564,0.565650198866652,1
35,20,2,19,10,13,1.15952162174822,0.817847297866981,0.344379009077009,1
35,20,2,23,13,14,1.19138192666888,0.961218670009949,0.880121944979926,1
35,20,3,1,1,2,2.17560989136319,1,0.462280471447206,1
35,20,3,2,1,39,1.58877451055042,1,0.338383575777248,1
35,20,3,3,2,3,2.87831395957713,1,0.561910941135028,1
35,20,3,6,3,4,1.16665301440824,0.849938564837099,0.314466652918996,1
35,20,3,7,3,18,1.00034212292723,0.101539553172546,0.0369593499231979,1
35,20,3,13,6,11,1.28223435717852,1,0.288697170896838,1
35,20,3,18,10,11,1.09018373040664,0.50582678682987,0.0240779745179716,1
35,20,3,26,16,17,1.07046471133899,0.417091201025444,0.251961389598304,1
35,20,3,27,16,19,1.25788116106385,1,0.968667296405491,1
35,20,3,33,19,33,0.891300788660826,0.0457047439360824,0.00017056157314399,1
37,4,1,8,4,5,0.940646757904427,0.0703530555732615,0.0683953860073853,1
37,4,2,9,4,14,1.14562439016086,0.75530975572388,0.326885291425998,1
37,4,2,19,10,13,1.67268060601049,1,0.887904207468572,1
37,4,2,23,13,14,1.75013283149181,1,0.316750713046607,1
37,4,3,3,2,3,2.01352181173803,1,0.681348958898204,1
37,4,3,13,6,11,1.31651813086693,1,0.290046001277935,1
37,4,4,7,3,18,1.41411085199388,1,0.953100612724937,1
37,4,4,27,16,19,1.32635726817042,1,0.425201590314583,1
37,4,4,30,17,18,1.444624513839,1,0.355390620653303,1
37,4,4,31,17,27,1.26340546997731,1,0.53659128446042,1
37,4,4,40,25,26,1.3936350942224,1,0.439518397866101,1
37,4,4,42,26,27,1.71370175028331,1,0.257201991484314,1
37,7,1,19,10,13,0.959555766622713,0.0797981054280454,0.0777517781854216,1
37,7,2,8,4,5,1.51444174849405,1,0.40802662386774,1
37,7,2,10,5,6,1.08804603937845,0.49620717720302,0.262802501830774,1
37,7,2,18,10,11,1.1396188246269,0.728284710821072,0.0729071741572939,1
37,7,3,3,2,3,1.36882800142583,1,0.571928933144268,1
37,7,3,12,6,7,1.2437884793357,1,0.27845963335119,1
37,7,3,14,6,31,1.15447719326577,0.795147369695987,0.20391428685482,1
37,7,3,22,12,13,0.992346396835452,0.0961770252193083,0.0248518436477075,1
37,7,4,27,16,19,1.20458105079108,1,0.490500265402043,1
37,7,4,31,17,27,1.23278166083384,1,0.418057931256793,1
37,7,4,40,25,26,1.3202818781657,1,0.98020637112926,1
37,7,4,42,26,27,1.63875841464077,1,0.62681543168918,1
37,12,1,14,6,31,0.941258707422169,0.0706587243573735,0.0130096859219844,1
37,12,1,19,10,13,0.959555766622713,0.0797981054280454,0.0166080521911118,1
37,12,2,3,2,3,1.7347423602994,1,0.857158222087202,1
37,12,2,13,6,11,1.14474342784227,0.751345425290206,0.723559170338089,1
37,12,2,18,10,11,1.1608128506768,0.82365782804561,0.199269733536696,1
37,12,2,27,16,19,0.856828594795998,0.0284858831006011,0.0231439928575331,1
37,16,1,19,10,13,0.959555766622713,0.0797981054280454,0.0710431737966641,1
37,16,2,8,4,5,1.51444174849405,1,0.953976805168308,1
37,16,2,14,6,31,0.961965747966177,0.0810018911091055,0.0107348530625224,1
37,16,3,1,1,2,1.06183935765558,0.378277109450112,0.252076608599283,1
37,16,3,3,2,3,2.03851526799386,1,0.996450046596566,1
37,16,3,18,10,11,1.16029895171903,0.821345282735658,0.715296805632087,1
37,16,4,27,16,19,1.274494517441,1,0.138628589722213,1
37,16,4,31,17,27,1.25759970518045,1,0.394990880260661,1
37,16,4,40,25,26,1.33520435722171,1,0.593389033746986,1
37,16,4,42,26,27,1.67020575380537,1,0.773976630164688,1
37,18,1,8,4,5,0.940646757904427,0.0703530555732615,0.0372922705089237,1
37,18,2,19,10,13,1.67268060601049,1,0.590576967084084,1
37,18,2,23,13,14,1.75013283149181,1,0.0257700650028707,1
37,18,3,3,2,3,1.98972533075054,1,0.8070974662574,1
37,18,3,13,6,11,1.31613810763029,1,0.370335554735829,1
37,18,4,4,2,25,1.3842014092893,1,0.298924061327686,1
37,18,4,27,16,19,1.36539130396638,1,0.0329717570457662,1
37,18,4,31,17,27,1.52902141456654,1,0.670493309186101,1
37,18,4,40,25,26,1.78122591740887,1,0.225942561452223,1
37,18,4,42,26,27,1.97167010349318,1,0.0876635359838275,1
37,20,1,14,6,31,0.941258707422169,0.0706587243573735,0.043878501875845,1
37,20,1,19,10,13,0.959555766622713,0.0797981054280454,0.0029474267601749,1
37,20,2,3,2,3,1.7347423602994,1,0.438049561747907,1
37,20,2,13,6,11,1.14474342784227,0.751345425290206,0.108910213300754,1
37,20,3,18,10,11,1.2382006200212,1,0.442102455306563,1
37,20,3,21,12,11,1.45993694885706,1,0.443139026726327,1
37,20,3,22,12,13,1.2145438941318,1,0.463608144510195,1
37,20,3,27,16,19,1.20912367017359,1,0.148358447490681,1
37,20,3,42,26,27,1.1548008738585,0.796603932363242,0.61769543751138,1
38,1,1,28,16,21,1.09934922397782,0.547071507900189,0.00305454687591744,1
38,2,1,28,16,21,1.09934922397782,0.547071507900189,0.276546728853761,1
38,3,1,28,16,21,1.09934922397782,0.547071507900189,0.428566117280277,1
38,4,1,28,16,21,1.09934922397782,0.547071507900189,0.413734739094311,1
38,4,2,14,6,31,0.965909305122291,0.0829716979085842,0.0798288770495236,1
38,4,3,3,2,3,1.7236958249129,1,0.00274208214706173,1
38,4,4,4,2,25,1.31592905680015,1,0.752715358836071,1
38,4,4,16,8,9,1.21183469743722,1,0.466068034032673,1
38,4,4,17,9,39,1.32363935227154,1,0.993169757402594,1
38,4,4,40,25,26,1.62366021220524,1,0.150935425722985,1
38,4,4,42,26,27,1.65944420021532,1,0.759185088090421,1
38,5,1,28,16,21,1.09934922397782,0.547071507900189,0.444073801137052,1
38,7,1,28,16,21,1.09934922397782,0.547071507900189,0.0966796484490738,1
38,7,1,35,21,22,1.02872704636034,0.229271708621549,0.0235261963676129,1
38,8,1,28,16,21,1.09934922397782,0.547071507900189,0.203295154091857,1
38,8,2,19,10,13,0.97949071584131,0.0897556125627345,0.047070395946877,1
38,8,3,8,4,5,1.56133767139606,1,0.293921642164061,1
38,8,3,18,10,11,1.14237727265612,0.740697726952551,0.0382265481869706,1
38,8,4,3,2,3,1.48585376213978,1,0.742424933019421,1
38,8,4,14,6,31,1.21896829342186,1,0.910843202758926,1
38,10,1,28,16,21,1.09934922397782,0.547071507900189,0.260987730195467,1
38,10,1,35,21,22,1.02872704636034,0.229271708621549,0.217215008042964,1
38,10,2,8,4,5,0.974210914760058,0.087118351922649,0.00697174936868561,1
38,10,3,9,4,14,1.16217550292041,0.829789763141831,0.0948154523576478,1
38,10,3,13,6,11,1.06719762333168,0.402389304992577,0.198206322935169,1
38,10,3,19,10,13,1.7185782364689,1,0.440067253630838,1
38,10,3,23,13,14,1.80238190185346,1,0.716786623148515,1
38,10,4,3,2,3,1.88157676037687,1,0.275156956002119,1
38,12,1,28,16,21,1.09934922397782,0.547071507900189,0.468557081330292,1
38,12,2,8,4,5,0.974210914760058,0.087118351922649,0.0346149492230926,1
38,12,3,9,4,14,1.16217550292041,0.829789763141831,0.345208939359055,1
38,12,3,19,10,13,1.7185782364689,1,0.351023298611015,1
38,12,3,23,13,14,1.80238190185346,1,0.932453487147451,1
38,12,4,1,1,2,1.06489920506282,0.392046422782712,0.27892977493848,1
38,12,4,3,2,3,2.13850648677003,1,0.913430906218124,1
38,12,4,13,6,11,1.36606721543177,1,0.843416743236914,1
38,12,4,16,8,9,1.12529260029471,0.663816701326178,0.60359986688995,1
38,12,4,18,10,11,1.18342798413465,0.925425928605934,0.203572647271302,1
38,14,1,28,16,21,1.09934922397782,0.547071507900189,0.15946443282787,1
38,14,2,8,4,5,0.974210914760058,0.087118351922649,0.0848122000456488,1
38,14,2,19,10,13,0.97949071584131,0.0897556125627345,0.0479520720652796,1
38,14,2,23,13,14,1.00250864620988,0.111288907944457,0.0281390963318543,1
38,14,3,3,2,3,2.12488842082773,1,0.77284333151267,1
38,14,3,11,5,8,0.927716093630729,0.063894188768549,0.00648943283591952,1
38,14,3,13,6,11,1.36514343268596,1,0.570860181667666,1
38,14,3,18,10,11,1.18243068151524,0.920938066818568,0.304048305683382,1
38,15,1,28,16,21,1.09934922397782,0.547071507900189,0.425163542614857,1
38,15,1,35,21,22,1.02872704636034,0.229271708621549,0.1025542008062,1
38,16,1,28,16,21,1.09934922397782,0.547071507900189,0.0332128209560636,1
38,17,1,28,16,21,1.09934922397782,0.547071507900189,0.485693881757467,1
38,17,1,35,21,22,1.02872704636034,0.229271708621549,0.153416135053111,1
38,19,1,28,16,21,1.09934922397782,0.547071507900189,0.122047935373501,1
38,19,1,35,21,22,1.02872704636034,0.229271708621549,0.0517738925193451,1
38,20,1,28,16,21,1.09934922397782,0.547071507900189,0.304268109318467,1
39,5,1,14,6,31,0.905350350016767,0.0527224998333749,0.00903629510440873,1
39,5,1,23,13,14,0.94554322189799,0.0727988393380458,0.0659548341668338,1
39,5,2,3,2,3,1.70434107000131,1,0.581127116973075,1
39,5,2,13,6,11,1.34023031798073,1,0.067428094198499,1
39,5,3,27,16,19,1.15230829402598,0.785387323116932,0.552278497509684,1
39,5,3,31,17,27,1.07672667687336,0.44527004593011,0.41467521033014,1
39,5,3,40,25,26,1.20153828748639,1,0.967857079690792,1
39,5,3,42,26,27,1.49789804686294,1,0.745891552040618,1
39,9,1,19,10,13,0.927334446741737,0.0637035561474979,0.040631422231447,1
39,9,2,8,4,5,1.45568168861464,1,0.501981760953804,1
39,9,2,14,6,31,0.923301705952254,0.061689202123151,0.0271802752429582,1
39,9,2,18,10,11,1.12336111433771,0.655125014519673,0.0234773559478437,1
39,9,3,3,2,3,1.95058620865166,1,0.302647436473888,1
39,9,4,17,9,39,1.13055618969192,0.687502853613634,0.329614793980074,1
39,9,4,27,16,19,1.24227057921333,1,0.373531504879395,1
39,9,4,31,17,27,1.28623044747083,1,0.415020291234059,1
39,9,4,40,25,26,1.4780658326971,1,0.573096513332055,1
39,9,4,42,26,27,1.73286637087343,1,0.214102754184475,1
39,12,1,8,4,5,0.900170615125636,0.0501352222552551,0.012957039891295,1
39,12,2,19,10,13,1.60951047615892,1,0.459141155621681,1
39,12,2,23,13,14,1.68540391087209,1,0.113982714855478,1
39,12,3,3,2,3,1.90803930868245,1,0.389945173539646,1
39,12,3,12,6,7,0.905658035614634,0.0528761887895098,0.0329624715124889,1
39,12,3,13,6,11,1.3001666685294,1,0.108368657076135,1
39,12,3,18,10,11,1.10870305092246,0.58916372915105,0.119378515719635,1
39,12,4,4,2,25,1.19522965236843,0.978533435657925,0.473758467767546,1
39,12,4,11,5,8,1.13135584289417,0.691101293023784,0.682906268174332,1
39,12,4,31,17,27,1.42720065512697,1,0.454717812312044,1
39,12,4,40,25,26,1.60172448593617,1,0.158204563113633,1
39,12,4,42,26,27,1.83386852732346,1,0.784543245010499,1
39,13,1,23,13,14,0.94554322189799,0.0727988393380458,0.0292920578371656,1
39,13,2,8,4,5,1.75245819766446,1,0.285605377462794,1
39,13,2,10,5,6,1.20277451272302,1,0.597474229407411,1
39,13,2,13,6,11,1.32559029772803,1,0.425569566674111,1
39,13,3,3,2,3,1.61410220978711,1,0.95032813066565,1
39,13,3,12,6,7,1.33080716761538,1,0.779250315886987,1
39,13,4,27,16,19,1.12823326402737,0.677049688123174,0.514046451969634,1
39,13,4,31,17,27,1.15120407282354,0.780418327705949,0.122237314389699,1
39,13,4,40,25,26,1.21350992564185,1,0.256653297656773,1
39,13,4,42,26,27,1.53933515550145,1,0.462885222062525,1
39,15,1,14,6,31,0.905350350016767,0.0527224998333749,0.0524358489594258,1
39,15,2,3,2,3,1.65947264620538,1,0.821693071281647,1
39,15,3,4,2,25,1.18708250532513,0.941871273963084,0.85367887760969,1
39,15,3,17,9,39,1.19624138132491,0.983086215962078,0.165664243537319,1
39,15,3,31,17,27,1.07843503965885,0.452957678464809,0.258862075550124,1
39,15,3,40,25,26,1.51022549957353,1,0.379974122530981,1
39,15,3,42,26,27,1.56274202515636,1,0.0587784274312368,1
39,18,1,19,10,13,0.927334446741737,0.0637035561474979,0.00895540772256298,1
39,18,2,8,4,5,1.45568168861464,1,0.48647037317659,1
39,18,2,13,6,11,0.925763013749177,0.0629186253677139,0.00543188444122356,1
39,18,2,18,10,11,1.12336111433771,0.655125014519673,0.447950616863853,1
39,18,3,3,2,3,1.63498157034119,1,0.964483846662873,1
39,18,4,4,2,25,1.20184118608534,1,0.378007845323389,1
39,18,4,27,16,19,1.21669675056747,1,0.0722454299634059,1
39,18,4,31,17,27,1.42485003536949,1,0.953140477672829,1
39,18,4,40,25,26,1.61321030844616,1,0.62682087382515,1
39,18,4,42,26,27,1.84574845117062,1,0.0349926393500539,1
39,19,1,14,6,31,0.905350350016767,0.0527224998333749,0.0070869171343646,1
39,19,2,3,2,3,1.65947264620538,1,0.194554767527868,1
39,19,3,4,2,25,1.18708250532513,0.941871273963084,0.720861588583187,1
39,19,3,16,8,9,1.12960259726561,0.683211687695257,0.00178819314342793,1
39,19,3,17,9,39,1.19624138132491,0.983086215962078,0.260344097400091,1
39,19,3,31,17,27,1.07843503965885,0.452957678464809,0.248739359704607,1
39,19,3,40,25,26,1.51022549957353,1,0.69318629693483,1
39,19,3,42,26,27,1.56274202515636,1,0.195776102772754,1
40,16,1,1,1,2,0.481005919831411,0.0001,6.62015279135897e-05,1
40,16,2,3,2,3,1.47040738548596,1,0.76673765798122,1
40,16,3,23,13,14,0.893617243634417,0.0468618131953914,0.0215689689885753,1
40,16,3,27,16,19,0.838771846602682,0.0194665373780395,0.0163984246881073,1
40,16,4,6,3,4,1.10595078037333,0.576778511679964,0.245220398279097,1
40,16,4,8,4,5,2.39030688906306,1,0.177866788712828,1
40,16,4,10,5,6,1.52616744647697,1,0.170074658956034,1
40,16,4,13,6,11,1.66469489066267,1,0.848956460031507,1
40,16,4,14,6,31,1.4037505760006,1,0.0322137416178097,1
40,16,4,18,10,11,1.36447020839031,1,0.193151653256081,1
40,16,4,20,10,32,1.17788288750871,0.900472993789206,0.411795816817793,1
41,3,1,27,16,19,0.805146630192801,0.00267074178130395,0.000335032991809481,1
41,3,2,8,4,5,1.2729316618509,1,0.738178358591115,1
41,3,2,14,6,31,1.26381532181171,1,0.0874577775998093,1
41,3,2,19,10,13,1.13967920807619,0.728556436342863,0.37777497422552,1
41,3,2,23,13,14,1.16666982511292,0.850014213008152,0.155209935849706,1
41,3,3,1,1,2,1.81160622795432,1,0.772346296468378,1
41,3,3,2,1,39,1.27386847401439,1,0.865500655577518,1
41,3,3,3,2,3,1.9777439427009,1,0.457391930159153,1
41,3,3,13,6,11,1.27892809553978,1,0.593918748289213,1
41,3,3,18,10,11,1.08158032968164,0.467111483567387,0.429727594996762,1
41,13,1,8,4,5,0.891147367417343,0.0456281100249628,0.00660054926236264,1
41,13,2,9,4,14,1.31676797096532,1,0.990820343647309,1
41,13,2,19,10,13,1.52652887787138,1,0.444827035903468,1
41,13,2,23,13,14,1.59458887546939,1,0.720041939285885,1
41,13,3,3,2,3,1.28532626405417,1,0.824483493244998,1
41,13,3,6,3,4,0.994627994104238,0.0973166830550666,0.0902528337435899,1
41,13,3,13,6,11,1.29717650232417,1,0.759584465325136,1
41,13,3,18,10,11,1.10503753178537,0.572668893034181,0.17645178037722,1
42,6,1,38,23,24,0.569768990781393,0.0001,5.07918679382158e-06,1
42,10,1,3,2,3,1.00979346450658,0.144070590279622,0.0355127953516968,1
42,10,2,1,1,2,1.33875137439684,1,0.482317582642331,1
42,10,3,14,6,31,1.11708582955395,0.626886232992791,0.336231058334882,1
42,10,3,19,10,13,0.940211010105117,0.070135399547506,0.0150260990014818,1
42,10,3,23,13,14,0.947021319314326,0.0735371489975058,0.0102046256414359,1
42,10,4,8,4,5,1.34024632795125,1,0.519704034083219,1
42,10,4,13,6,11,1.48205748792035,1,0.601062092202163,1
42,10,4,18,10,11,1.30388233502094,1,0.78537191431629,1
42,12,1,3,2,3,1.00979346450658,0.144070590279622,0.0212644886524309,1
42,12,2,1,1,2,1.33875137439684,1,0.262174399318782,1
42,12,3,8,4,5,0.975050073661171,0.0875375117937552,0.0330443587814334,1
42,12,3,20,10,32,0.916658369597162,0.0583708556137824,0.0040350993759326,1
42,12,4,13,6,11,1.37317501487019,1,0.194134748340696,1
46,1,1,23,13,14,0.978649913309392,0.0893356316980412,0.0102812823228633,1
46,1,2,8,4,5,1.91263513490184,1,0.726761236644063,1
46,1,2,10,5,6,1.30274023637031,1,0.527206705330807,1
46,1,2,13,6,11,1.36702222551757,1,0.0134447592810222,1
46,1,3,3,2,3,1.38316965544599,1,0.350513990869806,1
46,1,3,12,6,7,1.55079628173875,1,0.394907235142453,1
46,1,3,15,7,8,1.25541732918347,1,0.385357576145634,1
46,1,4,4,2,25,1.44721028356858,1,0.458462844447607,1
46,1,4,27,16,19,1.15642056977237,0.803892563975685,0.0751349515501575,1
46,1,4,40,25,26,1.81372635061605,1,0.759414690177524,1
46,5,1,8,4,5,1.03246292452126,0.246083160345656,0.102820551648004,1
46,5,2,9,4,14,1.37234594902911,1,0.233417260190819,1
46,5,2,13,6,11,1.10389856441013,0.567543539845586,0.00766171781316694,1
46,5,2,19,10,13,1.7430713612071,1,0.518736484198208,1
46,5,2,23,13,14,1.82524004230509,1,0.552285879264757,1
46,5,3,3,2,3,1.45616484191051,1,0.0450042765136225,1
46,5,4,4,2,25,1.02784216791949,0.225289755637691,0.100712448535542,1
46,5,4,7,3,18,1.380479362689,1,0.729947062013051,1
46,5,4,26,16,17,1.23521013202355,1,0.254008374873851,1
46,5,4,27,16,19,1.19228308758103,0.965273894114613,0.849183946700349,1
46,5,4,30,17,18,1.40104519316545,1,0.39535197686813,1
46,5,4,40,25,26,1.48892337949499,1,0.123708612432296,1
46,6,1,27,16,19,0.829542677678634,0.0148565675004778,0.00560108228631118,1
46,6,2,8,4,5,1.41698457390922,1,0.0500317574399449,1
46,6,2,14,6,31,1.4420028048157,1,0.603535066242277,1
46,6,2,19,10,13,1.26492249396105,1,0.928139812165016,1
46,6,2,20,10,32,1.06395562686306,0.387800320883766,0.252640069327353,1
46,6,2,23,13,14,1.29446064436643,1,0.389163288666794,1
46,8,1,8,4,5,1.03246292452126,0.246083160345656,0.121521219686428,1
46,8,2,9,4,14,1.37234594902911,1,0.443239069782508,1
46,8,2,13,6,11,1.10389856441013,0.567543539845586,0.371967383929817,1
46,8,2,19,10,13,1.7430713612071,1,0.434335800618421,1
46,8,2,23,13,14,1.82524004230509,1,0.520610771986778,1
46,8,3,3,2,3,1.45616484191051,1,0.71979818858315,1
46,8,3,27,16,19,0.977611147132991,0.0888167679929291,0.0464377218621587,1
46,9,1,19,10,13,0.960857296408253,0.0804482195559225,0.0159226282414501,1
46,9,2,8,4,5,1.6049033551906,1,0.995490413660468,1
46,9,2,10,5,6,1.15123027106378,0.78053621978701,0.0966313365674734,1
46,9,2,14,6,31,1.04237029991313,0.290666349609105,0.0367941133874028,1
46,9,2,18,10,11,1.1638631282071,0.837384076931959,0.0836863001008267,1
46,9,2,40,25,26,0.779859366270466,0.0001,2.02224384500127e-05,1
46,9,3,3,2,3,2.5437206741827,1,0.22727563927075,1
46,9,3,27,16,19,1.15835683862318,0.812605773804299,0.519342502403355,1
46,9,3,31,17,27,1.38279704083298,1,0.326380178141565,1
46,10,1,19,10,13,0.960857296408253,0.0804482195559225,0.0558676748748398,1
46,10,2,8,4,5,1.6049033551906,1,0.799162352704728,1
46,10,2,10,5,6,1.15123027106378,0.78053621978701,0.151467853936741,1
46,10,2,18,10,11,1.1638631282071,0.837384076931959,0.443695803662003,1
46,13,1,23,13,14,0.978649913309392,0.0893356316980412,0.0294664047870603,1
46,13,2,8,4,5,1.91263513490184,1,0.404418588617388,1
46,13,2,10,5,6,1.30274023637031,1,0.537308098718585,1
46,13,2,13,6,11,1.36702222551757,1,0.774402928854885,1
46,13,3,3,2,3,1.38316965544599,1,0.101536821697111,1
46,13,3,12,6,7,1.55079628173875,1,0.0686123030127759,1
46,13,3,15,7,8,1.25541732918347,1,0.560150339225028,1
46,13,3,17,9,39,0.85608677953482,0.0281153463776428,0.0176591736288146,1
46,13,4,4,2,25,1.44721028356858,1,0.648691206344832,1
46,13,4,27,16,19,1.15642056977237,0.803892563975685,0.407553667097398,1
46,13,4,40,25,26,1.81372635061605,1,0.0630367631190552,1
46,15,1,8,4,5,1.03246292452126,0.246083160345656,0.0779816234014288,1
46,15,2,9,4,14,1.37234594902911,1,0.145075018940747,1
46,15,2,13,6,11,1.10389856441013,0.567543539845586,0.460992186647794,1
46,15,2,14,6,31,1.04559857863395,0.305193603852775,0.0450828965482442,1
46,15,2,19,10,13,1.7430713612071,1,0.49041138350586,1
46,15,2,23,13,14,1.82524004230509,1,0.106422479556424,1
46,15,3,3,2,3,1.17850889018303,0.903290005823635,0.367879175853972,1
46,15,3,27,16,19,1.02187310450506,0.198428970272783,0.184945079212548,1
46,20,1,19,10,13,0.960857296408253,0.0804482195559225,0.0365935775318953,1
46,20,2,8,4,5,1.6049033551906,1,0.785725790483514,1
46,20,2,10,5,6,1.15123027106378,0.78053621978701,0.177804196090696,1
46,20,3,3,2,3,1.13097555026602,0.689389976197083,0.20475897801,1
46,20,3,12,6,7,1.57830185872599,1,0.641524361246782,1
46,20,3,15,7,8,1.26017313314806,1,0.137035287800162,1
46,20,3,18,10,11,1.33134415756057,1,0.103614267356004,1
46,20,3,20,10,32,1.0182956747066,0.182330536179712,0.0694043627887498,1
46,20,3,21,12,11,1.4506058375411,1,0.908185145583643,1
46,20,3,22,12,13,1.30341938087376,1,0.0606324750492229,1
46,20,3,23,13,14,1.113171459717,0.609271568726502,0.340040111084222,1
46,20,4,4,2,25,1.44721028356859,1,0.293251705856805,1
46,20,4,27,16,19,1.15642056977238,0.803892563975698,0.672357028957509,1
46,20,4,30,17,18,0.885901319903989,0.0430077092920427,0.0300492865017511,1
46,20,4,40,25,26,1.81372635061605,1,0.600551470677508,1
1,2,5,13,6,11,1.87619312936372,1,0.0804761821056145,0
1,2,5,18,10,11,1.52431113281421,1,0.695355278616227,0
1,2,5,20,10,32,2.02941766094732,1,0.243140036670285,0
1,8,5,13,6,11,1.87619312936372,1,0.912954555141081,0
1,8,5,18,10,11,1.52431113281421,1,0.735082516772219,0
1,8,5,20,10,32,2.02941766094732,1,0.0918308775828218,0
1,15,5,13,6,11,1.89612390241506,1,0.363843438018417,0
1,15,5,18,10,11,1.55008582422684,1,0.341379200247238,0
1,15,5,20,10,32,2.10366074117984,1,0.39203537884661,0
2,8,5,26,16,17,1.23086461673609,1,0.87373991559517,0
8,17,4,28,16,21,1.3355450335736,1,0.853372902591937,0
8,17,4,35,21,22,1.20858161190345,1,0.699549691981834,0
8,17,4,37,22,35,1.59141427780992,1,0.296675323477695,0
10,16,4,7,3,18,1.32850838327569,1,0.854275014286024,0
10,16,4,30,17,18,1.35651937009775,1,0.909761598861919,0
10,16,4,42,26,27,1.53123627060931,1,0.672933348413923,0
10,18,5,7,3,18,1.32850838327569,1,0.146002858044278,0
10,18,5,30,17,18,1.35651937009775,1,0.218208468893752,0
10,18,5,42,26,27,1.53123627060931,1,0.0310575336137543,0
10,19,4,3,2,3,1.42998030577661,1,0.321989961082554,0
11,7,3,3,2,3,1.49941315612697,1,0.494367113810421,0
11,7,3,6,3,4,1.53580500252468,1,0.882116640637629,0
11,7,3,8,4,5,2.15998039159422,1,0.409114308184073,0
11,7,3,9,4,14,1.94705695835772,1,0.997743341130068,0
11,12,3,3,2,3,1.41792514597141,1,0.803320258961274,0
11,12,3,6,3,4,1.27561697866884,1,0.689787219932976,0
11,12,3,13,6,11,1.63307643930104,1,0.492267986671052,0
11,12,3,18,10,11,1.25647013424201,1,0.42139391577283,0
11,16,3,3,2,3,1.41792514597141,1,0.502603726827955,0
11,16,3,6,3,4,1.27561697866884,1,0.865319474645867,0
11,16,3,13,6,11,1.63307643930104,1,0.476490591202054,0
11,16,3,18,10,11,1.25647013424201,1,0.442581780281935,0
11,17,3,3,2,3,1.49941315612697,1,0.979375381125529,0
11,17,3,6,3,4,1.53580500252468,1,0.182954176577138,0
11,17,3,8,4,5,2.15998039159422,1,0.00249626547399184,0
11,17,3,9,4,14,1.94705695835772,1,0.482807016665843,0
12,8,4,7,3,18,1.32850838327569,1,0.185798054599576,0
12,8,4,30,17,18,1.35651937009775,1,0.374597361859949,0
12,8,4,42,26,27,1.53123627060931,1,0.0542891470321156,0
12,16,3,3,2,3,1.49941315612697,1,0.197171034939453,0
12,16,3,6,3,4,1.53580500252468,1,0.410436898142297,0
12,16,3,8,4,5,2.15998039159422,1,0.10862038230162,0
12,16,3,9,4,14,1.94705695835772,1,0.407945467713772,0
14,1,5,13,6,11,1.89612390241506,1,0.70536975841964,0
14,1,5,18,10,11,1.55008582422684,1,0.841112646136226,0
14,1,5,20,10,32,2.10366074117984,1,0.202257929441134,0
14,2,4,13,6,11,1.89612390241506,1,0.592786451666092,0
14,2,4,18,10,11,1.55008582422684,1,0.876845986017151,0
14,2,4,20,10,32,2.10366074117984,1,0.090625324044446,0
14,6,4,13,6,11,1.87619312936372,1,0.450991265459477,0
14,6,4,18,10,11,1.52431113281421,1,0.822031913447373,0
14,6,4,20,10,32,2.02941766094732,1,0.557011619289859,0
14,7,4,13,6,11,1.89612390241506,1,0.316755406692348,0
14,7,4,18,10,11,1.55008582422684,1,0.228739356669037,0
14,7,4,20,10,32,2.10366074117984,1,0.637574603074696,0
14,8,4,13,6,11,1.87619312936372,1,0.514176177319659,0
14,8,4,18,10,11,1.52431113281421,1,0.295774322873392,0
14,8,4,20,10,32,2.02941766094732,1,0.607399333191323,0
14,9,4,13,6,11,1.87619312936372,1,0.126050260136432,0
14,9,4,18,10,11,1.52431113281421,1,0.134412070858976,0
14,9,4,20,10,32,2.02941766094732,1,0.774021117594787,0
14,10,4,13,6,11,1.89612390241506,1,0.493168438013979,0
14,10,4,18,10,11,1.55008582422684,1,0.800894445821956,0
14,10,4,20,10,32,2.10366074117984,1,0.0405515284096797,0
14,12,4,42,26,27,1.25780176159148,1,0.677468444856105,0
14,15,4,13,6,11,1.89612390241506,1,0.359239442928787,0
14,15,4,18,10,11,1.55008582422684,1,0.39128873107958,0
14,15,4,20,10,32,2.10366074117984,1,0.102313182268063,0
14,16,4,13,6,11,1.89612390241506,1,0.854302682668569,0
14,16,4,18,10,11,1.55008582422684,1,0.261393293126216,0
14,16,4,20,10,32,2.10366074117984,1,0.486896170546165,0
14,17,4,13,6,11,1.87619312936372,1,0.669761458875778,0
14,17,4,18,10,11,1.52431113281421,1,0.956696288732987,0
14,17,4,20,10,32,2.02941766094732,1,0.0421267882548206,0
14,18,4,13,6,11,1.89612390241506,1,0.462917723235622,0
14,18,4,18,10,11,1.55008582422684,1,0.882782372854644,0
14,18,4,20,10,32,2.10366074117984,1,0.000791121936602246,0
14,19,4,13,6,11,1.89612390241506,1,0.44166656337694,0
14,19,4,18,10,11,1.55008582422684,1,0.0886536677938262,0
14,19,4,20,10,32,2.10366074117984,1,0.878643317908905,0
18,4,5,4,2,25,1.28605897319894,1,0.589779778923969,0
18,4,5,31,17,27,1.22021885918299,1,0.319515470333677,0
18,4,5,40,25,26,1.62133260671145,1,0.52286011408391,0
18,4,5,42,26,27,1.70847664607933,1,0.944863924450713,0
19,12,5,25,15,16,1.67246851171187,1,0.675087743934792,0
27,14,4,40,25,26,1.25413471576635,1,0.0562739573437819,0
27,14,4,42,26,27,1.60738997522189,1,0.120117951485451,0
28,8,4,27,16,19,1.30549544623829,1,0.215681354323186,0
28,8,4,31,17,27,1.3089597039789,1,0.0429563883659608,0
28,8,4,40,25,26,1.34496849306799,1,0.815599237827482,0
28,8,4,42,26,27,1.70849171724639,1,0.586382619631491,0
28,19,5,7,3,18,1.20633556110839,1,0.479205286312543,0
28,19,5,27,16,19,1.30562566261069,1,0.976557833944562,0
28,19,5,30,17,18,1.21843803494043,1,0.552112677705335,0
28,19,5,42,26,27,1.5172088766896,1,0.0930822481947727,0
33,1,5,28,16,21,1.45579913720464,1,0.818649461038571,0
33,1,5,35,21,22,1.28783329534467,1,0.518405941269925,0
33,1,5,37,22,35,1.74853959792533,1,0.71341558406917,0
33,2,4,13,6,11,1.94091567335899,1,0.230562397116195,0
33,2,4,18,10,11,1.59434516019104,1,0.886392014982463,0
33,2,4,19,10,13,1.28188667887403,1,0.226035731086146,0
33,2,4,20,10,32,2.37456055196066,1,0.0499292701193167,0
33,2,4,23,13,14,1.2482359339852,1,0.105367012040793,0
33,3,5,28,16,21,1.57132045478248,1,0.540914000897515,0
33,3,5,35,21,22,1.41543843822898,1,0.888872729612714,0
33,3,5,37,22,35,2.00273236928409,1,0.865755531652949,0
33,3,5,38,23,24,1.2187481850324,1,0.0796709579728038,0
33,15,4,28,16,21,1.61239195066897,1,0.566607036536517,0
33,15,4,35,21,22,1.47032595312726,1,0.13886597386101,0
33,15,4,37,22,35,2.11754178645144,1,0.846675658858442,0
33,15,4,38,23,24,1.26614849511115,1,0.834620695062798,0
33,19,5,1,1,2,1.31672224304169,1,0.174413674944714,0
33,20,4,13,6,11,1.93454206972321,1,0.617486842164467,0
33,20,4,18,10,11,1.59199189740047,1,0.482487207615304,0
33,20,4,19,10,13,1.34621538355364,1,0.359161019017525,0
33,20,4,20,10,32,2.46330139231108,1,0.372055429344354,0
33,20,4,23,13,14,1.31344232533537,1,0.338433501473552,0
34,2,4,1,1,2,1.37751511346817,1,0.895915454304744,0
34,4,5,28,16,21,1.480087081697,1,0.119379833341003,0
34,4,5,35,21,22,1.30047424746127,1,0.401360546214744,0
34,4,5,37,22,35,1.77257717711034,1,0.310232870628,0
34,18,4,13,6,11,1.8787449299156,1,0.679815764015559,0
34,18,4,18,10,11,1.53829161147885,1,0.157180317574567,0
34,18,4,19,10,13,1.26653196544113,1,0.304194517598493,0
34,18,4,20,10,32,2.25564674243417,1,0.259344669640463,0
34,18,4,23,13,14,1.23711081225873,1,0.248548339970963,0
35,3,3,1,1,2,1.31304298359656,1,0.148698132606573,0
35,3,3,3,2,3,2.66668762294797,1,0.888222787572363,0
35,3,3,13,6,11,1.2705384633732,1,0.787054424909012,0
35,3,3,26,16,17,1.2581967411873,1,0.739738159548059,0
35,8,5,27,16,19,1.4540404363566,1,0.497099359332924,0
35,8,5,31,17,27,1.27932387760365,1,0.0508969945795313,0
35,8,5,40,25,26,1.33249133357126,1,0.543350784624695,0
35,8,5,42,26,27,1.70636404348015,1,0.231105654182919,0
35,12,4,27,16,19,1.47450834454613,1,0.842577514409295,0
35,12,4,31,17,27,1.43475706460641,1,0.838375674067917,0
35,12,4,40,25,26,1.44510880761594,1,0.847655339166591,0
35,12,4,42,26,27,1.84342323088616,1,0.0157865725028669,0
35,18,4,27,16,19,1.52242670855102,1,0.373452044868119,0
35,18,4,31,17,27,1.46487915361068,1,0.883002836917345,0
35,18,4,40,25,26,1.50298556416599,1,0.466439958293403,0
35,18,4,42,26,27,1.88732432349411,1,0.756132384201146,0
37,4,5,1,1,2,1.31672224304169,1,0.179763636094163,0
38,4,5,13,6,11,1.87251658361664,1,0.041465175772414,0
38,4,5,18,10,11,1.54008382051705,1,0.522626946812161,0
38,4,5,19,10,13,1.34723566977792,1,0.575599159704639,0
38,4,5,20,10,32,2.40231961893831,1,0.959999678214878,0
38,4,5,23,13,14,1.31534242483451,1,0.352220965949291,0
38,4,5,27,16,19,1.33893563771445,1,0.131687097517621,0
38,8,5,27,16,19,1.31970089280455,1,0.782532410238364,0
38,8,5,40,25,26,1.20037859346798,1,0.592932236090011,0
38,8,5,42,26,27,1.58360033829784,1,0.469138715276594,0
38,10,5,7,3,18,1.20633556110839,1,0.0305028115649115,0
38,10,5,27,16,19,1.30562566261069,1,0.96092901819751,0
38,10,5,30,17,18,1.21843803494043,1,0.477911876933375,0
38,10,5,42,26,27,1.5172088766896,1,0.944527823517454,0
38,12,5,27,16,19,1.29808588682514,1,0.0565541836157162,0
38,12,5,30,17,18,1.205607740368,1,0.63068124044196,0
38,12,5,42,26,27,1.48711906588931,1,0.537568389369707,0
38,14,4,27,16,19,1.30549544421356,1,0.57080210327875,0
38,14,4,31,17,27,1.30895970184002,1,0.524339920001868,0
38,14,4,40,25,26,1.34496849163666,1,0.56087655522514,0
38,14,4,42,26,27,1.70849171484766,1,0.440047546259294,0
39,12,5,27,16,19,1.20140078631595,1,0.353016448373476,0
39,12,5,37,22,35,1.77998324758424,1,0.398301383876354,0
39,13,5,37,22,35,1.77851291712315,1,0.211373598214799,0
39,15,4,13,6,11,2.08282369753875,1,0.702346773809095,0
39,15,4,18,10,11,1.70878875746349,1,0.322871273446458,0
39,15,4,19,10,13,1.43204109851233,1,0.416182531629148,0
39,15,4,20,10,32,2.64154905188685,1,0.45266953997971,0
39,15,4,23,13,14,1.40177462436413,1,0.916332707409967,0
39,19,4,13,6,11,1.89932116042531,1,0.299637460073661,0
39,19,4,18,10,11,1.55260559448981,1,0.178452817674991,0
39,19,4,19,10,13,1.23034920859927,1,0.285951688306029,0
39,19,4,20,10,32,2.20955242098846,1,0.413541143873848,0
39,19,4,23,13,14,1.20190878542086,1,0.492470485110247,0
41,3,4,4,2,25,1.69008423450015,1,0.937432457037267,0
41,3,4,42,26,27,1.44122327413744,1,0.25191347400416,0
42,10,5,25,15,16,1.23076097911731,1,0.582517759841287,0
42,10,5,26,16,17,1.44611278513456,1,0.332815137271389,0
42,10,5,27,16,19,1.48869704298063,1,0.563196924571562,0
42,10,5,28,16,21,1.49228212950546,1,0.486340456141372,0
42,10,5,35,21,22,1.38580093762123,1,0.634610935793125,0
42,10,5,37,22,35,1.96669105138125,1,0.919022668150031,0
42,12,5,26,16,17,1.35980119501529,1,0.045449324943595,0
42,12,5,27,16,19,1.40263211276659,1,0.905774690069718,0
42,12,5,28,16,21,1.33871073431618,1,0.764815677857831,0
42,12,5,35,21,22,1.23970257969175,1,0.587240568914014,0
42,12,5,37,22,35,1.68188133714816,1,0.343737557852179,0
46,6,3,3,2,3,1.48129276434746,1,0.880239013124069,0
46,8,4,40,25,26,1.53945241680754,1,0.486919245419034,0
46,15,4,40,25,26,1.58277594495475,1,0.3737651545162,0
38,12,5,7,3,18,1.19447732452588,0.975147960366463,0.117433499470935,0
35,12,2,23,13,14,1.19138192666888,0.961218670009949,0.979914068216291,0
35,12,2,14,6,31,1.18907504103235,0.950837684645564,0.984277207771315,0
35,18,2,14,6,31,1.18907504103235,0.950837684645564,0.995480392613321,0
11,12,3,25,15,16,1.18834833889656,0.947567525034526,0.364151292905201,0
11,16,3,25,15,16,1.18834833889656,0.947567525034526,0.702293084361807,0
38,8,5,31,17,27,1.18284792635915,0.922815668616176,0.973412928541402,0
42,12,5,25,15,16,1.18142217330852,0.916399779888325,0.473029598593385,0
42,10,5,38,23,24,1.17719845873642,0.897393064313887,0.541330419337119,0
27,14,4,31,17,27,1.17694882990307,0.896269734563823,0.0258857296742944,0
2,8,5,27,16,19,1.17688599248572,0.895986966185719,0.927087623821868,0
39,12,4,27,16,19,1.16935228643426,0.862085288954181,0.982209056945142,0
33,6,3,16,8,9,1.16795732646055,0.855807969072466,0.902954178297858,0
35,4,3,6,3,4,1.16665301440824,0.849938564837099,0.879275052946901,0
35,10,3,6,3,4,1.16665301440824,0.849938564837099,0.897988416290954,0
35,14,3,6,3,4,1.16665301440824,0.849938564837099,0.948900538268365,0
46,20,2,18,10,11,1.1638631282071,0.837384076931959,0.961938663417636,0
40,16,5,42,26,27,1.16255061434902,0.831477764570609,0.96246745501368,0
37,20,2,18,10,11,1.1608128506768,0.82365782804561,0.996936151856245,0
35,6,2,19,10,13,1.15952162174822,0.817847297866981,0.897480682932198,0
35,14,2,19,10,13,1.15952162174822,0.817847297866981,0.990087015041892,0
38,12,4,17,9,39,1.15548202477078,0.799669111468492,0.994413398263735,0
1,1,5,17,9,39,1.15486033040582,0.796871486826191,0.272873052514082,0
14,14,4,17,9,39,1.15486033040582,0.796871486826191,0.351381746747798,0
38,4,4,20,10,32,1.15406441692892,0.793289876180125,0.976208018033692,0
38,14,3,17,9,39,1.15282364497295,0.78770640237827,0.788522583082349,0
2,17,2,42,26,27,1.15133971466103,0.781028715974623,0.952101791839451,0
38,4,4,31,17,27,1.15061144444787,0.777751500015402,0.797051175806476,0
19,12,5,9,4,14,1.14978917126614,0.77405127069761,0.381912559728193,0
46,6,2,6,3,4,1.1492077671565,0.771434952204261,0.833919178636611,0
37,18,2,9,4,14,1.14562439016086,0.75530975572388,0.993492290681732,0
8,16,2,3,2,3,1.14515891497454,0.753215117385449,0.939177837080647,0
14,5,2,42,26,27,1.14363042091219,0.746336894104835,0.89253020141093,0
14,11,2,42,26,27,1.14363042091219,0.746336894104835,0.971286593322504,0
14,12,2,42,26,27,1.14363042091219,0.746336894104835,0.902916091691352,0
35,3,3,42,26,27,1.14066517735493,0.732993298097172,0.379402075447311,0
37,16,2,18,10,11,1.1396188246269,0.728284710821072,0.947917054699381,0
10,4,3,42,26,27,1.13891662128321,0.725124795774447,0.982611154044983,0
28,19,5,31,17,27,1.13788644434938,0.720488999572232,0.568701713078892,0
38,10,5,31,17,27,1.13788644434938,0.720488999572232,0.135190190222624,0
18,9,2,19,10,13,1.12971614934299,0.683722672043477,0.690090220281024,0
39,15,3,16,8,9,1.12960259726561,0.683211687695257,0.765104665692499,0
37,4,3,18,10,11,1.12816034129538,0.676721535829198,0.753134207656282,0
37,18,3,18,10,11,1.127717624076,0.674729308342002,0.817230075583144,0
39,12,2,9,4,14,1.12576580269969,0.665946112148598,0.842314185177763,0
39,13,5,28,16,21,1.12448099781957,0.660164490188079,0.135529618799487,0
38,14,3,16,8,9,1.12331264641265,0.65490690885694,0.74597134090757,0
27,14,2,18,10,11,1.12193594676546,0.648711760444548,0.687963904981592,0
8,17,3,25,15,16,1.12083002018063,0.643735090812842,0.667277024777288,0
18,4,5,25,15,16,1.12083002018063,0.643735090812842,0.0378752233089464,0
23,18,3,25,15,16,1.12083002018063,0.643735090812842,0.721524600760597,0
34,4,5,38,23,24,1.11945874351842,0.637564345832888,0.0741685293452977,0
9,1,3,8,4,5,1.11796835465606,0.630857595952271,0.435989270468624,0
1,10,3,14,6,31,1.11708582955395,0.626886232992791,0.996911549576638,0
42,12,3,14,6,31,1.11708582955395,0.626886232992791,0.919349601886262,0
8,2,3,30,17,18,1.11679922276374,0.625596502436827,0.648990448009289,0
8,17,3,30,17,18,1.11679922276374,0.625596502436827,0.741894544527185,0
18,4,5,30,17,18,1.11679922276374,0.625596502436827,0.192750425771042,0
23,1,3,30,17,18,1.11679922276374,0.625596502436827,0.964725541894662,0
23,14,3,30,17,18,1.11679922276374,0.625596502436827,0.674766356230396,0
33,1,3,15,7,8,1.11615155262803,0.622681986826141,0.790379667070653,0
42,10,4,17,9,39,1.11547744458509,0.619648500632907,0.988883608971642,0
38,12,5,31,17,27,1.11393836724105,0.612722652584712,0.795253871663859,0
33,1,5,38,23,24,1.11392107739734,0.612644848288044,0.480447917464213,0
10,4,3,27,16,19,1.11332617656951,0.609967794562774,0.664261827738798,0
35,18,3,16,8,9,1.11271494729481,0.607217262826634,0.77209728448654,0
38,8,3,10,5,6,1.1113434038182,0.6010453171819,0.910061182584329,0
14,12,4,46,29,38,1.11113407116269,0.600103320232096,0.974506278979061,0
10,16,4,40,25,26,1.11108264627413,0.599871908233602,0.0930142094580722,0
10,18,5,40,25,26,1.11108264627413,0.599871908233602,0.1102768047665,0
12,8,4,40,25,26,1.11108264627413,0.599871908233602,0.492917727959814,0
14,12,4,13,6,11,1.10619014670862,0.577855660188808,0.268472667800078,0
1,3,1,3,2,3,1.10371231149415,0.566705401723679,0.99484866526007,0
1,4,1,3,2,3,1.10371231149415,0.566705401723679,0.641321774125514,0
1,5,1,3,2,3,1.10371231149415,0.566705401723679,0.659897062856058,0
1,6,1,3,2,3,1.10371231149415,0.566705401723679,0.599632809115631,0
1,9,1,3,2,3,1.10371231149415,0.566705401723679,0.9743854187835,0
1,11,1,3,2,3,1.10371231149415,0.566705401723679,0.59444404598453,0
1,12,1,3,2,3,1.10371231149415,0.566705401723679,0.722864792895567,0
1,14,1,3,2,3,1.10371231149415,0.566705401723679,0.941757448260297,0
1,16,1,3,2,3,1.10371231149415,0.566705401723679,0.649491015708292,0
1,18,1,3,2,3,1.10371231149415,0.566705401723679,0.711987628969554,0
1,19,1,3,2,3,1.10371231149415,0.566705401723679,0.813514671159823,0
1,20,1,3,2,3,1.10371231149415,0.566705401723679,0.592468529540453,0
33,14,3,31,17,27,1.1035225076333,0.565851284349843,0.9950491982637,0
33,20,3,31,17,27,1.1035225076333,0.565851284349843,0.7988789899587,0
33,2,3,20,10,32,1.10090188593331,0.554058486699892,0.63846237040678,0
33,20,3,20,10,32,1.10090188593331,0.554058486699892,0.753836579734178,0
11,7,3,27,16,19,1.09977525429538,0.548988644329219,0.67806769756476,0
11,17,3,27,16,19,1.09977525429538,0.548988644329219,0.55735548144638,0
12,16,3,27,16,19,1.09977525429538,0.548988644329219,0.0579397505618231,0
38,6,1,28,16,21,1.09934922397782,0.547071507900189,0.877307181333364,0
38,9,1,28,16,21,1.09934922397782,0.547071507900189,0.754624128290292,0
38,11,1,28,16,21,1.09934922397782,0.547071507900189,0.847677340850219,0
38,13,1,28,16,21,1.09934922397782,0.547071507900189,0.639750964641019,0
38,18,1,28,16,21,1.09934922397782,0.547071507900189,0.692338415732163,0
46,1,2,18,10,11,1.09657928658859,0.534606789648661,0.96647273618997,0
46,13,2,18,10,11,1.09657928658859,0.534606789648661,0.994177481367729,0
39,15,4,27,16,19,1.0957932099046,0.531069444570694,0.793963724644815,0
9,1,3,14,6,31,1.09572333854529,0.530755023453799,0.648210652923247,0
1,1,5,16,8,9,1.09554297012266,0.529943365551949,0.922423753829099,0
14,14,4,16,8,9,1.09554297012266,0.529943365551949,0.154580866087026,0
10,16,4,31,17,27,1.09415800600669,0.523711027030103,0.51255001842709,0
10,18,5,31,17,27,1.09415800600669,0.523711027030103,0.836764978969758,0
12,8,4,31,17,27,1.09415800600669,0.523711027030103,0.390099888484864,0
42,12,4,27,16,19,1.09195263596142,0.513786861826404,0.838682403829216,0
8,2,3,27,16,19,1.09104509352636,0.509702920868615,0.93797613292773,0
8,19,3,27,16,19,1.09104509352636,0.509702920868615,0.538430086198139,0
18,4,5,27,16,19,1.09104509352636,0.509702920868615,0.592104109261558,0
23,18,3,27,16,19,1.09104509352636,0.509702920868615,0.758413316804705,0
10,1,1,12,6,7,1.09028212181405,0.506269548163214,0.992897818157967,0
10,2,1,12,6,7,1.09028212181405,0.506269548163214,0.945287385294282,0
10,5,1,12,6,7,1.09028212181405,0.506269548163214,0.850460072317637,0
10,6,1,12,6,7,1.09028212181405,0.506269548163214,0.987978243184499,0
10,7,1,12,6,7,1.09028212181405,0.506269548163214,0.888443166479624,0
10,13,1,12,6,7,1.09028212181405,0.506269548163214,0.556021863289424,0
10,14,1,12,6,7,1.09028212181405,0.506269548163214,0.893641383981057,0
10,15,1,12,6,7,1.09028212181405,0.506269548163214,0.621461405914134,0
10,20,1,12,6,7,1.09028212181405,0.506269548163214,0.540759692804792,0
35,1,3,18,10,11,1.09018373040664,0.50582678682987,0.831661197648657,0
35,2,3,18,10,11,1.09018373040664,0.50582678682987,0.508966260868145,0
35,7,3,18,10,11,1.09018373040664,0.50582678682987,0.566588066512386,0
35,10,3,18,10,11,1.09018373040664,0.50582678682987,0.751337037178878,0
35,15,3,18,10,11,1.09018373040664,0.50582678682987,0.769439664125219,0
28,1,1,38,23,24,1.0882227155979,0.497002220190564,0.757253707685804,0
28,4,1,38,23,24,1.0882227155979,0.497002220190564,0.905656619442063,0
28,10,1,38,23,24,1.0882227155979,0.497002220190564,0.990006253409604,0
28,11,1,38,23,24,1.0882227155979,0.497002220190564,0.560459383150217,0
28,14,1,38,23,24,1.0882227155979,0.497002220190564,0.56453071662626,0
28,16,1,38,23,24,1.0882227155979,0.497002220190564,0.796374162108388,0
28,17,1,38,23,24,1.0882227155979,0.497002220190564,0.988475756830981,0
28,18,1,38,23,24,1.0882227155979,0.497002220190564,0.911865523692923,0
28,20,1,38,23,24,1.0882227155979,0.497002220190564,0.858034797866498,0
37,16,2,10,5,6,1.08804603937845,0.49620717720302,0.636653506006164,0
35,5,3,27,16,19,1.08786007421732,0.495370333977925,0.659974714536092,0
10,14,2,18,10,11,1.08729825259834,0.492842136692543,0.738686330413059,0
42,6,2,28,16,21,1.0870142907044,0.4915643081698,0.817174302303233,0
19,12,5,27,16,19,1.08537116341534,0.484170235369011,0.499156143744971,0
11,12,2,13,6,11,1.08494899046452,0.482270457090329,0.608854323749515,0
11,16,2,13,6,11,1.08494899046452,0.482270457090329,0.657378700883613,0
42,12,4,9,4,14,1.08410741843684,0.478483382965769,0.655965048836559,0
13,19,4,25,15,16,1.08313826391725,0.474122187627639,0.695167329561982,0
11,7,3,10,5,6,1.08152536707137,0.466864151821155,0.304328455700641,0
11,17,3,10,5,6,1.08152536707137,0.466864151821155,0.857551049182009,0
12,16,3,10,5,6,1.08152536707137,0.466864151821155,0.544919480918178,0
28,19,5,40,25,26,1.08113937310836,0.465127178987609,0.934289038703081,0
38,10,5,40,25,26,1.08113937310836,0.465127178987609,0.976769107661652,0
1,15,5,19,10,13,1.08050020827367,0.462250937231533,0.601543199851059,0
14,1,5,19,10,13,1.08050020827367,0.462250937231533,0.296229739070101,0
14,2,4,19,10,13,1.08050020827367,0.462250937231533,0.676389986824706,0
14,7,4,19,10,13,1.08050020827367,0.462250937231533,0.935861641583457,0
14,10,4,19,10,13,1.08050020827367,0.462250937231533,0.916281516468552,0
14,15,4,19,10,13,1.08050020827367,0.462250937231533,0.324336541434156,0
14,16,4,19,10,13,1.08050020827367,0.462250937231533,0.0116576222620441,0
14,18,4,19,10,13,1.08050020827367,0.462250937231533,0.235155294540211,0
14,19,4,19,10,13,1.08050020827367,0.462250937231533,0.0287000387950637,0
34,2,2,18,10,11,1.07625892865036,0.443165178926632,0.575749536321761,0
11,12,3,27,16,19,1.07546347283228,0.43958562774524,0.551067393641705,0
11,16,3,27,16,19,1.07546347283228,0.43958562774524,0.259605429635398,0
1,2,5,19,10,13,1.07397241856918,0.432875883561297,0.869339991935155,0
1,8,5,19,10,13,1.07397241856918,0.432875883561297,0.409029201684056,0
14,6,4,19,10,13,1.07397241856918,0.432875883561297,0.188117561351172,0
14,8,4,19,10,13,1.07397241856918,0.432875883561297,0.823478883422284,0
14,9,4,19,10,13,1.07397241856918,0.432875883561297,0.636692720448763,0
14,17,4,19,10,13,1.07397241856918,0.432875883561297,0.0482039626469262,0
11,7,3,23,13,14,1.07393836476397,0.432722641437851,0.321828281426005,0
11,17,3,23,13,14,1.07393836476397,0.432722641437851,0.255804274805559,0
12,16,3,23,13,14,1.07393836476397,0.432722641437851,0.714148049370369,0
46,10,3,12,6,7,1.07388648116741,0.432489165253349,0.905338163397373,0
35,3,3,6,3,4,1.07210822901573,0.4244870305708,0.326535447881351,0
33,3,2,18,10,11,1.07208724915231,0.424392621185382,0.639336788818735,0
1,1,4,17,9,39,1.07181122788646,0.423150525489079,0.890654623827998,0
1,7,4,17,9,39,1.07181122788646,0.423150525489079,0.890692283634982,0
1,13,4,17,9,39,1.07181122788646,0.423150525489079,0.545562630190184,0
1,15,4,17,9,39,1.07181122788646,0.423150525489079,0.95689398332233,0
1,17,4,17,9,39,1.07181122788646,0.423150525489079,0.506539392103546,0
14,1,3,17,9,39,1.07181122788646,0.423150525489079,0.974788324788175,0
14,2,3,17,9,39,1.07181122788646,0.423150525489079,0.511554453682675,0
14,3,3,17,9,39,1.07181122788646,0.423150525489079,0.903886260621711,0
14,3,4,17,9,39,1.07181122788646,0.423150525489079,0.519495927642676,0
14,4,3,17,9,39,1.07181122788646,0.423150525489079,0.575800607993053,0
14,4,4,17,9,39,1.07181122788646,0.423150525489079,0.893241244161036,0
14,10,3,17,9,39,1.07181122788646,0.423150525489079,0.728631077255409,0
14,13,3,17,9,39,1.07181122788646,0.423150525489079,0.852978485422233,0
14,13,4,17,9,39,1.07181122788646,0.423150525489079,0.526607644047366,0
14,14,3,17,9,39,1.07181122788646,0.423150525489079,0.743962701104521,0
14,18,3,17,9,39,1.07181122788646,0.423150525489079,0.805261001331047,0
14,19,3,17,9,39,1.07181122788646,0.423150525489079,0.49948198809046,0
14,20,3,17,9,39,1.07181122788646,0.423150525489079,0.898835443165406,0
14,20,4,17,9,39,1.07181122788646,0.423150525489079,0.511405615408707,0
39,5,2,18,10,11,1.07117623253915,0.420293046426193,0.600684730368114,0
28,3,4,27,16,19,1.07064265732535,0.417891957964075,0.687034432458038,0
38,4,4,27,16,19,1.07064265732535,0.417891957964075,0.577349214710771,0
35,1,3,26,16,17,1.07046471133899,0.417091201025444,0.824184259822642,0
35,2,3,26,16,17,1.07046471133899,0.417091201025444,0.61643536332875,0
35,6,3,26,16,17,1.07046471133899,0.417091201025444,0.627143352501117,0
35,7,3,26,16,17,1.07046471133899,0.417091201025444,0.573730469723696,0
35,9,3,26,16,17,1.07046471133899,0.417091201025444,0.792007797237442,0
35,14,3,26,16,17,1.07046471133899,0.417091201025444,0.534853373634048,0
35,15,3,26,16,17,1.07046471133899,0.417091201025444,0.837657666428595,0
35,16,3,26,16,17,1.07046471133899,0.417091201025444,0.431882242697134,0
39,13,3,15,7,8,1.0701105384372,0.415497422967398,0.744910390767893,0
39,19,4,27,16,19,1.06887797663666,0.409950894864971,0.61703582865183,0
46,6,2,10,5,6,1.0688405451113,0.409782453000828,0.732017236738659,0
38,12,3,13,6,11,1.06719762333168,0.402389304992577,0.93837153574392,0
19,1,1,18,10,11,1.06691230611633,0.401105377523467,0.659316167156006,0
19,2,1,18,10,11,1.06691230611633,0.401105377523467,0.692825906291183,0
19,5,1,18,10,11,1.06691230611633,0.401105377523467,0.659468782984073,0
19,8,1,18,10,11,1.06691230611633,0.401105377523467,0.899424043631492,0
19,10,1,18,10,11,1.06691230611633,0.401105377523467,0.498500632631632,0
19,12,1,18,10,11,1.06691230611633,0.401105377523467,0.869382307220463,0
19,14,1,18,10,11,1.06691230611633,0.401105377523467,0.402001849219012,0
19,15,1,18,10,11,1.06691230611633,0.401105377523467,0.532299827167945,0
19,17,1,18,10,11,1.06691230611633,0.401105377523467,0.726845577079828,0
19,18,1,18,10,11,1.06691230611633,0.401105377523467,0.928700160089758,0
19,20,1,18,10,11,1.06691230611633,0.401105377523467,0.588205874643342,0
46,15,4,30,17,18,1.06555964017164,0.395018380772367,0.838641659132278,0
8,17,4,38,23,24,1.06511561249448,0.393020256225159,0.59293568933816,0
42,10,4,16,8,9,1.06415672429473,0.3887052593263,0.688202705219238,0
1,15,5,27,16,19,1.06352850145434,0.385878256544538,0.707837905479985,0
14,1,5,27,16,19,1.06352850145434,0.385878256544538,0.12692533657326,0
14,2,4,27,16,19,1.06352850145434,0.385878256544538,0.544602826508181,0
14,7,4,27,16,19,1.06352850145434,0.385878256544538,0.899987130952045,0
14,10,4,27,16,19,1.06352850145434,0.385878256544538,0.253336657201605,0
14,15,4,27,16,19,1.06352850145434,0.385878256544538,0.925018941045312,0
14,16,4,27,16,19,1.06352850145434,0.385878256544538,0.129566518306479,0
14,18,4,27,16,19,1.06352850145434,0.385878256544538,0.535443234519893,0
14,19,4,27,16,19,1.06352850145434,0.385878256544538,0.691758177269829,0
38,14,3,1,1,2,1.06287337585494,0.382930191347217,0.531280511554935,0
11,7,3,19,10,13,1.06206132849492,0.379275978227124,0.475611628011545,0
11,17,3,19,10,13,1.06206132849492,0.379275978227124,0.289507906036108,0
12,16,3,19,10,13,1.06206132849492,0.379275978227124,0.23656752837181,0
35,12,3,27,16,19,1.06199429581779,0.378974331180075,0.80363499557649,0
40,16,5,25,15,16,1.06179573883078,0.378080824738531,0.40186228818795,0
42,12,4,23,13,14,1.06025019453169,0.371125875392584,0.679201935492926,0
42,12,5,38,23,24,1.05995295209262,0.369788284416784,0.916978604640142,0
35,8,4,27,16,19,1.0597769027085,0.368996062188249,0.445595428367898,0
33,15,4,25,15,16,1.05958244499075,0.368121002458373,0.856883501337358,0
18,1,1,19,10,13,1.05908337817156,0.365875201772017,0.921948233402773,0
18,2,1,19,10,13,1.05908337817156,0.365875201772017,0.685883490801768,0
18,3,1,19,10,13,1.05908337817156,0.365875201772017,0.72101967449116,0
18,4,1,19,10,13,1.05908337817156,0.365875201772017,0.974595924793133,0
18,5,1,19,10,13,1.05908337817156,0.365875201772017,0.777844756872864,0
18,6,1,19,10,13,1.05908337817156,0.365875201772017,0.670604985603286,0
18,7,1,19,10,13,1.05908337817156,0.365875201772017,0.916142705014564,0
18,8,1,19,10,13,1.05908337817156,0.365875201772017,0.787382733912448,0
18,9,1,19,10,13,1.05908337817156,0.365875201772017,0.980744418914374,0
18,10,1,19,10,13,1.05908337817156,0.365875201772017,0.368638113571839,0
18,11,1,19,10,13,1.05908337817156,0.365875201772017,0.370337534499035,0
18,14,1,19,10,13,1.05908337817156,0.365875201772017,0.81354163889296,0
18,17,1,19,10,13,1.05908337817156,0.365875201772017,0.916051111272663,0
18,19,1,19,10,13,1.05908337817156,0.365875201772017,0.415769098145784,0
34,4,2,18,10,11,1.05813034718829,0.361586562347304,0.590556468632866,0
39,9,2,10,5,6,1.05758789504181,0.35914552768813,0.376612769268473,0
39,18,2,10,5,6,1.05758789504181,0.35914552768813,0.485570068617066,0
46,15,4,7,3,18,1.05704985688651,0.35672435598931,0.62511629616506,0
39,13,2,18,10,11,1.05704337648823,0.356695194197046,0.748397362558902,0
11,7,2,27,16,19,1.0569394481998,0.356227516899087,0.889622176819496,0
11,12,2,27,16,19,1.0569394481998,0.356227516899087,0.888817050974195,0
11,16,2,27,16,19,1.0569394481998,0.356227516899087,0.364767700453616,0
11,17,2,27,16,19,1.0569394481998,0.356227516899087,0.374337636503945,0
12,16,2,27,16,19,1.0569394481998,0.356227516899087,0.484413887931926,0
34,2,3,31,17,27,1.05675780038366,0.35541010172648,0.542188752709228,0
46,1,2,14,6,31,1.05675129593935,0.355380831727067,0.894186048741198,0
46,13,2,14,6,31,1.05675129593935,0.355380831727067,0.393849528374858,0
35,18,3,27,16,19,1.0561966471785,0.352884912303241,0.464326167736983,0
35,3,3,18,10,11,1.05512517533199,0.348063288993958,0.437126917822617,0
34,1,3,31,17,27,1.05509394632452,0.347922758460338,0.494290552076059,0
34,18,3,31,17,27,1.05509394632452,0.347922758460338,0.471157324607121,0
40,16,3,14,6,31,1.05498389648819,0.347427534196851,0.703106507154923,0
46,15,4,4,2,25,1.05403834419317,0.343172548869251,0.90115590073856,0
37,20,3,9,4,14,1.05265408715961,0.336943392218223,0.595028522773482,0
46,8,4,30,17,18,1.05236695406201,0.33565129327906,0.441558261511234,0
35,2,1,36,22,23,1.05203395871578,0.33415281422102,0.421521183460798,0
35,3,1,36,22,23,1.05203395871578,0.33415281422102,0.694460994736572,0
35,5,1,36,22,23,1.05203395871578,0.33415281422102,0.734694549223029,0
35,8,1,36,22,23,1.05203395871578,0.33415281422102,0.719970447004929,0
35,10,1,36,22,23,1.05203395871578,0.33415281422102,0.854276785372015,0
35,11,1,36,22,23,1.05203395871578,0.33415281422102,0.746011381621135,0
35,12,1,36,22,23,1.05203395871578,0.33415281422102,0.987472465655769,0
35,15,1,36,22,23,1.05203395871578,0.33415281422102,0.377860100924406,0
35,17,1,36,22,23,1.05203395871578,0.33415281422102,0.414152972524793,0
35,18,1,36,22,23,1.05203395871578,0.33415281422102,0.897801041831058,0
35,19,1,36,22,23,1.05203395871578,0.33415281422102,0.481321901841802,0
14,1,2,40,25,26,1.04988214173119,0.324469637790359,0.42858974453281,0
14,2,2,40,25,26,1.04988214173119,0.324469637790359,0.886935367493676,0
14,4,2,40,25,26,1.04988214173119,0.324469637790359,0.898088413905296,0
14,5,2,40,25,26,1.04988214173119,0.324469637790359,0.53755336536317,0
14,6,2,40,25,26,1.04988214173119,0.324469637790359,0.936931729742374,0
14,7,2,40,25,26,1.04988214173119,0.324469637790359,0.376010194922248,0
14,9,2,40,25,26,1.04988214173119,0.324469637790359,0.7264317552795,0
14,10,2,40,25,26,1.04988214173119,0.324469637790359,0.328222971750355,0
14,11,2,40,25,26,1.04988214173119,0.324469637790359,0.741032178398667,0
14,13,2,40,25,26,1.04988214173119,0.324469637790359,0.568787091660115,0
14,14,2,40,25,26,1.04988214173119,0.324469637790359,0.466950171967712,0
14,15,2,40,25,26,1.04988214173119,0.324469637790359,0.606728282668864,0
14,17,2,40,25,26,1.04988214173119,0.324469637790359,0.606806333755438,0
14,19,2,40,25,26,1.04988214173119,0.324469637790359,0.866918141199095,0
14,20,2,40,25,26,1.04988214173119,0.324469637790359,0.82059904887847,0
41,3,4,31,17,27,1.04756483907859,0.314041775853667,0.478827000592058,0
10,14,3,9,4,14,1.04565640624371,0.30545382809671,0.345597557792233,0
46,5,2,14,6,31,1.04559857863395,0.305193603852775,0.729944473215423,0
46,8,2,14,6,31,1.04559857863395,0.305193603852775,0.775431658502354,0
33,15,2,18,10,11,1.04506769048164,0.302804607167401,0.315364277484837,0
46,8,4,7,3,18,1.0449023129963,0.302060408483339,0.906458741477179,0
38,12,5,40,25,26,1.0437419347861,0.296838706537445,0.49546050852382,0
8,2,2,18,10,11,1.04266584399788,0.291996297990444,0.671890175651015,0
8,17,2,18,10,11,1.04266584399788,0.291996297990444,0.316577647026829,0
