parameter_set_id,scenario_id,candidate_branch,mean_base_or_stage_line_loading,mean_tail_line_loading,tail_probability_mean,tail_risk_mean,correlation_loading_probability,correlation_loading_tail_risk,baseflow_driver_status,note
benchmark_calibrated_seed,wind_speed_11_28,1,0.495494030857823,0.522358151864594,0.122173147963486,91.1181556476026,0.824915119319401,0.174748294636303,weak_or_no_loading_tail_correlation,Base/stage loading and tail risk correlation from existing line component trace.
benchmark_calibrated_seed,wind_speed_11_28,2,0.239365003584062,0.235267232036249,0.001679836582,84.3764805796795,-1.22021810005343e-15,0.259370653403742,weak_or_no_loading_tail_correlation,Base/stage loading and tail risk correlation from existing line component trace.
benchmark_calibrated_seed,wind_speed_11_28,3,0.855137138818578,0.871405220359931,0.342218772260879,89.7350948335684,0.871384189225451,-0.0308523429398172,weak_or_no_loading_tail_correlation,Base/stage loading and tail risk correlation from existing line component trace.
benchmark_calibrated_seed,wind_speed_11_28,4,0.444269637576993,0.54306418724081,0.0359581103416755,86.8561476712592,0.546277208562143,0.178589342314043,weak_or_no_loading_tail_correlation,Base/stage loading and tail risk correlation from existing line component trace.
benchmark_calibrated_seed,wind_speed_11_28,5,0.465578079716643,0.462292591106844,0.001575046477,87.2407601866607,3.29404283588529e-15,0.281667888975417,weak_or_no_loading_tail_correlation,Base/stage loading and tail risk correlation from existing line component trace.
benchmark_calibrated_seed,wind_speed_11_28,6,0.420568202714732,0.458885014083511,0.0197938802837976,83.4496221926193,0.310316617048195,0.338534579346713,loading_correlated_with_tail_risk,Base/stage loading and tail risk correlation from existing line component trace.
benchmark_calibrated_seed,wind_speed_11_28,7,0.294681363156095,0.326250556214128,0.0472001014287026,83.4496221926193,0.615082388074758,0.0213552778382173,weak_or_no_loading_tail_correlation,Base/stage loading and tail risk correlation from existing line component trace.
benchmark_calibrated_seed,wind_speed_11_28,8,0.59400798452345,0.653197249221407,0.279245143567089,78.1943426866635,0.822621131174595,-0.0164641837448359,weak_or_no_loading_tail_correlation,Base/stage loading and tail risk correlation from existing line component trace.
benchmark_calibrated_seed,wind_speed_11_28,9,0.529519225388534,0.63650621519115,0.156587479759522,74.0214574518388,0.848101813514375,0.515973003911794,loading_correlated_with_tail_risk,Base/stage loading and tail risk correlation from existing line component trace.
benchmark_calibrated_seed,wind_speed_11_28,10,0.544357390689433,0.496116779953961,0.0274762232336279,69.128133937236,0.425966980922122,-0.208458558545338,weak_or_no_loading_tail_correlation,Base/stage loading and tail risk correlation from existing line component trace.
benchmark_calibrated_seed,wind_speed_11_28,11,0.388470694980573,0.341204335300524,0.001662870565,81.5532051984155,-1.80399241077856e-16,-0.126455107213974,weak_or_no_loading_tail_correlation,Base/stage loading and tail risk correlation from existing line component trace.
benchmark_calibrated_seed,wind_speed_11_28,12,0.554457427417876,0.580331883272972,0.113916383875352,69.3732023682463,0.615797122379951,0.324207435123157,loading_correlated_with_tail_risk,Base/stage loading and tail risk correlation from existing line component trace.
benchmark_calibrated_seed,wind_speed_11_28,13,0.637943639045242,0.732688065711462,0.30275671886861,77.3096447840256,0.851083608772059,0.290779356093374,weak_or_no_loading_tail_correlation,Base/stage loading and tail risk correlation from existing line component trace.
benchmark_calibrated_seed,wind_speed_11_28,14,0.667735594991096,0.661697715874505,0.143614050657945,81.3762033411364,0.80233450753681,-0.285800047449339,weak_or_no_loading_tail_correlation,Base/stage loading and tail risk correlation from existing line component trace.
benchmark_calibrated_seed,wind_speed_11_28,15,0.332250619927953,0.34762337938748,0.0121228135601916,83.4807871640947,0.3987696734732,0.0318868707222311,weak_or_no_loading_tail_correlation,Base/stage loading and tail risk correlation from existing line component trace.
benchmark_calibrated_seed,wind_speed_11_28,16,0.392068304179315,0.455207059426608,0.0116535517083723,83.0908367482723,0.247623515504841,0.107160376821596,weak_or_no_loading_tail_correlation,Base/stage loading and tail risk correlation from existing line component trace.
benchmark_calibrated_seed,wind_speed_11_28,17,0.37824275123445,0.441232205271035,0.0324028871081638,83.0908367482723,0.464099681648498,0.113111641221511,weak_or_no_loading_tail_correlation,Base/stage loading and tail risk correlation from existing line component trace.
benchmark_calibrated_seed,wind_speed_11_28,18,0.56196813625724,0.583362409498415,0.157078743013909,78.0540990005924,0.752838738286966,0.153357462049068,weak_or_no_loading_tail_correlation,Base/stage loading and tail risk correlation from existing line component trace.
benchmark_calibrated_seed,wind_speed_11_28,19,0.700708934058431,0.861899134282895,0.265485504316685,78.9500592699119,0.792285746658633,0.502334763541112,loading_correlated_with_tail_risk,Base/stage loading and tail risk correlation from existing line component trace.
benchmark_calibrated_seed,wind_speed_11_28,20,0.810408835996747,0.822763334278304,0.117671344453623,78.2359128815241,0.709820806483186,-0.0466061644223533,weak_or_no_loading_tail_correlation,Base/stage loading and tail risk correlation from existing line component trace.
benchmark_calibrated_seed,wind_speed_11_28,21,0.116196382846921,0.115458044436256,0.00968706621097546,79.8763861823912,0.764280445573924,0.059055260597788,weak_or_no_loading_tail_correlation,Base/stage loading and tail risk correlation from existing line component trace.
benchmark_calibrated_seed,wind_speed_11_28,22,0.11612058246856,0.121909476669479,0.004082175440755,79.8763861823912,0.81116917761495,0.0563954128890672,weak_or_no_loading_tail_correlation,Base/stage loading and tail risk correlation from existing line component trace.
benchmark_calibrated_seed,wind_speed_11_28,23,0.667372697322673,0.792884796838692,0.253569350691674,81.5699471208925,0.800013958006735,0.396242087241115,loading_correlated_with_tail_risk,Base/stage loading and tail risk correlation from existing line component trace.
benchmark_calibrated_seed,wind_speed_11_28,24,0.314137996364587,0.324940667888498,0.00262247721909011,81.6937248375911,0.329769438191087,-0.136992934935929,weak_or_no_loading_tail_correlation,Base/stage loading and tail risk correlation from existing line component trace.
benchmark_calibrated_seed,wind_speed_11_28,25,0.526446259048865,0.541001499966722,0.0545304867206677,81.6937248375911,0.690808041438449,-0.0443515151323698,weak_or_no_loading_tail_correlation,Base/stage loading and tail risk correlation from existing line component trace.
benchmark_calibrated_seed,wind_speed_11_28,26,0.405510189647914,0.475396176372642,0.0597479772780523,81.8561954974062,0.697239635310753,0.16904426962893,weak_or_no_loading_tail_correlation,Base/stage loading and tail risk correlation from existing line component trace.
benchmark_calibrated_seed,wind_speed_11_28,27,0.831939750229496,0.921904547390167,0.355517409388432,82.0651511356087,0.850586881684734,-0.0547390548336888,weak_or_no_loading_tail_correlation,Base/stage loading and tail risk correlation from existing line component trace.
benchmark_calibrated_seed,wind_speed_11_28,28,0.541259169714876,0.553001468770106,0.0141036353791967,81.6937248375911,0.625792409842136,0.196544742068682,weak_or_no_loading_tail_correlation,Base/stage loading and tail risk correlation from existing line component trace.
benchmark_calibrated_seed,wind_speed_11_28,29,0.208061575380932,0.208358127331094,0.0124322328516129,82.8811274505402,0.62331146731878,-0.13759663832661,weak_or_no_loading_tail_correlation,Base/stage loading and tail risk correlation from existing line component trace.
benchmark_calibrated_seed,wind_speed_11_28,30,0.336202850175479,0.384695087397238,0.0593942931457366,83.4496221926193,0.674426848033085,0.185058093917876,weak_or_no_loading_tail_correlation,Base/stage loading and tail risk correlation from existing line component trace.
benchmark_calibrated_seed,wind_speed_11_28,31,0.283790133067174,0.347517101722416,0.0867757340874844,83.4496221926193,0.840196183672157,-0.0847615099726234,weak_or_no_loading_tail_correlation,Base/stage loading and tail risk correlation from existing line component trace.
benchmark_calibrated_seed,wind_speed_11_28,32,0.17549113443084,0.145217804024099,0.001612970515,84.052120299151,2.74280276762039e-15,-0.156336880302305,weak_or_no_loading_tail_correlation,Base/stage loading and tail risk correlation from existing line component trace.
benchmark_calibrated_seed,wind_speed_11_28,33,0.730589967720665,0.736748993285978,0.0176278940624505,82.0651511356087,0.740772450512033,-0.103177655019842,weak_or_no_loading_tail_correlation,Base/stage loading and tail risk correlation from existing line component trace.
benchmark_calibrated_seed,wind_speed_11_28,34,0.630732184985016,0.631114958685318,0.001123950025,84.052120299151,-7.45594370670047e-15,-0.133224955714623,weak_or_no_loading_tail_correlation,Base/stage loading and tail risk correlation from existing line component trace.
benchmark_calibrated_seed,wind_speed_11_28,35,0.647421630004102,0.657403145598188,0.0146344250464261,83.3639073963406,0.618719876866833,0.18596270976273,weak_or_no_loading_tail_correlation,Base/stage loading and tail risk correlation from existing line component trace.
benchmark_calibrated_seed,wind_speed_11_28,36,0.19202856293347,0.185122009417013,0.0124144619950968,82.8811274505402,0.68290718525332,-0.305455626290336,weak_or_no_loading_tail_correlation,Base/stage loading and tail risk correlation from existing line component trace.
benchmark_calibrated_seed,wind_speed_11_28,37,0.740230443191363,0.75611456439435,0.0311418122066035,85.3290239648722,0.867247666408682,-0.115636801169942,weak_or_no_loading_tail_correlation,Base/stage loading and tail risk correlation from existing line component trace.
benchmark_calibrated_seed,wind_speed_11_28,38,0.582236144337547,0.582838967936255,0.0250962620541031,82.8811274505402,0.730979041494138,0.122020625414378,weak_or_no_loading_tail_correlation,Base/stage loading and tail risk correlation from existing line component trace.
benchmark_calibrated_seed,wind_speed_11_28,39,0.634716951695976,0.638817866429675,0.001543110445,85.5215479073846,3.70767056435877e-15,-0.147486029318805,weak_or_no_loading_tail_correlation,Base/stage loading and tail risk correlation from existing line component trace.
benchmark_calibrated_seed,wind_speed_11_28,40,0.390537475792884,0.377252377205171,0.129044868938085,86.8561476712592,0.942203467258864,-0.204377327017777,weak_or_no_loading_tail_correlation,Base/stage loading and tail risk correlation from existing line component trace.
benchmark_calibrated_seed,wind_speed_11_28,41,0.625443501590811,0.623785546808372,0.001555086457,86.8561476712592,2.18354611618031e-14,-0.0594242306154093,weak_or_no_loading_tail_correlation,Base/stage loading and tail risk correlation from existing line component trace.
benchmark_calibrated_seed,wind_speed_11_28,42,0.548496499168699,0.624488745669255,0.167637927939767,86.6188257322086,0.948301545117835,-0.166473248648671,weak_or_no_loading_tail_correlation,Base/stage loading and tail risk correlation from existing line component trace.
benchmark_calibrated_seed,wind_speed_11_28,43,0.196795868118974,0.20330704831329,0.001575046477,86.8561476712592,1.25763026846989e-15,0.0676106086149415,weak_or_no_loading_tail_correlation,Base/stage loading and tail risk correlation from existing line component trace.
benchmark_calibrated_seed,wind_speed_11_28,44,0.27399875886291,0.277678618453281,0.001123950025,86.8561476712592,-1.30751342432281e-16,0.0734712345674331,weak_or_no_loading_tail_correlation,Base/stage loading and tail risk correlation from existing line component trace.
benchmark_calibrated_seed,wind_speed_11_28,45,0.486965070765792,0.500435649374887,0.001550096452,86.8561476712592,1.05454152390133e-14,0.0549323063937366,weak_or_no_loading_tail_correlation,Base/stage loading and tail risk correlation from existing line component trace.
benchmark_calibrated_seed,wind_speed_11_28,46,0.600449021486085,0.601495529924138,0.001512172414,86.8561476712592,1.53245232607952e-14,-0.0649541735737537,weak_or_no_loading_tail_correlation,Base/stage loading and tail risk correlation from existing line component trace.
benchmark_calibrated_seed,wind_speed_12_00,1,0.526970815494928,0.603164485008145,0.153201523257544,145.62471941749,0.855449408163046,-0.225228990313944,weak_or_no_loading_tail_correlation,Base/stage loading and tail risk correlation from existing line component trace.
benchmark_calibrated_seed,wind_speed_12_00,2,0.265498231074685,0.291530052661838,0.0509795977384445,125.07666565254,0.812961085442955,0.0736515341564092,weak_or_no_loading_tail_correlation,Base/stage loading and tail risk correlation from existing line component trace.
benchmark_calibrated_seed,wind_speed_12_00,3,0.883399328748525,0.980717709360131,0.376772409387829,133.446271422004,0.794490602136782,-0.0416983033307286,weak_or_no_loading_tail_correlation,Base/stage loading and tail risk correlation from existing line component trace.
benchmark_calibrated_seed,wind_speed_12_00,4,0.456623096635718,0.540046685122799,0.0319064704079689,130.204129549617,0.546280364782317,0.0238416654067424,weak_or_no_loading_tail_correlation,Base/stage loading and tail risk correlation from existing line component trace.
benchmark_calibrated_seed,wind_speed_12_00,5,0.496960757846174,0.504734655610781,0.001575046477,132.232704334781,-5.83397129241312e-15,0.0892994326104361,weak_or_no_loading_tail_correlation,Base/stage loading and tail risk correlation from existing line component trace.
benchmark_calibrated_seed,wind_speed_12_00,6,0.428153865373883,0.472650649707538,0.0647940155287752,119.715969236046,0.58656327171671,0.109162550062527,weak_or_no_loading_tail_correlation,Base/stage loading and tail risk correlation from existing line component trace.
benchmark_calibrated_seed,wind_speed_12_00,7,0.316933136095882,0.355835540086361,0.034981642235206,119.715969236046,0.452098933643786,-0.0489397151005147,weak_or_no_loading_tail_correlation,Base/stage loading and tail risk correlation from existing line component trace.
benchmark_calibrated_seed,wind_speed_12_00,8,0.589368836521201,0.625586421217569,0.338753919291121,103.764543034729,0.892509335999298,0.323760168249813,loading_correlated_with_tail_risk,Base/stage loading and tail risk correlation from existing line component trace.
benchmark_calibrated_seed,wind_speed_12_00,9,0.521106656984576,0.564198505785626,0.116525178760796,119.831962156923,0.814275577720865,-0.27669616467516,weak_or_no_loading_tail_correlation,Base/stage loading and tail risk correlation from existing line component trace.
benchmark_calibrated_seed,wind_speed_12_00,10,0.52593646869999,0.434124281716653,0.0103764975759055,124.419263042665,0.346363100480391,-0.159342282798513,weak_or_no_loading_tail_correlation,Base/stage loading and tail risk correlation from existing line component trace.
benchmark_calibrated_seed,wind_speed_12_00,11,0.384301761422383,0.340413422573098,0.001662870565,126.81107493854,1.41345924409547e-15,-0.216742942161588,weak_or_no_loading_tail_correlation,Base/stage loading and tail risk correlation from existing line component trace.
benchmark_calibrated_seed,wind_speed_12_00,12,0.530841341305063,0.523817316581708,0.0906706107110242,125.769295917413,0.530567064493266,-0.202472471809686,weak_or_no_loading_tail_correlation,Base/stage loading and tail risk correlation from existing line component trace.
benchmark_calibrated_seed,wind_speed_12_00,13,0.631345558222357,0.76640088916106,0.348693983199627,92.5128927684877,0.849141543969684,0.361417109718793,loading_correlated_with_tail_risk,Base/stage loading and tail risk correlation from existing line component trace.
benchmark_calibrated_seed,wind_speed_12_00,14,0.692677675334925,0.685787261660314,0.228190321658247,117.487861170579,0.898933802352946,-0.0791463721856549,weak_or_no_loading_tail_correlation,Base/stage loading and tail risk correlation from existing line component trace.
benchmark_calibrated_seed,wind_speed_12_00,15,0.328537162135228,0.333128581061288,0.001121954023,125.414027210912,-7.7547616857784e-16,-0.161860596761892,weak_or_no_loading_tail_correlation,Base/stage loading and tail risk correlation from existing line component trace.
benchmark_calibrated_seed,wind_speed_12_00,16,0.433280323795905,0.495041587457221,0.0118381133490042,125.626258872356,0.237405865735795,0.0194223206362153,weak_or_no_loading_tail_correlation,Base/stage loading and tail risk correlation from existing line component trace.
benchmark_calibrated_seed,wind_speed_12_00,17,0.419672526099165,0.48092313471369,0.0277900167001322,125.431356756115,0.358297541289645,0.0347435041561576,weak_or_no_loading_tail_correlation,Base/stage loading and tail risk correlation from existing line component trace.
benchmark_calibrated_seed,wind_speed_12_00,18,0.558109694615572,0.593450203680991,0.20978164292428,94.6335635813644,0.801942528408757,0.302469972214069,loading_correlated_with_tail_risk,Base/stage loading and tail risk correlation from existing line component trace.
benchmark_calibrated_seed,wind_speed_12_00,19,0.693443970132927,0.818277249226456,0.343475034899806,86.2646182962632,0.761881764262252,-0.0208887671197375,weak_or_no_loading_tail_correlation,Base/stage loading and tail risk correlation from existing line component trace.
benchmark_calibrated_seed,wind_speed_12_00,20,0.807672924437671,0.803499503964365,0.0883203490663069,95.5695516086518,0.765978653293989,-0.29476270346654,weak_or_no_loading_tail_correlation,Base/stage loading and tail risk correlation from existing line component trace.
benchmark_calibrated_seed,wind_speed_12_00,21,0.114721339446968,0.106309645524756,0.00589483944044854,123.023744254454,0.684604821506526,-0.204624088638191,weak_or_no_loading_tail_correlation,Base/stage loading and tail risk correlation from existing line component trace.
benchmark_calibrated_seed,wind_speed_12_00,22,0.116555888015977,0.111790000330366,0.00376599379860187,123.023744254454,0.73923741929079,0.272209408874379,weak_or_no_loading_tail_correlation,Base/stage loading and tail risk correlation from existing line component trace.
benchmark_calibrated_seed,wind_speed_12_00,23,0.656598908543979,0.690320881692504,0.311718056105306,121.297054412232,0.771085463611501,-0.395516905684353,weak_or_no_loading_tail_correlation,Base/stage loading and tail risk correlation from existing line component trace.
benchmark_calibrated_seed,wind_speed_12_00,24,0.327657055372845,0.31436367121044,0.0015735604803183,119.155523328021,0.306746018684822,-0.1329944146095,weak_or_no_loading_tail_correlation,Base/stage loading and tail risk correlation from existing line component trace.
benchmark_calibrated_seed,wind_speed_12_00,25,0.548143904942656,0.587279366000912,0.0594238430589135,119.155523328021,0.684251487886301,0.228579675069543,weak_or_no_loading_tail_correlation,Base/stage loading and tail risk correlation from existing line component trace.
benchmark_calibrated_seed,wind_speed_12_00,26,0.409482063248376,0.468048016299945,0.0498428361652243,119.773541006215,0.658893350622703,-0.252282053446193,weak_or_no_loading_tail_correlation,Base/stage loading and tail risk correlation from existing line component trace.
benchmark_calibrated_seed,wind_speed_12_00,27,0.837670227828692,0.913504952757195,0.32360311102622,110.843144906767,0.824243491136157,-0.142788031832366,weak_or_no_loading_tail_correlation,Base/stage loading and tail risk correlation from existing line component trace.
benchmark_calibrated_seed,wind_speed_12_00,28,0.540532102636462,0.616994355573225,0.0563053444924387,119.155523328021,0.846188235396376,-0.0398659287065378,weak_or_no_loading_tail_correlation,Base/stage loading and tail risk correlation from existing line component trace.
benchmark_calibrated_seed,wind_speed_12_00,29,0.213784878349079,0.266142378332227,0.0136647788934987,122.456937656009,0.451505140288915,-0.0900276364555267,weak_or_no_loading_tail_correlation,Base/stage loading and tail risk correlation from existing line component trace.
benchmark_calibrated_seed,wind_speed_12_00,30,0.347538650105122,0.407317767364102,0.0596918035576047,119.715969236046,0.668325791169298,-0.0542557432458001,weak_or_no_loading_tail_correlation,Base/stage loading and tail risk correlation from existing line component trace.
benchmark_calibrated_seed,wind_speed_12_00,31,0.313578026233128,0.348401949802987,0.090307924791638,119.715969236046,0.834725621719092,-0.0143575038529921,weak_or_no_loading_tail_correlation,Base/stage loading and tail risk correlation from existing line component trace.
benchmark_calibrated_seed,wind_speed_12_00,32,0.173167102350286,0.144538890768692,0.001612970515,110.843144906767,2.1061722326148e-15,-0.260080727754982,weak_or_no_loading_tail_correlation,Base/stage loading and tail risk correlation from existing line component trace.
benchmark_calibrated_seed,wind_speed_12_00,33,0.728086195538383,0.734758748568299,0.0252189578259812,110.843144906767,0.768213990727626,-0.252499062559915,weak_or_no_loading_tail_correlation,Base/stage loading and tail risk correlation from existing line component trace.
benchmark_calibrated_seed,wind_speed_12_00,34,0.637580338033114,0.637354986177277,0.001123950025,110.843144906767,4.16083737191943e-15,-0.262145712324175,weak_or_no_loading_tail_correlation,Base/stage loading and tail risk correlation from existing line component trace.
benchmark_calibrated_seed,wind_speed_12_00,35,0.646940028824192,0.697367243216487,0.0579412581114592,123.627758871262,0.829183076323808,-0.137859384674106,weak_or_no_loading_tail_correlation,Base/stage loading and tail risk correlation from existing line component trace.
benchmark_calibrated_seed,wind_speed_12_00,36,0.194068517087912,0.190984900436782,0.0170091289185528,122.456937656009,0.701432377857502,-0.225184637872526,weak_or_no_loading_tail_correlation,Base/stage loading and tail risk correlation from existing line component trace.
benchmark_calibrated_seed,wind_speed_12_00,37,0.73998052727411,0.768211953808854,0.0573484605889714,122.456937656009,0.862944785729129,-0.155656174246614,weak_or_no_loading_tail_correlation,Base/stage loading and tail risk correlation from existing line component trace.
benchmark_calibrated_seed,wind_speed_12_00,38,0.579036319034443,0.638276268910881,0.0665964259611087,122.456937656009,0.929071980453302,-0.171470560854212,weak_or_no_loading_tail_correlation,Base/stage loading and tail risk correlation from existing line component trace.
benchmark_calibrated_seed,wind_speed_12_00,39,0.636644334161267,0.640594155729138,0.001543110445,122.659228343929,-2.11254577014225e-16,-0.0370781196096759,weak_or_no_loading_tail_correlation,Base/stage loading and tail risk correlation from existing line component trace.
benchmark_calibrated_seed,wind_speed_12_00,40,0.441813828502224,0.440074727345444,0.14627742838381,130.170168843323,0.906056044455224,-0.0239772918862464,weak_or_no_loading_tail_correlation,Base/stage loading and tail risk correlation from existing line component trace.
benchmark_calibrated_seed,wind_speed_12_00,41,0.630756932580909,0.63397942391019,0.001555086457,130.204129549617,1.02793502061675e-14,0.0848858428754061,weak_or_no_loading_tail_correlation,Base/stage loading and tail risk correlation from existing line component trace.
benchmark_calibrated_seed,wind_speed_12_00,42,0.567900213811443,0.637216901576775,0.171751761454192,132.622849253714,0.921485852732634,0.0116215210094432,weak_or_no_loading_tail_correlation,Base/stage loading and tail risk correlation from existing line component trace.
benchmark_calibrated_seed,wind_speed_12_00,43,0.186680348214623,0.192291549205449,0.001575046477,130.23792459393,-1.53978900645e-15,0.153947970778019,weak_or_no_loading_tail_correlation,Base/stage loading and tail risk correlation from existing line component trace.
benchmark_calibrated_seed,wind_speed_12_00,44,0.259836283027736,0.264065369320155,0.001123950025,130.23792459393,-1.43129889713513e-15,0.165759039214896,weak_or_no_loading_tail_correlation,Base/stage loading and tail risk correlation from existing line component trace.
benchmark_calibrated_seed,wind_speed_12_00,45,0.468809179678237,0.480724202105017,0.001550096452,130.23792459393,-5.81684740723266e-15,0.174141778751961,weak_or_no_loading_tail_correlation,Base/stage loading and tail risk correlation from existing line component trace.
benchmark_calibrated_seed,wind_speed_12_00,46,0.58246988323762,0.583188413989572,0.00244569312129207,130.669331154275,0.730714056503029,0.119971874821631,weak_or_no_loading_tail_correlation,Base/stage loading and tail risk correlation from existing line component trace.
high_hidden_failure,wind_speed_11_28,1,0.502772140435966,0.581482902523246,0.199544421353581,43.2012325055607,0.874452777700347,0.0368437408518826,weak_or_no_loading_tail_correlation,Base/stage loading and tail risk correlation from existing line component trace.
high_hidden_failure,wind_speed_11_28,2,0.245393188642506,0.274872225944078,0.0242223288691111,40.9885119479712,0.632833062336769,0.0729132662143902,weak_or_no_loading_tail_correlation,Base/stage loading and tail risk correlation from existing line component trace.
high_hidden_failure,wind_speed_11_28,3,0.860882168156865,0.88037696791348,0.353988653549125,44.1264346058004,0.837756406888141,0.0210004224397478,weak_or_no_loading_tail_correlation,Base/stage loading and tail risk correlation from existing line component trace.
high_hidden_failure,wind_speed_11_28,4,0.44963443899204,0.535179181196109,0.0269759645768638,41.5875160039228,0.437026258041514,0.0430684205708149,weak_or_no_loading_tail_correlation,Base/stage loading and tail risk correlation from existing line component trace.
high_hidden_failure,wind_speed_11_28,5,0.472870107829992,0.469555766988419,0.00868491627045964,41.4388210111212,0.777827112738884,0.0735880382064442,weak_or_no_loading_tail_correlation,Base/stage loading and tail risk correlation from existing line component trace.
high_hidden_failure,wind_speed_11_28,6,0.440182883979731,0.45615367301343,0.0435077951366153,40.4694439639658,0.484996795249938,0.239092516392934,weak_or_no_loading_tail_correlation,Base/stage loading and tail risk correlation from existing line component trace.
high_hidden_failure,wind_speed_11_28,7,0.310010033854962,0.322995374799071,0.0344455959674001,40.0875749116761,0.530581785848122,0.0121865341702149,weak_or_no_loading_tail_correlation,Base/stage loading and tail risk correlation from existing line component trace.
high_hidden_failure,wind_speed_11_28,8,0.619146492863849,0.556001312249329,0.212550232533618,37.5301429299572,0.805043787330861,0.117466369677108,weak_or_no_loading_tail_correlation,Base/stage loading and tail risk correlation from existing line component trace.
high_hidden_failure,wind_speed_11_28,9,0.535436215657163,0.646164491227458,0.146697326518524,36.6453452103329,0.843573194346916,0.428687658981294,loading_correlated_with_tail_risk,Base/stage loading and tail risk correlation from existing line component trace.
high_hidden_failure,wind_speed_11_28,10,0.563753085409751,0.460231987660285,0.0393652401830813,33.0444835498525,0.467551152384686,-0.0308572926294454,weak_or_no_loading_tail_correlation,Base/stage loading and tail risk correlation from existing line component trace.
high_hidden_failure,wind_speed_11_28,11,0.390644897983814,0.349242107832152,0.0373076978852488,39.7109907799883,0.512455063208458,-0.143522258479742,weak_or_no_loading_tail_correlation,Base/stage loading and tail risk correlation from existing line component trace.
high_hidden_failure,wind_speed_11_28,12,0.558342528541218,0.522781800761778,0.0954229590671277,34.5839476987962,0.614668652413811,0.464955120339261,loading_correlated_with_tail_risk,Base/stage loading and tail risk correlation from existing line component trace.
high_hidden_failure,wind_speed_11_28,13,0.633181518509124,0.754289686063388,0.269390657474095,38.9371119627867,0.827912455476566,0.0798312083896824,weak_or_no_loading_tail_correlation,Base/stage loading and tail risk correlation from existing line component trace.
high_hidden_failure,wind_speed_11_28,14,0.678626137142319,0.641608220172115,0.149788340107946,41.0576857263539,0.789175953103004,-0.140183110029042,weak_or_no_loading_tail_correlation,Base/stage loading and tail risk correlation from existing line component trace.
high_hidden_failure,wind_speed_11_28,15,0.336896487807717,0.311386779838081,0.0147847439032561,40.3445813333904,0.382894522792072,0.167563921618237,weak_or_no_loading_tail_correlation,Base/stage loading and tail risk correlation from existing line component trace.
high_hidden_failure,wind_speed_11_28,16,0.390778892865789,0.481385673460491,0.0609851684498369,40.6972212498108,0.490843115899626,-0.015414506264528,weak_or_no_loading_tail_correlation,Base/stage loading and tail risk correlation from existing line component trace.
high_hidden_failure,wind_speed_11_28,17,0.376181004696491,0.467822476883725,0.0790930096998848,40.6972212498108,0.584003568641438,-0.010164960123617,weak_or_no_loading_tail_correlation,Base/stage loading and tail risk correlation from existing line component trace.
high_hidden_failure,wind_speed_11_28,18,0.557965832067501,0.600835416912146,0.159990930107776,38.767516137537,0.748676170298556,0.0145717816186365,weak_or_no_loading_tail_correlation,Base/stage loading and tail risk correlation from existing line component trace.
high_hidden_failure,wind_speed_11_28,19,0.700743147767228,0.764959947155932,0.265124094757389,38.4804604191308,0.763648277676706,0.400357567943039,loading_correlated_with_tail_risk,Base/stage loading and tail risk correlation from existing line component trace.
high_hidden_failure,wind_speed_11_28,20,0.810219964242981,0.853312350164529,0.122705134964888,38.3089737317536,0.718197791728887,-0.0907547035630728,weak_or_no_loading_tail_correlation,Base/stage loading and tail risk correlation from existing line component trace.
high_hidden_failure,wind_speed_11_28,21,0.116974401733878,0.115047567257117,0.0185247194472561,38.0221283938467,0.900884379556017,0.170750829692548,weak_or_no_loading_tail_correlation,Base/stage loading and tail risk correlation from existing line component trace.
high_hidden_failure,wind_speed_11_28,22,0.116818917975071,0.11469164981042,0.0152296354375176,38.1078034113973,0.88102836516983,0.0582486816713789,weak_or_no_loading_tail_correlation,Base/stage loading and tail risk correlation from existing line component trace.
high_hidden_failure,wind_speed_11_28,23,0.665690475425808,0.750443046299278,0.279802733956841,38.4353501857186,0.762269568944282,0.396678411509708,loading_correlated_with_tail_risk,Base/stage loading and tail risk correlation from existing line component trace.
high_hidden_failure,wind_speed_11_28,24,0.328707590638407,0.301323076477785,0.0142867646407425,39.1414175814773,0.364479265291134,-0.00721225769354755,weak_or_no_loading_tail_correlation,Base/stage loading and tail risk correlation from existing line component trace.
high_hidden_failure,wind_speed_11_28,25,0.531804901802969,0.532700102135517,0.0447951263016628,39.1093319990301,0.664794262722719,-0.0982970850157701,weak_or_no_loading_tail_correlation,Base/stage loading and tail risk correlation from existing line component trace.
high_hidden_failure,wind_speed_11_28,26,0.416471436513215,0.474512984837091,0.0552154509421816,39.202149857543,0.656738830605958,0.119566588706299,weak_or_no_loading_tail_correlation,Base/stage loading and tail risk correlation from existing line component trace.
high_hidden_failure,wind_speed_11_28,27,0.829950933684339,0.92069550294006,0.36930596849325,39.0129782282785,0.848982641233645,0.0301665733210733,weak_or_no_loading_tail_correlation,Base/stage loading and tail risk correlation from existing line component trace.
high_hidden_failure,wind_speed_11_28,28,0.546500825621805,0.562099482836691,0.0204468975739436,39.1093319990301,0.624687548453495,0.0739476570851803,weak_or_no_loading_tail_correlation,Base/stage loading and tail risk correlation from existing line component trace.
high_hidden_failure,wind_speed_11_28,29,0.216010148858128,0.208149762183173,0.0210194580594609,38.984092151587,0.703904660667446,-0.0785716779931776,weak_or_no_loading_tail_correlation,Base/stage loading and tail risk correlation from existing line component trace.
high_hidden_failure,wind_speed_11_28,30,0.342393678486453,0.388375954899273,0.0387373654985044,40.0875749116761,0.546480161099712,0.0682000850926453,weak_or_no_loading_tail_correlation,Base/stage loading and tail risk correlation from existing line component trace.
high_hidden_failure,wind_speed_11_28,31,0.283911786764738,0.328937717299222,0.0546308141685484,40.0875749116761,0.71502920679219,-0.0919404831264345,weak_or_no_loading_tail_correlation,Base/stage loading and tail risk correlation from existing line component trace.
high_hidden_failure,wind_speed_11_28,32,0.179213601317485,0.144106447540927,0.00649486287500001,38.6433402289885,1.48667119913738e-15,-0.0920580696433674,weak_or_no_loading_tail_correlation,Base/stage loading and tail risk correlation from existing line component trace.
high_hidden_failure,wind_speed_11_28,33,0.732660053192898,0.736307229153418,0.0165774310308274,39.0129782282785,0.649683177625314,-0.0464127211802293,weak_or_no_loading_tail_correlation,Base/stage loading and tail risk correlation from existing line component trace.
high_hidden_failure,wind_speed_11_28,34,0.631949263516801,0.63069321281331,0.00600975062499999,38.6433402289885,-7.3528249836013e-15,-0.0491269230343368,weak_or_no_loading_tail_correlation,Base/stage loading and tail risk correlation from existing line component trace.
high_hidden_failure,wind_speed_11_28,35,0.651642772840047,0.66546138670285,0.0211969233575053,39.2842075684979,0.639315713951774,0.0749318366971647,weak_or_no_loading_tail_correlation,Base/stage loading and tail risk correlation from existing line component trace.
high_hidden_failure,wind_speed_11_28,36,0.200708903736197,0.181411428352039,0.0210488437961459,39.2291833473229,0.774221039802779,-0.111802928988216,weak_or_no_loading_tail_correlation,Base/stage loading and tail risk correlation from existing line component trace.
high_hidden_failure,wind_speed_11_28,37,0.745384677025988,0.75035255346489,0.0300046471034817,39.7403814480808,0.891987130214364,-0.0890599851464867,weak_or_no_loading_tail_correlation,Base/stage loading and tail risk correlation from existing line component trace.
high_hidden_failure,wind_speed_11_28,38,0.584457480604431,0.595309766482257,0.0338358405690893,39.2291833473229,0.799584460472471,0.0341094120282057,weak_or_no_loading_tail_correlation,Base/stage loading and tail risk correlation from existing line component trace.
high_hidden_failure,wind_speed_11_28,39,0.635874966694503,0.636343707097362,0.00642556112500001,39.9992408080576,-4.0884859273607e-15,-0.106128346945294,weak_or_no_loading_tail_correlation,Base/stage loading and tail risk correlation from existing line component trace.
high_hidden_failure,wind_speed_11_28,40,0.39320968685153,0.390059049172703,0.147015469741332,42.008389404944,0.901808198236161,-0.195744023370919,weak_or_no_loading_tail_correlation,Base/stage loading and tail risk correlation from existing line component trace.
high_hidden_failure,wind_speed_11_28,41,0.626632251564273,0.625635268550933,0.00643744142500001,41.3899189579541,6.32357925544682e-15,-0.05944013342738,weak_or_no_loading_tail_correlation,Base/stage loading and tail risk correlation from existing line component trace.
high_hidden_failure,wind_speed_11_28,42,0.540111876402683,0.583625542822581,0.170023509381427,41.9174684594869,0.915801241106373,-0.157650687062497,weak_or_no_loading_tail_correlation,Base/stage loading and tail risk correlation from existing line component trace.
high_hidden_failure,wind_speed_11_28,43,0.203023983036114,0.209364433297663,0.006457241925,42.008389404944,NaN,0.0112931264164981,weak_or_no_loading_tail_correlation,Base/stage loading and tail risk correlation from existing line component trace.
high_hidden_failure,wind_speed_11_28,44,0.283819274893859,0.279565042908097,0.00600975062499999,42.0615505986168,1.21488308932768e-15,0.00449357419984871,weak_or_no_loading_tail_correlation,Base/stage loading and tail risk correlation from existing line component trace.
high_hidden_failure,wind_speed_11_28,45,0.486308050384554,0.486847905029469,0.00643249130000001,42.0615226742112,-1.1937503334867e-15,-0.00903664205875459,weak_or_no_loading_tail_correlation,Base/stage loading and tail risk correlation from existing line component trace.
high_hidden_failure,wind_speed_11_28,46,0.601206330656878,0.599790422051014,0.00639487035,42.008389404944,9.69631258363263e-15,-0.0699702966263755,weak_or_no_loading_tail_correlation,Base/stage loading and tail risk correlation from existing line component trace.
high_hidden_failure,wind_speed_12_00,1,0.547283510550708,0.638327375682243,0.219129008549437,62.676995326819,0.901669658398574,-0.182355840915752,weak_or_no_loading_tail_correlation,Base/stage loading and tail risk correlation from existing line component trace.
high_hidden_failure,wind_speed_12_00,2,0.275563399268437,0.29939159515604,0.0485374821042253,56.2517931421479,0.744251512091447,0.0183907008046597,weak_or_no_loading_tail_correlation,Base/stage loading and tail risk correlation from existing line component trace.
high_hidden_failure,wind_speed_12_00,3,0.889587185552688,0.91527273363792,0.353183185390561,59.6739143259231,0.781495997888457,0.086021726608719,weak_or_no_loading_tail_correlation,Base/stage loading and tail risk correlation from existing line component trace.
high_hidden_failure,wind_speed_12_00,4,0.457883959461533,0.534262289798079,0.032107566772529,57.1117997852541,0.481182422900253,0.0666301354197726,weak_or_no_loading_tail_correlation,Base/stage loading and tail risk correlation from existing line component trace.
high_hidden_failure,wind_speed_12_00,5,0.504186952363926,0.497970076086653,0.00887462089841849,58.8555711584279,0.408957800213093,0.0675507461404333,weak_or_no_loading_tail_correlation,Base/stage loading and tail risk correlation from existing line component trace.
high_hidden_failure,wind_speed_12_00,6,0.445130108855492,0.432724781324416,0.0616809071737915,53.2595230848224,0.612853289751998,0.173479966176408,weak_or_no_loading_tail_correlation,Base/stage loading and tail risk correlation from existing line component trace.
high_hidden_failure,wind_speed_12_00,7,0.318703033247552,0.326741012280782,0.042709871488757,53.0916337103326,0.534263584652217,0.0190843460885504,weak_or_no_loading_tail_correlation,Base/stage loading and tail risk correlation from existing line component trace.
high_hidden_failure,wind_speed_12_00,8,0.601269605296556,0.538244950962573,0.222250847495257,46.5046575290543,0.812794716535528,0.415302245409943,loading_correlated_with_tail_risk,Base/stage loading and tail risk correlation from existing line component trace.
high_hidden_failure,wind_speed_12_00,9,0.514650831857603,0.57799503892413,0.104538680664791,52.596631024687,0.801579496432644,-0.178707004363104,weak_or_no_loading_tail_correlation,Base/stage loading and tail risk correlation from existing line component trace.
high_hidden_failure,wind_speed_12_00,10,0.547444686502391,0.457145539022037,0.0339799526780609,55.9761750137415,0.389372846660338,-0.0880302982500022,weak_or_no_loading_tail_correlation,Base/stage loading and tail risk correlation from existing line component trace.
high_hidden_failure,wind_speed_12_00,11,0.396809952573897,0.369974321705627,0.0341578323038626,53.6484231182138,0.47061916334466,-0.0411122698569638,weak_or_no_loading_tail_correlation,Base/stage loading and tail risk correlation from existing line component trace.
high_hidden_failure,wind_speed_12_00,12,0.547497588517143,0.514873658231356,0.068167322285043,54.9561387230238,0.496357121965118,0.130976231181597,weak_or_no_loading_tail_correlation,Base/stage loading and tail risk correlation from existing line component trace.
high_hidden_failure,wind_speed_12_00,13,0.61966184629,0.769309869011853,0.299214976887947,43.5897666844226,0.844323085159235,0.143064137552141,weak_or_no_loading_tail_correlation,Base/stage loading and tail risk correlation from existing line component trace.
high_hidden_failure,wind_speed_12_00,14,0.695967455928348,0.668805891120715,0.186170608489683,60.3197296754137,0.840389694693387,-0.0999871047100188,weak_or_no_loading_tail_correlation,Base/stage loading and tail risk correlation from existing line component trace.
high_hidden_failure,wind_speed_12_00,15,0.334256264583097,0.310640072761732,0.00600777057500001,54.9075791701487,9.10711019541419e-16,0.180440119670119,weak_or_no_loading_tail_correlation,Base/stage loading and tail risk correlation from existing line component trace.
high_hidden_failure,wind_speed_12_00,16,0.419559814340731,0.480948063309191,0.0436812486544206,56.1182311955793,0.420035566160262,-0.0732457741777878,weak_or_no_loading_tail_correlation,Base/stage loading and tail risk correlation from existing line component trace.
high_hidden_failure,wind_speed_12_00,17,0.404291462128116,0.467757984738731,0.049755674920202,56.1182311955793,0.464545183109622,-0.0643622404645413,weak_or_no_loading_tail_correlation,Base/stage loading and tail risk correlation from existing line component trace.
high_hidden_failure,wind_speed_12_00,18,0.549833377964334,0.612952574167576,0.182033407607108,44.8765359475206,0.786059925898998,0.00850783329711768,weak_or_no_loading_tail_correlation,Base/stage loading and tail risk correlation from existing line component trace.
high_hidden_failure,wind_speed_12_00,19,0.694114067829604,0.748545054745415,0.26641617087633,43.966711553465,0.773607158667111,-0.0629836167227818,weak_or_no_loading_tail_correlation,Base/stage loading and tail risk correlation from existing line component trace.
high_hidden_failure,wind_speed_12_00,20,0.806834531357413,0.856691483701146,0.119399473524354,45.0292267666501,0.770004781802875,-0.238307511106139,weak_or_no_loading_tail_correlation,Base/stage loading and tail risk correlation from existing line component trace.
high_hidden_failure,wind_speed_12_00,21,0.118893067990555,0.108571602333251,0.0187351880611662,49.4109655463486,0.903680593792593,-0.109701420136953,weak_or_no_loading_tail_correlation,Base/stage loading and tail risk correlation from existing line component trace.
high_hidden_failure,wind_speed_12_00,22,0.119093474219593,0.111565726646134,0.01272697616999,49.4109655463486,0.922488399680299,0.0214085602917212,weak_or_no_loading_tail_correlation,Base/stage loading and tail risk correlation from existing line component trace.
high_hidden_failure,wind_speed_12_00,23,0.657677039402229,0.692105837925824,0.264853986179308,47.5496606695944,0.75739159507756,-0.189505806233617,weak_or_no_loading_tail_correlation,Base/stage loading and tail risk correlation from existing line component trace.
high_hidden_failure,wind_speed_12_00,24,0.338305934546083,0.315570874782992,0.00846883890277085,53.0263264152448,0.155758056568532,-0.0712277802203254,weak_or_no_loading_tail_correlation,Base/stage loading and tail risk correlation from existing line component trace.
high_hidden_failure,wind_speed_12_00,25,0.540408038387257,0.544168413747288,0.0521281676832565,53.0263264152448,0.657490694111275,0.277223161098491,weak_or_no_loading_tail_correlation,Base/stage loading and tail risk correlation from existing line component trace.
high_hidden_failure,wind_speed_12_00,26,0.421808693086342,0.470828883566389,0.0513396806555265,53.08459227809,0.642871927224977,-0.178664774592518,weak_or_no_loading_tail_correlation,Base/stage loading and tail risk correlation from existing line component trace.
high_hidden_failure,wind_speed_12_00,27,0.83200174093671,0.919155256061954,0.373589175630989,51.708958602748,0.852898656467244,-0.0630948757158852,weak_or_no_loading_tail_correlation,Base/stage loading and tail risk correlation from existing line component trace.
high_hidden_failure,wind_speed_12_00,28,0.540419853756744,0.595019351142737,0.0414373211973591,53.1230689704819,0.806739768666547,0.0136587668128836,weak_or_no_loading_tail_correlation,Base/stage loading and tail risk correlation from existing line component trace.
high_hidden_failure,wind_speed_12_00,29,0.217986894677864,0.24061063914584,0.0195306119123405,53.5917540290399,0.524429286623433,-0.0512027862749845,weak_or_no_loading_tail_correlation,Base/stage loading and tail risk correlation from existing line component trace.
high_hidden_failure,wind_speed_12_00,30,0.342588246523515,0.382346283702908,0.0519616091548066,53.1470051871699,0.631935843386644,0.0264894411142248,weak_or_no_loading_tail_correlation,Base/stage loading and tail risk correlation from existing line component trace.
high_hidden_failure,wind_speed_12_00,31,0.302170261954685,0.325133173286418,0.0594435044021239,53.1467005755243,0.743689999880946,0.0345360185021053,weak_or_no_loading_tail_correlation,Base/stage loading and tail risk correlation from existing line component trace.
high_hidden_failure,wind_speed_12_00,32,0.17965418423911,0.143416141515453,0.00649486287500001,52.1764909339568,3.84531248124894e-16,-0.140721783232962,weak_or_no_loading_tail_correlation,Base/stage loading and tail risk correlation from existing line component trace.
high_hidden_failure,wind_speed_12_00,33,0.729675104463547,0.73185984769017,0.0199401038647212,51.708958602748,0.688659816926663,-0.117575571371474,weak_or_no_loading_tail_correlation,Base/stage loading and tail risk correlation from existing line component trace.
high_hidden_failure,wind_speed_12_00,34,0.637429509375271,0.636870207972473,0.00600975062499999,52.1764909339568,-4.11785845854468e-14,-0.134488312129688,weak_or_no_loading_tail_correlation,Base/stage loading and tail risk correlation from existing line component trace.
high_hidden_failure,wind_speed_12_00,35,0.64673470503665,0.684205979508333,0.0423174110885818,53.8288970318588,0.793221828987285,-0.0349031958595067,weak_or_no_loading_tail_correlation,Base/stage loading and tail risk correlation from existing line component trace.
high_hidden_failure,wind_speed_12_00,36,0.199074418451008,0.17981204718832,0.0183878469958333,53.6934466519966,0.690402134980662,-0.120355336661759,weak_or_no_loading_tail_correlation,Base/stage loading and tail risk correlation from existing line component trace.
high_hidden_failure,wind_speed_12_00,37,0.736678537737239,0.747861170474814,0.036996015973443,53.5917540290399,0.840577169257564,-0.0826664193914344,weak_or_no_loading_tail_correlation,Base/stage loading and tail risk correlation from existing line component trace.
high_hidden_failure,wind_speed_12_00,38,0.585070686681772,0.621637813107764,0.0498753968224453,53.5858298429537,0.921222781704664,-0.0770791452539574,weak_or_no_loading_tail_correlation,Base/stage loading and tail risk correlation from existing line component trace.
high_hidden_failure,wind_speed_12_00,39,0.636386962929644,0.637689690856087,0.006425561125,53.6934516244301,1.07101224900088e-14,-0.0221083179417431,weak_or_no_loading_tail_correlation,Base/stage loading and tail risk correlation from existing line component trace.
high_hidden_failure,wind_speed_12_00,40,0.42524834649172,0.410897475749067,0.135369075567093,58.4199584780608,0.883859892966079,0.0422900641665291,weak_or_no_loading_tail_correlation,Base/stage loading and tail risk correlation from existing line component trace.
high_hidden_failure,wind_speed_12_00,41,0.631100322843117,0.630295518181179,0.00643744142500001,57.1077026770141,2.21008019300691e-15,0.15928890442097,weak_or_no_loading_tail_correlation,Base/stage loading and tail risk correlation from existing line component trace.
high_hidden_failure,wind_speed_12_00,42,0.541501563847368,0.598613354743711,0.170760312471569,59.4516550180336,0.911675724978383,0.0739569973805923,weak_or_no_loading_tail_correlation,Base/stage loading and tail risk correlation from existing line component trace.
high_hidden_failure,wind_speed_12_00,43,0.189186588468075,0.183762932112206,0.006457241925,58.4199584780608,3.06171424000038e-15,0.200243724707062,weak_or_no_loading_tail_correlation,Base/stage loading and tail risk correlation from existing line component trace.
high_hidden_failure,wind_speed_12_00,44,0.268260790200938,0.257816607993152,0.00600975062499999,58.4199584780608,-2.45235206799251e-15,0.19319293611324,weak_or_no_loading_tail_correlation,Base/stage loading and tail risk correlation from existing line component trace.
high_hidden_failure,wind_speed_12_00,45,0.467788707843826,0.480018435903872,0.00643249130000001,58.4199584780608,-1.89441001350688e-14,0.153346286206502,weak_or_no_loading_tail_correlation,Base/stage loading and tail risk correlation from existing line component trace.
high_hidden_failure,wind_speed_12_00,46,0.582228430535086,0.581826525592744,0.00894257581064104,58.4199584780608,0.893192968018806,0.102101141157757,weak_or_no_loading_tail_correlation,Base/stage loading and tail risk correlation from existing line component trace.
