initial_branch,trial_id,stage_id,new_outaged_branches,all_outaged_branches,island_count,disconnected_load_mw,new_slack_bus,converged,load_shed_mw,num_overloaded_lines,max_line_loading_pu,num_voltage_violations,max_voltage_deviation_pu,num_candidate_lines,num_selected_trips
1,1,1,"3","1",1,0,31,1,0,1,1.15507698369293,0,0,45,1
1,1,2,"40,42","1,3",1,0,31,1,0,2,1.30725559849487,0,0,44,2
1,1,3,"14","1,3,40,42",3,852.5,31,1,852.5,1,1.20958039503011,2,0.00595631513642936,35,1
1,1,4,"16,27","1,3,14,40,42",10,9.2,39,1,1400.953,2,1.12197194126428,3,0.0206108732219057,34,2
1,1,5,"","1,3,14,16,27,40,42",12,1699.29,32,1,3573.34105,5,2.30186386560645,17,0.117476258381235,27,0
1,2,1,"3","1",1,0,31,1,0,1,1.15507698369293,0,0,45,1
1,2,2,"40,42","1,3",1,0,31,1,0,2,1.30725559849487,0,0,44,2
1,2,3,"14","1,3,40,42",3,852.5,31,1,852.5,1,1.20958039503011,2,0.00595631513642936,35,1
1,2,4,"16,17","1,3,14,40,42",10,9.2,39,1,1400.953,2,1.12197194126428,3,0.0206108732219057,34,2
1,2,5,"","1,3,14,16,17,40,42",12,1087.29,32,1,2488.243,6,2.13227134347367,13,0.0829244109274246,31,0
1,3,1,"3","1",1,0,31,1,0,1,1.15507698369293,0,0,45,1
1,3,2,"4,40,42","1,3",1,0,31,1,0,2,1.30725559849487,0,0,44,3
1,3,3,"14","1,3,4,40,42",4,852.5,31,1,852.5,1,1.20958039503011,2,0.00595631513642936,35,1
1,3,4,"","1,3,4,14,40,42",10,9.2,39,1,1400.953,2,1.12197194126428,3,0.0206108732219057,34,0
1,4,1,"3","1",1,0,31,1,0,1,1.15507698369293,0,0,45,1
1,4,2,"40,42","1,3",1,0,31,1,0,2,1.30725559849487,0,0,44,2
1,4,3,"14","1,3,40,42",3,852.5,31,1,852.5,1,1.20958039503011,2,0.00595631513642936,35,1
1,4,4,"17,20","1,3,14,40,42",10,9.2,39,1,1400.953,2,1.12197194126428,3,0.0206108732219057,34,2
1,4,5,"","1,3,14,17,20,40,42",12,1081.44,35,0,3613.9441,NaN,NaN,NaN,NaN,0,0
1,5,1,"3","1",1,0,31,1,0,1,1.15507698369293,0,0,45,1
1,5,2,"40,42","1,3",1,0,31,1,0,2,1.30725559849487,0,0,44,2
1,5,3,"14,23,27","1,3,40,42",3,852.5,31,1,852.5,1,1.20958039503011,2,0.00595631513642936,35,3
1,5,4,"","1,3,14,23,27,40,42",11,689.2,39,1,2719.8325,6,1.58371458505552,16,0.0825161641866249,29,0
1,6,1,"","1",1,0,31,1,0,1,1.15507698369293,0,0,45,0
1,7,1,"3","1",1,0,31,1,0,1,1.15507698369293,0,0,45,1
1,7,2,"40,42","1,3",1,0,31,1,0,2,1.30725559849487,0,0,44,2
1,7,3,"14","1,3,40,42",3,852.5,31,1,852.5,1,1.20958039503011,2,0.00595631513642936,35,1
1,7,4,"17","1,3,14,40,42",10,9.2,39,1,1400.953,2,1.12197194126428,3,0.0206108732219057,34,1
1,7,5,"","1,3,14,17,40,42",11,1081.44,32,1,2482.393,6,2.05601353910032,10,0.0413647364906576,32,0
1,8,1,"3","1",1,0,31,1,0,1,1.15507698369293,0,0,45,1
1,8,2,"40,42","1,3",1,0,31,1,0,2,1.30725559849487,0,0,44,2
1,8,3,"14","1,3,40,42",3,852.5,31,1,852.5,1,1.20958039503011,2,0.00595631513642936,35,1
1,8,4,"16","1,3,14,40,42",10,9.2,39,1,1400.953,2,1.12197194126428,3,0.0206108732219057,34,1
1,8,5,"","1,3,14,16,40,42",11,1087.29,32,1,2488.243,6,2.13227134347367,13,0.0829244109274246,31,0
1,9,1,"3","1",1,0,31,1,0,1,1.15507698369293,0,0,45,1
1,9,2,"40,42","1,3",1,0,31,1,0,2,1.30725559849487,0,0,44,2
1,9,3,"8,10,14","1,3,40,42",3,852.5,31,1,852.5,1,1.20958039503011,2,0.00595631513642936,35,3
1,9,4,"9,17,19,20,23","1,3,8,10,14,40,42",10,9.2,39,1,1400.953,7,1.37823585106353,7,0.0809055937456518,32,5
1,9,5,"","1,3,8,9,10,14,17,19,20,23,40,42",13,1775.187,35,1,3791.758,5,1.76173465225063,7,0.179572749801702,18,0
1,10,1,"3","1",1,0,31,1,0,1,1.15507698369293,0,0,45,1
1,10,2,"40,42","1,3",1,0,31,1,0,2,1.30725559849487,0,0,44,2
1,10,3,"14","1,3,40,42",3,852.5,31,1,852.5,1,1.20958039503011,2,0.00595631513642936,35,1
1,10,4,"16","1,3,14,40,42",10,9.2,39,1,1400.953,2,1.12197194126428,3,0.0206108732219057,34,1
1,10,5,"","1,3,14,16,40,42",11,1087.29,32,1,2488.243,6,2.13227134347367,13,0.0829244109274246,31,0
1,11,1,"3","1",1,0,31,1,0,1,1.15507698369293,0,0,45,1
1,11,2,"40,42","1,3",1,0,31,1,0,2,1.30725559849487,0,0,44,2
1,11,3,"14","1,3,40,42",3,852.5,31,1,852.5,1,1.20958039503011,2,0.00595631513642936,35,1
1,11,4,"","1,3,14,40,42",10,9.2,39,1,1400.953,2,1.12197194126428,3,0.0206108732219057,34,0
1,12,1,"3","1",1,0,31,1,0,1,1.15507698369293,0,0,45,1
1,12,2,"40,42","1,3",1,0,31,1,0,2,1.30725559849487,0,0,44,2
1,12,3,"14,23","1,3,40,42",3,852.5,31,1,852.5,1,1.20958039503011,2,0.00595631513642936,35,2
1,12,4,"8,13,17,18","1,3,14,23,40,42",10,9.2,39,1,1400.953,6,1.48912415985681,7,0.0534704964943796,33,4
1,12,5,"","1,3,8,13,14,17,18,23,40,42",13,1775.187,35,1,3176.14,7,1.97022660351534,10,0.193179834433247,19,0
1,13,1,"3","1",1,0,31,1,0,1,1.15507698369293,0,0,45,1
1,13,2,"40,42","1,3",1,0,31,1,0,2,1.30725559849487,0,0,44,2
1,13,3,"14,19,23","1,3,40,42",3,852.5,31,1,852.5,1,1.20958039503011,2,0.00595631513642936,35,3
1,13,4,"8,13,16,17,18","1,3,14,19,23,40,42",10,9.2,39,1,1400.953,6,1.4817214467155,9,0.0579193486477719,32,5
1,13,5,"","1,3,8,13,14,16,17,18,19,23,40,42",15,1775.187,35,1,3176.14,7,1.97022660351534,10,0.193179834433247,19,0
1,14,1,"3","1",1,0,31,1,0,1,1.15507698369293,0,0,45,1
1,14,2,"40,42","1,3",1,0,31,1,0,2,1.30725559849487,0,0,44,2
1,14,3,"8,14","1,3,40,42",3,852.5,31,1,852.5,1,1.20958039503011,2,0.00595631513642936,35,2
1,14,4,"9,13,16,17,19,23","1,3,8,14,40,42",10,9.2,39,1,1400.953,7,1.37842562242859,6,0.0493799979475416,33,6
1,14,5,"","1,3,8,9,13,14,16,17,19,23,40,42",14,1775.187,35,1,3791.758,5,1.76173465225063,7,0.179572749801702,18,0
1,15,1,"3","1",1,0,31,1,0,1,1.15507698369293,0,0,45,1
1,15,2,"31,40,42","1,3",1,0,31,1,0,2,1.30725559849487,0,0,44,3
1,15,3,"14","1,3,31,40,42",4,1133.5,31,1,1133.5,0,0.977910058407131,0,0,34,1
1,15,4,"16,17","1,3,14,31,40,42",11,9.2,39,1,1142.7,3,1.43123476304789,10,0.0941249036117637,33,2
1,15,5,"","1,3,14,16,17,31,40,42",13,1208.1,32,1,2350.8,7,2.50439367351016,14,0.153201710348643,30,0
1,16,1,"","1",1,0,31,1,0,1,1.15507698369293,0,0,45,0
1,17,1,"","1",1,0,31,1,0,1,1.15507698369293,0,0,45,0
1,18,1,"3","1",1,0,31,1,0,1,1.15507698369293,0,0,45,1
1,18,2,"30,40,42","1,3",1,0,31,1,0,2,1.30725559849487,0,0,44,3
1,18,3,"8,14","1,3,30,40,42",3,852.5,31,1,852.5,3,1.24288517886229,7,0.059329510161453,34,2
1,18,4,"9,16,17,19,20,23,25,27","1,3,8,14,30,40,42",10,9.2,39,1,1400.953,9,2.04700864924066,14,0.231709347943292,32,8
1,18,5,"","1,3,8,9,14,16,17,19,20,23,25,27,30,40,42",17,3557.187,35,1,4958.14,0,0.891583837378644,0,0,9,0
1,19,1,"3","1",1,0,31,1,0,1,1.15507698369293,0,0,45,1
1,19,2,"40,42","1,3",1,0,31,1,0,2,1.30725559849487,0,0,44,2
1,19,3,"14","1,3,40,42",3,852.5,31,1,852.5,1,1.20958039503011,2,0.00595631513642936,35,1
1,19,4,"17","1,3,14,40,42",10,9.2,39,1,1400.953,2,1.12197194126428,3,0.0206108732219057,34,1
1,19,5,"","1,3,14,17,40,42",11,1081.44,32,1,2482.393,6,2.05601353910032,10,0.0413647364906576,32,0
1,20,1,"","1",1,0,31,1,0,1,1.15507698369293,0,0,45,0
2,1,1,"","2",1,0,31,1,0,0,0.996267408072325,0,0,45,0
2,2,1,"","2",1,0,31,1,0,0,0.996267408072325,0,0,45,0
2,3,1,"","2",1,0,31,1,0,0,0.996267408072325,0,0,45,0
2,4,1,"","2",1,0,31,1,0,0,0.996267408072325,0,0,45,0
2,5,1,"","2",1,0,31,1,0,0,0.996267408072325,0,0,45,0
2,6,1,"","2",1,0,31,1,0,0,0.996267408072325,0,0,45,0
2,7,1,"","2",1,0,31,1,0,0,0.996267408072325,0,0,45,0
2,8,1,"","2",1,0,31,1,0,0,0.996267408072325,0,0,45,0
2,9,1,"","2",1,0,31,1,0,0,0.996267408072325,0,0,45,0
2,10,1,"","2",1,0,31,1,0,0,0.996267408072325,0,0,45,0
2,11,1,"","2",1,0,31,1,0,0,0.996267408072325,0,0,45,0
2,12,1,"","2",1,0,31,1,0,0,0.996267408072325,0,0,45,0
2,13,1,"","2",1,0,31,1,0,0,0.996267408072325,0,0,45,0
2,14,1,"","2",1,0,31,1,0,0,0.996267408072325,0,0,45,0
2,15,1,"","2",1,0,31,1,0,0,0.996267408072325,0,0,45,0
2,16,1,"","2",1,0,31,1,0,0,0.996267408072325,0,0,45,0
2,17,1,"","2",1,0,31,1,0,0,0.996267408072325,0,0,45,0
2,18,1,"","2",1,0,31,1,0,0,0.996267408072325,0,0,45,0
2,19,1,"","2",1,0,31,1,0,0,0.996267408072325,0,0,45,0
2,20,1,"","2",1,0,31,1,0,0,0.996267408072325,0,0,45,0
3,1,1,"","3",1,0,31,1,0,0,0.800915706069621,0,0,45,0
3,2,1,"","3",1,0,31,1,0,0,0.800915706069621,0,0,45,0
3,3,1,"","3",1,0,31,1,0,0,0.800915706069621,0,0,45,0
3,4,1,"","3",1,0,31,1,0,0,0.800915706069621,0,0,45,0
3,5,1,"","3",1,0,31,1,0,0,0.800915706069621,0,0,45,0
3,6,1,"","3",1,0,31,1,0,0,0.800915706069621,0,0,45,0
3,7,1,"","3",1,0,31,1,0,0,0.800915706069621,0,0,45,0
3,8,1,"","3",1,0,31,1,0,0,0.800915706069621,0,0,45,0
3,9,1,"","3",1,0,31,1,0,0,0.800915706069621,0,0,45,0
3,10,1,"","3",1,0,31,1,0,0,0.800915706069621,0,0,45,0
3,11,1,"","3",1,0,31,1,0,0,0.800915706069621,0,0,45,0
3,12,1,"","3",1,0,31,1,0,0,0.800915706069621,0,0,45,0
3,13,1,"","3",1,0,31,1,0,0,0.800915706069621,0,0,45,0
3,14,1,"","3",1,0,31,1,0,0,0.800915706069621,0,0,45,0
3,15,1,"","3",1,0,31,1,0,0,0.800915706069621,0,0,45,0
3,16,1,"","3",1,0,31,1,0,0,0.800915706069621,0,0,45,0
3,17,1,"","3",1,0,31,1,0,0,0.800915706069621,0,0,45,0
3,18,1,"","3",1,0,31,1,0,0,0.800915706069621,0,0,45,0
3,19,1,"","3",1,0,31,1,0,0,0.800915706069621,0,0,45,0
3,20,1,"","3",1,0,31,1,0,0,0.800915706069621,0,0,45,0
4,1,1,"","4",1,0,31,1,0,0,0.789190314424933,0,0,45,0
4,2,1,"","4",1,0,31,1,0,0,0.789190314424933,0,0,45,0
4,3,1,"","4",1,0,31,1,0,0,0.789190314424933,0,0,45,0
4,4,1,"","4",1,0,31,1,0,0,0.789190314424933,0,0,45,0
4,5,1,"","4",1,0,31,1,0,0,0.789190314424933,0,0,45,0
4,6,1,"","4",1,0,31,1,0,0,0.789190314424933,0,0,45,0
4,7,1,"","4",1,0,31,1,0,0,0.789190314424933,0,0,45,0
4,8,1,"","4",1,0,31,1,0,0,0.789190314424933,0,0,45,0
4,9,1,"","4",1,0,31,1,0,0,0.789190314424933,0,0,45,0
4,10,1,"","4",1,0,31,1,0,0,0.789190314424933,0,0,45,0
4,11,1,"","4",1,0,31,1,0,0,0.789190314424933,0,0,45,0
4,12,1,"","4",1,0,31,1,0,0,0.789190314424933,0,0,45,0
4,13,1,"","4",1,0,31,1,0,0,0.789190314424933,0,0,45,0
4,14,1,"","4",1,0,31,1,0,0,0.789190314424933,0,0,45,0
4,15,1,"","4",1,0,31,1,0,0,0.789190314424933,0,0,45,0
4,16,1,"","4",1,0,31,1,0,0,0.789190314424933,0,0,45,0
4,17,1,"","4",1,0,31,1,0,0,0.789190314424933,0,0,45,0
4,18,1,"","4",1,0,31,1,0,0,0.789190314424933,0,0,45,0
4,19,1,"","4",1,0,31,1,0,0,0.789190314424933,0,0,45,0
4,20,1,"","4",1,0,31,1,0,0,0.789190314424933,0,0,45,0
5,1,1,"","5",2,0,31,1,0,0,0.910393313110243,0,0,45,0
5,2,1,"","5",2,0,31,1,0,0,0.910393313110243,0,0,45,0
5,3,1,"","5",2,0,31,1,0,0,0.910393313110243,0,0,45,0
5,4,1,"","5",2,0,31,1,0,0,0.910393313110243,0,0,45,0
5,5,1,"","5",2,0,31,1,0,0,0.910393313110243,0,0,45,0
5,6,1,"","5",2,0,31,1,0,0,0.910393313110243,0,0,45,0
5,7,1,"","5",2,0,31,1,0,0,0.910393313110243,0,0,45,0
5,8,1,"","5",2,0,31,1,0,0,0.910393313110243,0,0,45,0
5,9,1,"","5",2,0,31,1,0,0,0.910393313110243,0,0,45,0
5,10,1,"","5",2,0,31,1,0,0,0.910393313110243,0,0,45,0
5,11,1,"","5",2,0,31,1,0,0,0.910393313110243,0,0,45,0
5,12,1,"","5",2,0,31,1,0,0,0.910393313110243,0,0,45,0
5,13,1,"8","5",2,0,31,1,0,0,0.910393313110243,0,0,45,1
5,13,2,"9,19,23","5,8",2,0,31,1,0,3,1.53878052983234,0,0,44,3
5,13,3,"3,13","5,8,9,19,23",2,0,31,1,625.423,3,1.26626988640971,1,0.0043672941303049,41,2
5,13,4,"7,27,30,40,42","3,5,8,9,13,19,23",3,7.677,31,1,914.1565,5,1.61507045084047,4,0.170478532582175,35,5
5,13,5,"","3,5,7,8,9,13,19,23,27,30,40,42",12,3461.553,31,1,4375.7095,0,0.733165203950601,0,0,11,0
5,14,1,"","5",2,0,31,1,0,0,0.910393313110243,0,0,45,0
5,15,1,"14","5",2,0,31,1,0,0,0.910393313110243,0,0,45,1
5,15,2,"3","5,14",3,9.2,39,1,9.2,1,1.03766163501675,0,0,44,1
5,15,3,"","3,5,14",3,0,39,1,9.2,0,0.967701038752797,0,0,43,0
5,16,1,"8","5",2,0,31,1,0,0,0.910393313110243,0,0,45,1
5,16,2,"9,14,19,23","5,8",2,0,31,1,0,3,1.53878052983234,0,0,44,4
5,16,3,"1,2,3,13","5,8,9,14,19,23",3,9.2,39,1,9.2,6,1.78269483625267,2,0.082283439174842,40,4
5,16,4,"","1,2,3,5,8,9,13,14,19,23",6,1972.43,38,1,2622.52,4,1.59768745015441,4,0.161267259625704,26,0
5,17,1,"","5",2,0,31,1,0,0,0.910393313110243,0,0,45,0
5,18,1,"","5",2,0,31,1,0,0,0.910393313110243,0,0,45,0
5,19,1,"","5",2,0,31,1,0,0,0.910393313110243,0,0,45,0
5,20,1,"","5",2,0,31,1,0,0,0.910393313110243,0,0,45,0
6,1,1,"","6",1,0,31,1,0,0,0.787420460517459,0,0,45,0
6,2,1,"","6",1,0,31,1,0,0,0.787420460517459,0,0,45,0
6,3,1,"","6",1,0,31,1,0,0,0.787420460517459,0,0,45,0
6,4,1,"","6",1,0,31,1,0,0,0.787420460517459,0,0,45,0
6,5,1,"","6",1,0,31,1,0,0,0.787420460517459,0,0,45,0
6,6,1,"","6",1,0,31,1,0,0,0.787420460517459,0,0,45,0
6,7,1,"","6",1,0,31,1,0,0,0.787420460517459,0,0,45,0
6,8,1,"","6",1,0,31,1,0,0,0.787420460517459,0,0,45,0
6,9,1,"","6",1,0,31,1,0,0,0.787420460517459,0,0,45,0
6,10,1,"","6",1,0,31,1,0,0,0.787420460517459,0,0,45,0
6,11,1,"","6",1,0,31,1,0,0,0.787420460517459,0,0,45,0
6,12,1,"","6",1,0,31,1,0,0,0.787420460517459,0,0,45,0
6,13,1,"","6",1,0,31,1,0,0,0.787420460517459,0,0,45,0
6,14,1,"","6",1,0,31,1,0,0,0.787420460517459,0,0,45,0
6,15,1,"","6",1,0,31,1,0,0,0.787420460517459,0,0,45,0
6,16,1,"","6",1,0,31,1,0,0,0.787420460517459,0,0,45,0
6,17,1,"","6",1,0,31,1,0,0,0.787420460517459,0,0,45,0
6,18,1,"","6",1,0,31,1,0,0,0.787420460517459,0,0,45,0
6,19,1,"","6",1,0,31,1,0,0,0.787420460517459,0,0,45,0
6,20,1,"","6",1,0,31,1,0,0,0.787420460517459,0,0,45,0
7,1,1,"","7",1,0,31,1,0,0,0.788448791064899,0,0,45,0
7,2,1,"","7",1,0,31,1,0,0,0.788448791064899,0,0,45,0
7,3,1,"","7",1,0,31,1,0,0,0.788448791064899,0,0,45,0
7,4,1,"","7",1,0,31,1,0,0,0.788448791064899,0,0,45,0
7,5,1,"","7",1,0,31,1,0,0,0.788448791064899,0,0,45,0
7,6,1,"","7",1,0,31,1,0,0,0.788448791064899,0,0,45,0
7,7,1,"","7",1,0,31,1,0,0,0.788448791064899,0,0,45,0
7,8,1,"","7",1,0,31,1,0,0,0.788448791064899,0,0,45,0
7,9,1,"","7",1,0,31,1,0,0,0.788448791064899,0,0,45,0
7,10,1,"","7",1,0,31,1,0,0,0.788448791064899,0,0,45,0
7,11,1,"","7",1,0,31,1,0,0,0.788448791064899,0,0,45,0
7,12,1,"","7",1,0,31,1,0,0,0.788448791064899,0,0,45,0
7,13,1,"","7",1,0,31,1,0,0,0.788448791064899,0,0,45,0
7,14,1,"","7",1,0,31,1,0,0,0.788448791064899,0,0,45,0
7,15,1,"","7",1,0,31,1,0,0,0.788448791064899,0,0,45,0
7,16,1,"","7",1,0,31,1,0,0,0.788448791064899,0,0,45,0
7,17,1,"","7",1,0,31,1,0,0,0.788448791064899,0,0,45,0
7,18,1,"","7",1,0,31,1,0,0,0.788448791064899,0,0,45,0
7,19,1,"","7",1,0,31,1,0,0,0.788448791064899,0,0,45,0
7,20,1,"","7",1,0,31,1,0,0,0.788448791064899,0,0,45,0
8,1,1,"","8",1,0,31,1,0,0,0.993601144544657,0,0,45,0
8,2,1,"","8",1,0,31,1,0,0,0.993601144544657,0,0,45,0
8,3,1,"","8",1,0,31,1,0,0,0.993601144544657,0,0,45,0
8,4,1,"","8",1,0,31,1,0,0,0.993601144544657,0,0,45,0
8,5,1,"","8",1,0,31,1,0,0,0.993601144544657,0,0,45,0
8,6,1,"","8",1,0,31,1,0,0,0.993601144544657,0,0,45,0
8,7,1,"","8",1,0,31,1,0,0,0.993601144544657,0,0,45,0
8,8,1,"","8",1,0,31,1,0,0,0.993601144544657,0,0,45,0
8,9,1,"","8",1,0,31,1,0,0,0.993601144544657,0,0,45,0
8,10,1,"","8",1,0,31,1,0,0,0.993601144544657,0,0,45,0
8,11,1,"19","8",1,0,31,1,0,0,0.993601144544657,0,0,45,1
8,11,2,"18","8,19",1,0,31,1,0,2,1.10512015466592,0,0,44,1
8,11,3,"3,14","8,18,19",2,0,31,1,0,2,1.19318378963091,7,0.0920295620933954,42,2
8,11,4,"27,30,42","3,8,14,18,19",4,9.2,39,1,945.9545,5,1.21007091143395,10,0.137486506515919,40,3
8,11,5,"","3,8,14,18,19,27,30,42",5,578,39,0,2943.03715,NaN,NaN,NaN,NaN,0,0
8,12,1,"","8",1,0,31,1,0,0,0.993601144544657,0,0,45,0
8,13,1,"","8",1,0,31,1,0,0,0.993601144544657,0,0,45,0
8,14,1,"","8",1,0,31,1,0,0,0.993601144544657,0,0,45,0
8,15,1,"","8",1,0,31,1,0,0,0.993601144544657,0,0,45,0
8,16,1,"","8",1,0,31,1,0,0,0.993601144544657,0,0,45,0
8,17,1,"","8",1,0,31,1,0,0,0.993601144544657,0,0,45,0
8,18,1,"","8",1,0,31,1,0,0,0.993601144544657,0,0,45,0
8,19,1,"","8",1,0,31,1,0,0,0.993601144544657,0,0,45,0
8,20,1,"","8",1,0,31,1,0,0,0.993601144544657,0,0,45,0
9,1,1,"","9",1,0,31,1,0,0,0.83759376716552,0,0,45,0
9,2,1,"","9",1,0,31,1,0,0,0.83759376716552,0,0,45,0
9,3,1,"","9",1,0,31,1,0,0,0.83759376716552,0,0,45,0
9,4,1,"","9",1,0,31,1,0,0,0.83759376716552,0,0,45,0
9,5,1,"","9",1,0,31,1,0,0,0.83759376716552,0,0,45,0
9,6,1,"29","9",1,0,31,1,0,0,0.83759376716552,0,0,45,1
9,6,2,"","9,29",1,0,31,1,0,0,0.836524937993047,0,0,44,0
9,7,1,"","9",1,0,31,1,0,0,0.83759376716552,0,0,45,0
9,8,1,"","9",1,0,31,1,0,0,0.83759376716552,0,0,45,0
9,9,1,"","9",1,0,31,1,0,0,0.83759376716552,0,0,45,0
9,10,1,"","9",1,0,31,1,0,0,0.83759376716552,0,0,45,0
9,11,1,"","9",1,0,31,1,0,0,0.83759376716552,0,0,45,0
9,12,1,"","9",1,0,31,1,0,0,0.83759376716552,0,0,45,0
9,13,1,"","9",1,0,31,1,0,0,0.83759376716552,0,0,45,0
9,14,1,"","9",1,0,31,1,0,0,0.83759376716552,0,0,45,0
9,15,1,"","9",1,0,31,1,0,0,0.83759376716552,0,0,45,0
9,16,1,"","9",1,0,31,1,0,0,0.83759376716552,0,0,45,0
9,17,1,"","9",1,0,31,1,0,0,0.83759376716552,0,0,45,0
9,18,1,"","9",1,0,31,1,0,0,0.83759376716552,0,0,45,0
9,19,1,"","9",1,0,31,1,0,0,0.83759376716552,0,0,45,0
9,20,1,"","9",1,0,31,1,0,0,0.83759376716552,0,0,45,0
10,1,1,"12","10",1,0,31,1,0,1,1.14745630141925,0,0,45,1
10,1,2,"8,9,13,18,19,23","10,12",1,0,31,1,0,7,2.86929069859895,7,0.101490486451095,44,6
10,1,3,"","8,9,10,12,13,18,19,23",4,17.73,39,1,1265.03,1,1.01577591324819,4,0.244456059502701,34,0
10,2,1,"","10",1,0,31,1,0,1,1.14745630141925,0,0,45,0
10,3,1,"12","10",1,0,31,1,0,1,1.14745630141925,0,0,45,1
10,3,2,"8,9,13,18,19,23","10,12",1,0,31,1,0,7,2.86929069859895,7,0.101490486451095,44,6
10,3,3,"26,27","8,9,10,12,13,18,19,23",4,17.73,39,1,1265.03,1,1.01577591324819,4,0.244456059502701,34,2
10,3,4,"","8,9,10,12,13,18,19,23,26,27",10,1727.28,39,1,2992.31,1,1.42542590628536,4,0.244456059502701,20,0
10,4,1,"12","10",1,0,31,1,0,1,1.14745630141925,0,0,45,1
10,4,2,"8,9,13,18,19,23","10,12",1,0,31,1,0,7,2.86929069859895,7,0.101490486451095,44,6
10,4,3,"","8,9,10,12,13,18,19,23",4,17.73,39,1,1265.03,1,1.01577591324819,4,0.244456059502701,34,0
10,5,1,"12","10",1,0,31,1,0,1,1.14745630141925,0,0,45,1
10,5,2,"8,9,13,18,19,23","10,12",1,0,31,1,0,7,2.86929069859895,7,0.101490486451095,44,6
10,5,3,"","8,9,10,12,13,18,19,23",4,17.73,39,1,1265.03,1,1.01577591324819,4,0.244456059502701,34,0
10,6,1,"","10",1,0,31,1,0,1,1.14745630141925,0,0,45,0
10,7,1,"","10",1,0,31,1,0,1,1.14745630141925,0,0,45,0
10,8,1,"","10",1,0,31,1,0,1,1.14745630141925,0,0,45,0
10,9,1,"12","10",1,0,31,1,0,1,1.14745630141925,0,0,45,1
10,9,2,"8,9,13,18,19,20,23","10,12",1,0,31,1,0,7,2.86929069859895,7,0.101490486451095,44,7
10,9,3,"6","8,9,10,12,13,18,19,20,23",5,17.73,39,1,1265.03,1,1.01577591324819,4,0.244456059502701,34,1
10,9,4,"1,27","6,8,9,10,12,13,18,19,20,23",9,400,39,1,1665.03,2,1.53373276689749,4,0.244456059502701,33,2
10,9,5,"","1,6,8,9,10,12,13,18,19,20,23,27",11,2115.12,30,1,3780.15,0,0.732304418431419,0,0,23,0
10,10,1,"","10",1,0,31,1,0,1,1.14745630141925,0,0,45,0
10,11,1,"12","10",1,0,31,1,0,1,1.14745630141925,0,0,45,1
10,11,2,"8,9,13,18,19,23","10,12",1,0,31,1,0,7,2.86929069859895,7,0.101490486451095,44,6
10,11,3,"","8,9,10,12,13,18,19,23",4,17.73,39,1,1265.03,1,1.01577591324819,4,0.244456059502701,34,0
10,12,1,"12","10",1,0,31,1,0,1,1.14745630141925,0,0,45,1
10,12,2,"8,9,13,18,19,20,23","10,12",1,0,31,1,0,7,2.86929069859895,7,0.101490486451095,44,7
10,12,3,"","8,9,10,12,13,18,19,20,23",5,17.73,39,1,1265.03,1,1.01577591324819,4,0.244456059502701,34,0
10,13,1,"","10",1,0,31,1,0,1,1.14745630141925,0,0,45,0
10,14,1,"12","10",1,0,31,1,0,1,1.14745630141925,0,0,45,1
10,14,2,"8,9,13,18,19,23","10,12",1,0,31,1,0,7,2.86929069859895,7,0.101490486451095,44,6
10,14,3,"","8,9,10,12,13,18,19,23",4,17.73,39,1,1265.03,1,1.01577591324819,4,0.244456059502701,34,0
10,15,1,"12","10",1,0,31,1,0,1,1.14745630141925,0,0,45,1
10,15,2,"8,9,13,18,19,20,23","10,12",1,0,31,1,0,7,2.86929069859895,7,0.101490486451095,44,7
10,15,3,"","8,9,10,12,13,18,19,20,23",5,17.73,39,1,1265.03,1,1.01577591324819,4,0.244456059502701,34,0
10,16,1,"9,12","10",1,0,31,1,0,1,1.14745630141925,0,0,45,2
10,16,2,"1,3,6,7,13,19,23,24,25,26,30","9,10,12",1,0,31,1,625.423,13,2.40755330054701,8,0.161757775786183,43,11
10,16,3,"","1,3,6,7,9,10,12,13,19,23,24,25,26,30",9,3411.297,39,0,4701.973,NaN,NaN,NaN,NaN,0,0
10,17,1,"12,19","10",1,0,31,1,0,1,1.14745630141925,0,0,45,2
10,17,2,"9","10,12,19",1,0,31,1,1250.846,3,1.12558311234592,0,0,43,1
10,17,3,"3,6,7,26,27,30","9,10,12,19",1,0,31,1,1250.846,7,1.77552287626841,4,0.0551518445349434,42,6
10,17,4,"","3,6,7,9,10,12,19,26,27,30",5,2125.464,39,0,4239.686,NaN,NaN,NaN,NaN,0,0
10,18,1,"12","10",1,0,31,1,0,1,1.14745630141925,0,0,45,1
10,18,2,"8,9,13,18,19,20,23","10,12",1,0,31,1,0,7,2.86929069859895,7,0.101490486451095,44,7
10,18,3,"","8,9,10,12,13,18,19,20,23",5,17.73,39,1,1265.03,1,1.01577591324819,4,0.244456059502701,34,0
10,19,1,"","10",1,0,31,1,0,1,1.14745630141925,0,0,45,0
10,20,1,"","10",1,0,31,1,0,1,1.14745630141925,0,0,45,0
11,1,1,"","11",1,0,31,1,0,1,1.05064536183295,0,0,45,0
11,2,1,"","11",1,0,31,1,0,1,1.05064536183295,0,0,45,0
11,3,1,"","11",1,0,31,1,0,1,1.05064536183295,0,0,45,0
11,4,1,"","11",1,0,31,1,0,1,1.05064536183295,0,0,45,0
11,5,1,"12","11",1,0,31,1,0,1,1.05064536183295,0,0,45,1
11,5,2,"1,13","11,12",1,0,31,1,1563.5575,2,1.36393473796322,3,0.154793512908784,44,2
11,5,3,"","1,11,12,13",2,1472.925,31,1,3036.4825,9,2.13125251615363,0,0,38,0
11,6,1,"","11",1,0,31,1,0,1,1.05064536183295,0,0,45,0
11,7,1,"","11",1,0,31,1,0,1,1.05064536183295,0,0,45,0
11,8,1,"","11",1,0,31,1,0,1,1.05064536183295,0,0,45,0
11,9,1,"","11",1,0,31,1,0,1,1.05064536183295,0,0,45,0
11,10,1,"12","11",1,0,31,1,0,1,1.05064536183295,0,0,45,1
11,10,2,"1","11,12",1,0,31,1,1563.5575,2,1.36393473796322,3,0.154793512908784,44,1
11,10,3,"","1,11,12",2,1472.925,31,1,3036.4825,6,1.60295256675607,0,0,39,0
11,11,1,"12","11",1,0,31,1,0,1,1.05064536183295,0,0,45,1
11,11,2,"1","11,12",1,0,31,1,1563.5575,2,1.36393473796322,3,0.154793512908784,44,1
11,11,3,"","1,11,12",2,1472.925,31,1,3036.4825,6,1.60295256675607,0,0,39,0
11,12,1,"","11",1,0,31,1,0,1,1.05064536183295,0,0,45,0
11,13,1,"","11",1,0,31,1,0,1,1.05064536183295,0,0,45,0
11,14,1,"","11",1,0,31,1,0,1,1.05064536183295,0,0,45,0
11,15,1,"12","11",1,0,31,1,0,1,1.05064536183295,0,0,45,1
11,15,2,"1,27","11,12",1,0,31,1,1563.5575,2,1.36393473796322,3,0.154793512908784,44,2
11,15,3,"","1,11,12,27",3,1982.925,31,1,3546.4825,2,1.36246981669764,0,0,35,0
11,16,1,"12","11",1,0,31,1,0,1,1.05064536183295,0,0,45,1
11,16,2,"1","11,12",1,0,31,1,1563.5575,2,1.36393473796322,3,0.154793512908784,44,1
11,16,3,"","1,11,12",2,1472.925,31,1,3036.4825,6,1.60295256675607,0,0,39,0
11,17,1,"12","11",1,0,31,1,0,1,1.05064536183295,0,0,45,1
11,17,2,"1,4","11,12",1,0,31,1,1563.5575,2,1.36393473796322,3,0.154793512908784,44,2
11,17,3,"","1,4,11,12",2,1472.925,31,1,3036.4825,5,1.62798757848989,0,0,38,0
11,18,1,"","11",1,0,31,1,0,1,1.05064536183295,0,0,45,0
11,19,1,"","11",1,0,31,1,0,1,1.05064536183295,0,0,45,0
11,20,1,"","11",1,0,31,1,0,1,1.05064536183295,0,0,45,0
12,1,1,"","12",1,0,31,1,0,2,1.04488654476259,0,0,45,0
12,2,1,"11","12",1,0,31,1,0,2,1.04488654476259,0,0,45,1
12,2,2,"1,27","11,12",1,0,31,1,1563.5575,2,1.36393473796322,3,0.154793512908784,44,2
12,2,3,"","1,11,12,27",3,1982.925,31,1,3546.4825,2,1.36246981669764,0,0,35,0
12,3,1,"10","12",1,0,31,1,0,2,1.04488654476259,0,0,45,1
12,3,2,"8,9,13,18,19,20,23","10,12",1,0,31,1,0,7,2.86929069859895,7,0.101490486451095,44,7
12,3,3,"","8,9,10,12,13,18,19,20,23",5,17.73,39,1,1265.03,1,1.01577591324819,4,0.244456059502701,34,0
12,4,1,"10,11","12",1,0,31,1,0,2,1.04488654476259,0,0,45,2
12,4,2,"1,27","10,11,12",1,0,31,1,1563.5575,3,1.36343887581377,3,0.154793512908789,43,2
12,4,3,"","1,10,11,12,27",3,1982.925,31,1,3546.4825,3,1.45262421107536,0,0,34,0
12,5,1,"10,11","12",1,0,31,1,0,2,1.04488654476259,0,0,45,2
12,5,2,"1","10,11,12",1,0,31,1,1563.5575,3,1.36343887581377,3,0.154793512908789,43,1
12,5,3,"","1,10,11,12",2,1472.925,31,1,3036.4825,8,2.67002098835316,0,0,38,0
12,6,1,"","12",1,0,31,1,0,2,1.04488654476259,0,0,45,0
12,7,1,"11","12",1,0,31,1,0,2,1.04488654476259,0,0,45,1
12,7,2,"1,27","11,12",1,0,31,1,1563.5575,2,1.36393473796322,3,0.154793512908784,44,2
12,7,3,"","1,11,12,27",3,1982.925,31,1,3546.4825,2,1.36246981669764,0,0,35,0
12,8,1,"","12",1,0,31,1,0,2,1.04488654476259,0,0,45,0
12,9,1,"","12",1,0,31,1,0,2,1.04488654476259,0,0,45,0
12,10,1,"11","12",1,0,31,1,0,2,1.04488654476259,0,0,45,1
12,10,2,"1,27","11,12",1,0,31,1,1563.5575,2,1.36393473796322,3,0.154793512908784,44,2
12,10,3,"","1,11,12,27",3,1982.925,31,1,3546.4825,2,1.36246981669764,0,0,35,0
12,11,1,"10,11","12",1,0,31,1,0,2,1.04488654476259,0,0,45,2
12,11,2,"1,27","10,11,12",1,0,31,1,1563.5575,3,1.36343887581377,3,0.154793512908789,43,2
12,11,3,"","1,10,11,12,27",3,1982.925,31,1,3546.4825,3,1.45262421107536,0,0,34,0
12,12,1,"11","12",1,0,31,1,0,2,1.04488654476259,0,0,45,1
12,12,2,"1","11,12",1,0,31,1,1563.5575,2,1.36393473796322,3,0.154793512908784,44,1
12,12,3,"","1,11,12",2,1472.925,31,1,3036.4825,6,1.60295256675607,0,0,39,0
12,13,1,"11","12",1,0,31,1,0,2,1.04488654476259,0,0,45,1
12,13,2,"1","11,12",1,0,31,1,1563.5575,2,1.36393473796322,3,0.154793512908784,44,1
12,13,3,"","1,11,12",2,1472.925,31,1,3036.4825,6,1.60295256675607,0,0,39,0
12,14,1,"","12",1,0,31,1,0,2,1.04488654476259,0,0,45,0
12,15,1,"","12",1,0,31,1,0,2,1.04488654476259,0,0,45,0
12,16,1,"","12",1,0,31,1,0,2,1.04488654476259,0,0,45,0
12,17,1,"","12",1,0,31,1,0,2,1.04488654476259,0,0,45,0
12,18,1,"","12",1,0,31,1,0,2,1.04488654476259,0,0,45,0
12,19,1,"","12",1,0,31,1,0,2,1.04488654476259,0,0,45,0
12,20,1,"10","12",1,0,31,1,0,2,1.04488654476259,0,0,45,1
12,20,2,"8,9,13,18,19,20,23","10,12",1,0,31,1,0,7,2.86929069859895,7,0.101490486451095,44,7
12,20,3,"26","8,9,10,12,13,18,19,20,23",5,17.73,39,1,1265.03,1,1.01577591324819,4,0.244456059502701,34,1
12,20,4,"","8,9,10,12,13,18,19,20,23,26",9,1727.28,39,1,2992.31,1,1.42542590628536,4,0.244456059502701,20,0
13,1,1,"","13",1,0,31,1,0,0,0.989496010522499,0,0,45,0
13,2,1,"","13",1,0,31,1,0,0,0.989496010522499,0,0,45,0
13,3,1,"","13",1,0,31,1,0,0,0.989496010522499,0,0,45,0
13,4,1,"","13",1,0,31,1,0,0,0.989496010522499,0,0,45,0
13,5,1,"","13",1,0,31,1,0,0,0.989496010522499,0,0,45,0
13,6,1,"","13",1,0,31,1,0,0,0.989496010522499,0,0,45,0
13,7,1,"","13",1,0,31,1,0,0,0.989496010522499,0,0,45,0
13,8,1,"23","13",1,0,31,1,0,0,0.989496010522499,0,0,45,1
13,8,2,"","13,23",2,8.53,31,1,8.53,2,1.02749216731191,0,0,39,0
13,9,1,"","13",1,0,31,1,0,0,0.989496010522499,0,0,45,0
13,10,1,"19","13",1,0,31,1,0,0,0.989496010522499,0,0,45,1
13,10,2,"18,21,22","13,19",1,0,31,1,0,4,1.31584492011104,1,0.0150833618756376,44,3
13,10,3,"","13,18,19,21,22",4,8.53,31,1,8.53,2,1.02880562910682,0,0,40,0
13,11,1,"23","13",1,0,31,1,0,0,0.989496010522499,0,0,45,1
13,11,2,"","13,23",2,8.53,31,1,8.53,2,1.02749216731191,0,0,39,0
13,12,1,"","13",1,0,31,1,0,0,0.989496010522499,0,0,45,0
13,13,1,"","13",1,0,31,1,0,0,0.989496010522499,0,0,45,0
13,14,1,"","13",1,0,31,1,0,0,0.989496010522499,0,0,45,0
13,15,1,"","13",1,0,31,1,0,0,0.989496010522499,0,0,45,0
13,16,1,"","13",1,0,31,1,0,0,0.989496010522499,0,0,45,0
13,17,1,"","13",1,0,31,1,0,0,0.989496010522499,0,0,45,0
13,18,1,"19,23","13",1,0,31,1,0,0,0.989496010522499,0,0,45,2
13,18,2,"","13,19,23",2,8.53,31,1,8.53,2,1.02749216731191,0,0,39,0
13,19,1,"23","13",1,0,31,1,0,0,0.989496010522499,0,0,45,1
13,19,2,"","13,23",2,8.53,31,1,8.53,2,1.02749216731191,0,0,39,0
13,20,1,"","13",1,0,31,1,0,0,0.989496010522499,0,0,45,0
14,1,1,"3","14",2,9.2,39,1,9.2,1,1.32875414801355,0,0,45,1
14,1,2,"40","3,14",2,0,39,1,9.2,2,1.15205869308682,0,0,44,1
14,1,3,"1,16,17","3,14,40",2,0,39,1,321.4515,4,1.47026009130941,9,0.0914034558875018,43,3
14,1,4,"","1,3,14,16,17,40",5,1360.495,38,1,2139.17485,7,1.24577956534879,3,0.0109899333053904,36,0
14,2,1,"3","14",2,9.2,39,1,9.2,1,1.32875414801355,0,0,45,1
14,2,2,"40,42","3,14",2,0,39,1,9.2,2,1.15205869308682,0,0,44,2
14,2,3,"1","3,14,40,42",3,628.5,39,1,1199.353,3,1.36219227084506,3,0.0206108732219057,38,1
14,2,4,"16","1,3,14,40,42",7,201.6,39,1,1400.953,2,1.12197194126428,3,0.0206108732219057,34,1
14,2,5,"","1,3,14,16,40,42",11,1087.29,32,1,2488.243,6,2.13227134347367,13,0.0829244109274246,31,0
14,3,1,"3","14",2,9.2,39,1,9.2,1,1.32875414801355,0,0,45,1
14,3,2,"40,42","3,14",2,0,39,1,9.2,2,1.15205869308682,0,0,44,2
14,3,3,"1,17","3,14,40,42",3,628.5,39,1,1199.353,3,1.36219227084506,3,0.0206108732219057,38,2
14,3,4,"","1,3,14,17,40,42",8,1283.04,32,1,2482.393,6,2.05601353910032,10,0.0413647364906576,32,0
14,4,1,"3","14",2,9.2,39,1,9.2,1,1.32875414801355,0,0,45,1
14,4,2,"40,42","3,14",2,0,39,1,9.2,2,1.15205869308682,0,0,44,2
14,4,3,"1,17","3,14,40,42",3,628.5,39,1,1199.353,3,1.36219227084506,3,0.0206108732219057,38,2
14,4,4,"","1,3,14,17,40,42",8,1283.04,32,1,2482.393,6,2.05601353910032,10,0.0413647364906576,32,0
14,5,1,"3","14",2,9.2,39,1,9.2,1,1.32875414801355,0,0,45,1
14,5,2,"40,42","3,14",2,0,39,1,9.2,2,1.15205869308682,0,0,44,2
14,5,3,"1,17","3,14,40,42",3,628.5,39,1,1199.353,3,1.36219227084506,3,0.0206108732219057,38,2
14,5,4,"","1,3,14,17,40,42",8,1283.04,32,1,2482.393,6,2.05601353910032,10,0.0413647364906576,32,0
14,6,1,"3","14",2,9.2,39,1,9.2,1,1.32875414801355,0,0,45,1
14,6,2,"40","3,14",2,0,39,1,9.2,2,1.15205869308682,0,0,44,1
14,6,3,"1,16,17,20","3,14,40",2,0,39,1,321.4515,4,1.47026009130941,9,0.0914034558875018,43,4
14,6,4,"","1,3,14,16,17,20,40",6,1360.495,38,0,3053.63155,NaN,NaN,NaN,NaN,0,0
14,7,1,"3","14",2,9.2,39,1,9.2,1,1.32875414801355,0,0,45,1
14,7,2,"42","3,14",2,0,39,1,9.2,2,1.15205869308682,0,0,44,1
14,7,3,"1,16,17","3,14,42",2,0,39,1,633.703,3,1.50390545635779,3,0.0206108732219057,43,3
14,7,4,"","1,3,14,16,17,42",5,1854.54,32,1,2488.243,6,2.13227134347367,13,0.0829244109274246,31,0
14,8,1,"3","14",2,9.2,39,1,9.2,1,1.32875414801355,0,0,45,1
14,8,2,"40,42","3,14",2,0,39,1,9.2,2,1.15205869308682,0,0,44,2
14,8,3,"1","3,14,40,42",3,628.5,39,1,1199.353,3,1.36219227084506,3,0.0206108732219057,38,1
14,8,4,"16,17,27","1,3,14,40,42",7,201.6,39,1,1400.953,2,1.12197194126428,3,0.0206108732219057,34,3
14,8,5,"","1,3,14,16,17,27,40,42",13,1699.29,32,1,3573.34105,5,2.30186386560645,17,0.117476258381235,27,0
14,9,1,"3","14",2,9.2,39,1,9.2,1,1.32875414801355,0,0,45,1
14,9,2,"40,42","3,14",2,0,39,1,9.2,2,1.15205869308682,0,0,44,2
14,9,3,"1,17","3,14,40,42",3,628.5,39,1,1199.353,3,1.36219227084506,3,0.0206108732219057,38,2
14,9,4,"","1,3,14,17,40,42",8,1283.04,32,1,2482.393,6,2.05601353910032,10,0.0413647364906576,32,0
14,10,1,"3","14",2,9.2,39,1,9.2,1,1.32875414801355,0,0,45,1
14,10,2,"40,42","3,14",2,0,39,1,9.2,2,1.15205869308682,0,0,44,2
14,10,3,"1,26","3,14,40,42",3,628.5,39,1,1199.353,3,1.36219227084506,3,0.0206108732219057,38,2
14,10,4,"","1,3,14,26,40,42",7,201.6,39,1,1886.2807,6,1.45165798340209,11,0.153615711315136,33,0
14,11,1,"3","14",2,9.2,39,1,9.2,1,1.32875414801355,0,0,45,1
14,11,2,"40,42","3,14",2,0,39,1,9.2,2,1.15205869308682,0,0,44,2
14,11,3,"1,16","3,14,40,42",3,628.5,39,1,1199.353,3,1.36219227084506,3,0.0206108732219057,38,2
14,11,4,"","1,3,14,16,40,42",8,1288.89,32,1,2488.243,6,2.13227134347367,13,0.0829244109274246,31,0
14,12,1,"3","14",2,9.2,39,1,9.2,1,1.32875414801355,0,0,45,1
14,12,2,"40,42","3,14",2,0,39,1,9.2,2,1.15205869308682,0,0,44,2
14,12,3,"1","3,14,40,42",3,628.5,39,1,1199.353,3,1.36219227084506,3,0.0206108732219057,38,1
14,12,4,"16,17","1,3,14,40,42",7,201.6,39,1,1400.953,2,1.12197194126428,3,0.0206108732219057,34,2
14,12,5,"","1,3,14,16,17,40,42",12,1087.29,32,1,2488.243,6,2.13227134347367,13,0.0829244109274246,31,0
14,13,1,"3","14",2,9.2,39,1,9.2,1,1.32875414801355,0,0,45,1
14,13,2,"40,42","3,14",2,0,39,1,9.2,2,1.15205869308682,0,0,44,2
14,13,3,"1,17","3,14,40,42",3,628.5,39,1,1199.353,3,1.36219227084506,3,0.0206108732219057,38,2
14,13,4,"","1,3,14,17,40,42",8,1283.04,32,1,2482.393,6,2.05601353910032,10,0.0413647364906576,32,0
14,14,1,"3","14",2,9.2,39,1,9.2,1,1.32875414801355,0,0,45,1
14,14,2,"","3,14",2,0,39,1,9.2,2,1.15205869308682,0,0,44,0
14,15,1,"3","14",2,9.2,39,1,9.2,1,1.32875414801355,0,0,45,1
14,15,2,"40,42","3,14",2,0,39,1,9.2,2,1.15205869308682,0,0,44,2
14,15,3,"1,16,17","3,14,40,42",3,628.5,39,1,1199.353,3,1.36219227084506,3,0.0206108732219057,38,3
14,15,4,"","1,3,14,16,17,40,42",9,1288.89,32,1,2488.243,6,2.13227134347367,13,0.0829244109274246,31,0
14,16,1,"3","14",2,9.2,39,1,9.2,1,1.32875414801355,0,0,45,1
14,16,2,"40","3,14",2,0,39,1,9.2,2,1.15205869308682,0,0,44,1
14,16,3,"1,16,17","3,14,40",2,0,39,1,321.4515,4,1.47026009130941,9,0.0914034558875018,43,3
14,16,4,"","1,3,14,16,17,40",5,1360.495,38,1,2139.17485,7,1.24577956534879,3,0.0109899333053904,36,0
14,17,1,"3","14",2,9.2,39,1,9.2,1,1.32875414801355,0,0,45,1
14,17,2,"40,42","3,14",2,0,39,1,9.2,2,1.15205869308682,0,0,44,2
14,17,3,"1,17","3,14,40,42",3,628.5,39,1,1199.353,3,1.36219227084506,3,0.0206108732219057,38,2
14,17,4,"","1,3,14,17,40,42",8,1283.04,32,1,2482.393,6,2.05601353910032,10,0.0413647364906576,32,0
14,18,1,"3","14",2,9.2,39,1,9.2,1,1.32875414801355,0,0,45,1
14,18,2,"42","3,14",2,0,39,1,9.2,2,1.15205869308682,0,0,44,1
14,18,3,"1","3,14,42",2,0,39,1,633.703,3,1.50390545635779,3,0.0206108732219057,43,1
14,18,4,"","1,3,14,42",3,767.25,39,1,1400.953,2,1.12197194126428,3,0.0206108732219057,34,0
14,19,1,"3","14",2,9.2,39,1,9.2,1,1.32875414801355,0,0,45,1
14,19,2,"27,40,42","3,14",2,0,39,1,9.2,2,1.15205869308682,0,0,44,3
14,19,3,"","3,14,27,40,42",4,1308.5,39,1,2551.8325,3,1.41797899455486,5,0.0220706948602859,34,0
14,20,1,"3","14",2,9.2,39,1,9.2,1,1.32875414801355,0,0,45,1
14,20,2,"40,42","3,14",2,0,39,1,9.2,2,1.15205869308682,0,0,44,2
14,20,3,"1,16,17","3,14,40,42",3,628.5,39,1,1199.353,3,1.36219227084506,3,0.0206108732219057,38,3
14,20,4,"","1,3,14,16,17,40,42",9,1288.89,32,1,2488.243,6,2.13227134347367,13,0.0829244109274246,31,0
15,1,1,"","15",1,0,31,1,0,0,0.826492459990801,0,0,45,0
15,2,1,"","15",1,0,31,1,0,0,0.826492459990801,0,0,45,0
15,3,1,"","15",1,0,31,1,0,0,0.826492459990801,0,0,45,0
15,4,1,"","15",1,0,31,1,0,0,0.826492459990801,0,0,45,0
15,5,1,"","15",1,0,31,1,0,0,0.826492459990801,0,0,45,0
15,6,1,"","15",1,0,31,1,0,0,0.826492459990801,0,0,45,0
15,7,1,"","15",1,0,31,1,0,0,0.826492459990801,0,0,45,0
15,8,1,"","15",1,0,31,1,0,0,0.826492459990801,0,0,45,0
15,9,1,"","15",1,0,31,1,0,0,0.826492459990801,0,0,45,0
15,10,1,"","15",1,0,31,1,0,0,0.826492459990801,0,0,45,0
15,11,1,"","15",1,0,31,1,0,0,0.826492459990801,0,0,45,0
15,12,1,"","15",1,0,31,1,0,0,0.826492459990801,0,0,45,0
15,13,1,"","15",1,0,31,1,0,0,0.826492459990801,0,0,45,0
15,14,1,"","15",1,0,31,1,0,0,0.826492459990801,0,0,45,0
15,15,1,"","15",1,0,31,1,0,0,0.826492459990801,0,0,45,0
15,16,1,"","15",1,0,31,1,0,0,0.826492459990801,0,0,45,0
15,17,1,"","15",1,0,31,1,0,0,0.826492459990801,0,0,45,0
15,18,1,"","15",1,0,31,1,0,0,0.826492459990801,0,0,45,0
15,19,1,"","15",1,0,31,1,0,0,0.826492459990801,0,0,45,0
15,20,1,"","15",1,0,31,1,0,0,0.826492459990801,0,0,45,0
16,1,1,"","16",1,0,31,1,0,0,0.843932401255982,0,0,45,0
16,2,1,"","16",1,0,31,1,0,0,0.843932401255982,0,0,45,0
16,3,1,"","16",1,0,31,1,0,0,0.843932401255982,0,0,45,0
16,4,1,"","16",1,0,31,1,0,0,0.843932401255982,0,0,45,0
16,5,1,"","16",1,0,31,1,0,0,0.843932401255982,0,0,45,0
16,6,1,"","16",1,0,31,1,0,0,0.843932401255982,0,0,45,0
16,7,1,"","16",1,0,31,1,0,0,0.843932401255982,0,0,45,0
16,8,1,"","16",1,0,31,1,0,0,0.843932401255982,0,0,45,0
16,9,1,"","16",1,0,31,1,0,0,0.843932401255982,0,0,45,0
16,10,1,"","16",1,0,31,1,0,0,0.843932401255982,0,0,45,0
16,11,1,"","16",1,0,31,1,0,0,0.843932401255982,0,0,45,0
16,12,1,"","16",1,0,31,1,0,0,0.843932401255982,0,0,45,0
16,13,1,"","16",1,0,31,1,0,0,0.843932401255982,0,0,45,0
16,14,1,"","16",1,0,31,1,0,0,0.843932401255982,0,0,45,0
16,15,1,"","16",1,0,31,1,0,0,0.843932401255982,0,0,45,0
16,16,1,"","16",1,0,31,1,0,0,0.843932401255982,0,0,45,0
16,17,1,"","16",1,0,31,1,0,0,0.843932401255982,0,0,45,0
16,18,1,"","16",1,0,31,1,0,0,0.843932401255982,0,0,45,0
16,19,1,"","16",1,0,31,1,0,0,0.843932401255982,0,0,45,0
16,20,1,"","16",1,0,31,1,0,0,0.843932401255982,0,0,45,0
17,1,1,"","17",1,0,31,1,0,0,0.832311586952224,0,0,45,0
17,2,1,"","17",1,0,31,1,0,0,0.832311586952224,0,0,45,0
17,3,1,"","17",1,0,31,1,0,0,0.832311586952224,0,0,45,0
17,4,1,"","17",1,0,31,1,0,0,0.832311586952224,0,0,45,0
17,5,1,"","17",1,0,31,1,0,0,0.832311586952224,0,0,45,0
17,6,1,"","17",1,0,31,1,0,0,0.832311586952224,0,0,45,0
17,7,1,"","17",1,0,31,1,0,0,0.832311586952224,0,0,45,0
17,8,1,"","17",1,0,31,1,0,0,0.832311586952224,0,0,45,0
17,9,1,"","17",1,0,31,1,0,0,0.832311586952224,0,0,45,0
17,10,1,"","17",1,0,31,1,0,0,0.832311586952224,0,0,45,0
17,11,1,"","17",1,0,31,1,0,0,0.832311586952224,0,0,45,0
17,12,1,"","17",1,0,31,1,0,0,0.832311586952224,0,0,45,0
17,13,1,"","17",1,0,31,1,0,0,0.832311586952224,0,0,45,0
17,14,1,"","17",1,0,31,1,0,0,0.832311586952224,0,0,45,0
17,15,1,"","17",1,0,31,1,0,0,0.832311586952224,0,0,45,0
17,16,1,"","17",1,0,31,1,0,0,0.832311586952224,0,0,45,0
17,17,1,"","17",1,0,31,1,0,0,0.832311586952224,0,0,45,0
17,18,1,"","17",1,0,31,1,0,0,0.832311586952224,0,0,45,0
17,19,1,"","17",1,0,31,1,0,0,0.832311586952224,0,0,45,0
17,20,1,"","17",1,0,31,1,0,0,0.832311586952224,0,0,45,0
18,1,1,"","18",1,0,31,1,0,1,1.03821039937522,0,0,45,0
18,2,1,"","18",1,0,31,1,0,1,1.03821039937522,0,0,45,0
18,3,1,"","18",1,0,31,1,0,1,1.03821039937522,0,0,45,0
18,4,1,"","18",1,0,31,1,0,1,1.03821039937522,0,0,45,0
18,5,1,"","18",1,0,31,1,0,1,1.03821039937522,0,0,45,0
18,6,1,"19","18",1,0,31,1,0,1,1.03821039937522,0,0,45,1
18,6,2,"14","18,19",2,0,31,1,0,1,1.04036309965156,0,0,43,1
18,6,3,"3","14,18,19",4,9.2,39,1,9.2,2,1.87521942917843,9,0.0801009242011911,42,1
18,6,4,"27,40,42","3,14,18,19",4,0,39,1,633.703,6,1.3586157428125,14,0.155402927211995,41,3
18,6,5,"","3,14,18,19,27,40,42",6,1177.65,39,0,3144.2161,NaN,NaN,NaN,NaN,0,0
18,7,1,"","18",1,0,31,1,0,1,1.03821039937522,0,0,45,0
18,8,1,"","18",1,0,31,1,0,1,1.03821039937522,0,0,45,0
18,9,1,"23","18",1,0,31,1,0,1,1.03821039937522,0,0,45,1
18,9,2,"13,19,21,22","18,23",1,0,31,1,0,5,1.31133838300989,1,0.0111310185325608,44,4
18,9,3,"","13,18,19,21,22,23",5,8.53,31,1,8.53,2,1.02749216731191,0,0,39,0
18,10,1,"19","18",1,0,31,1,0,1,1.03821039937522,0,0,45,1
18,10,2,"","18,19",2,0,31,1,0,1,1.04036309965156,0,0,43,0
18,11,1,"19","18",1,0,31,1,0,1,1.03821039937522,0,0,45,1
18,11,2,"","18,19",2,0,31,1,0,1,1.04036309965156,0,0,43,0
18,12,1,"33","18",1,0,31,1,0,1,1.03821039937522,0,0,45,1
18,12,2,"19,23","18,33",2,0,31,1,0,3,1.08092986510054,0,0,44,2
18,12,3,"8,14","18,19,23,33",3,0,31,1,312.7115,3,1.56843411551039,9,0.105708361995689,41,2
18,12,4,"","8,14,18,19,23,33",5,8.74,39,1,1804.646125,0,0.925550027192393,8,0.268539254266404,39,0
18,13,1,"","18",1,0,31,1,0,1,1.03821039937522,0,0,45,0
18,14,1,"19","18",1,0,31,1,0,1,1.03821039937522,0,0,45,1
18,14,2,"","18,19",2,0,31,1,0,1,1.04036309965156,0,0,43,0
18,15,1,"","18",1,0,31,1,0,1,1.03821039937522,0,0,45,0
18,16,1,"","18",1,0,31,1,0,1,1.03821039937522,0,0,45,0
18,17,1,"19","18",1,0,31,1,0,1,1.03821039937522,0,0,45,1
18,17,2,"8","18,19",2,0,31,1,0,1,1.04036309965156,0,0,43,1
18,17,3,"3,14","8,18,19",3,0,31,1,0,2,1.19318378963091,7,0.0920295620933954,42,2
18,17,4,"27,42","3,8,14,18,19",4,9.2,39,1,945.9545,5,1.21007091143395,10,0.137486506515919,40,2
18,17,5,"","3,8,14,18,19,27,42",5,578,39,0,2943.03715,NaN,NaN,NaN,NaN,0,0
18,18,1,"","18",1,0,31,1,0,1,1.03821039937522,0,0,45,0
18,19,1,"","18",1,0,31,1,0,1,1.03821039937522,0,0,45,0
18,20,1,"","18",1,0,31,1,0,1,1.03821039937522,0,0,45,0
19,1,1,"18","19",1,0,31,1,0,2,1.0496811378179,0,0,45,1
19,1,2,"","18,19",2,0,31,1,0,1,1.04036309965156,0,0,43,0
19,2,1,"18","19",1,0,31,1,0,2,1.0496811378179,0,0,45,1
19,2,2,"","18,19",2,0,31,1,0,1,1.04036309965156,0,0,43,0
19,3,1,"","19",1,0,31,1,0,2,1.0496811378179,0,0,45,0
19,4,1,"","19",1,0,31,1,0,2,1.0496811378179,0,0,45,0
19,5,1,"18","19",1,0,31,1,0,2,1.0496811378179,0,0,45,1
19,5,2,"","18,19",2,0,31,1,0,1,1.04036309965156,0,0,43,0
19,6,1,"18","19",1,0,31,1,0,2,1.0496811378179,0,0,45,1
19,6,2,"","18,19",2,0,31,1,0,1,1.04036309965156,0,0,43,0
19,7,1,"","19",1,0,31,1,0,2,1.0496811378179,0,0,45,0
19,8,1,"18","19",1,0,31,1,0,2,1.0496811378179,0,0,45,1
19,8,2,"","18,19",2,0,31,1,0,1,1.04036309965156,0,0,43,0
19,9,1,"","19",1,0,31,1,0,2,1.0496811378179,0,0,45,0
19,10,1,"18","19",1,0,31,1,0,2,1.0496811378179,0,0,45,1
19,10,2,"","18,19",2,0,31,1,0,1,1.04036309965156,0,0,43,0
19,11,1,"18","19",1,0,31,1,0,2,1.0496811378179,0,0,45,1
19,11,2,"","18,19",2,0,31,1,0,1,1.04036309965156,0,0,43,0
19,12,1,"18","19",1,0,31,1,0,2,1.0496811378179,0,0,45,1
19,12,2,"","18,19",2,0,31,1,0,1,1.04036309965156,0,0,43,0
19,13,1,"13","19",1,0,31,1,0,2,1.0496811378179,0,0,45,1
19,13,2,"21,22","13,19",1,0,31,1,0,4,1.31584492011104,1,0.0150833618756376,44,2
19,13,3,"","13,19,21,22",3,8.53,31,1,8.53,2,1.02880562910682,0,0,40,0
19,14,1,"","19",1,0,31,1,0,2,1.0496811378179,0,0,45,0
19,15,1,"","19",1,0,31,1,0,2,1.0496811378179,0,0,45,0
19,16,1,"","19",1,0,31,1,0,2,1.0496811378179,0,0,45,0
19,17,1,"","19",1,0,31,1,0,2,1.0496811378179,0,0,45,0
19,18,1,"","19",1,0,31,1,0,2,1.0496811378179,0,0,45,0
19,19,1,"","19",1,0,31,1,0,2,1.0496811378179,0,0,45,0
19,20,1,"18","19",1,0,31,1,0,2,1.0496811378179,0,0,45,1
19,20,2,"14","18,19",2,0,31,1,0,1,1.04036309965156,0,0,43,1
19,20,3,"3,17","14,18,19",4,9.2,39,1,9.2,2,1.87521942917843,9,0.0801009242011911,42,2
19,20,4,"","3,14,17,18,19",4,0,39,0,1882.709,NaN,NaN,NaN,NaN,0,0
20,1,1,"","20",2,0,31,1,0,1,1.03047527055471,0,0,45,0
20,2,1,"","20",2,0,31,1,0,1,1.03047527055471,0,0,45,0
20,3,1,"","20",2,0,31,1,0,1,1.03047527055471,0,0,45,0
20,4,1,"","20",2,0,31,1,0,1,1.03047527055471,0,0,45,0
20,5,1,"14","20",2,0,31,1,0,1,1.03047527055471,0,0,45,1
20,5,2,"3,25","14,20",3,9.2,39,1,9.2,2,1.8665926665227,10,0.0659688099176357,44,2
20,5,3,"","3,14,20,25",3,0,39,0,1882.709,NaN,NaN,NaN,NaN,0,0
20,6,1,"","20",2,0,31,1,0,1,1.03047527055471,0,0,45,0
20,7,1,"","20",2,0,31,1,0,1,1.03047527055471,0,0,45,0
20,8,1,"14","20",2,0,31,1,0,1,1.03047527055471,0,0,45,1
20,8,2,"3,16","14,20",3,9.2,39,1,9.2,2,1.8665926665227,10,0.0659688099176357,44,2
20,8,3,"","3,14,16,20",3,0,39,0,1882.709,NaN,NaN,NaN,NaN,0,0
20,9,1,"","20",2,0,31,1,0,1,1.03047527055471,0,0,45,0
20,10,1,"14","20",2,0,31,1,0,1,1.03047527055471,0,0,45,1
20,10,2,"3","14,20",3,9.2,39,1,9.2,2,1.8665926665227,10,0.0659688099176357,44,1
20,10,3,"30,40,42","3,14,20",3,0,39,1,633.703,5,1.35212872698384,15,0.135725147864411,43,3
20,10,4,"","3,14,20,30,40,42",4,565.65,39,1,2463.07225,5,1.71642259629657,16,0.224242032230931,36,0
20,11,1,"","20",2,0,31,1,0,1,1.03047527055471,0,0,45,0
20,12,1,"","20",2,0,31,1,0,1,1.03047527055471,0,0,45,0
20,13,1,"","20",2,0,31,1,0,1,1.03047527055471,0,0,45,0
20,14,1,"14","20",2,0,31,1,0,1,1.03047527055471,0,0,45,1
20,14,2,"3","14,20",3,9.2,39,1,9.2,2,1.8665926665227,10,0.0659688099176357,44,1
20,14,3,"25,27,30,40,42","3,14,20",3,0,39,1,633.703,5,1.35212872698384,15,0.135725147864411,43,5
20,14,4,"","3,14,20,25,27,30,40,42",6,2473.74,39,0,4051.4791,NaN,NaN,NaN,NaN,0,0
20,15,1,"","20",2,0,31,1,0,1,1.03047527055471,0,0,45,0
20,16,1,"","20",2,0,31,1,0,1,1.03047527055471,0,0,45,0
20,17,1,"","20",2,0,31,1,0,1,1.03047527055471,0,0,45,0
20,18,1,"","20",2,0,31,1,0,1,1.03047527055471,0,0,45,0
20,19,1,"14","20",2,0,31,1,0,1,1.03047527055471,0,0,45,1
20,19,2,"3,27","14,20",3,9.2,39,1,9.2,2,1.8665926665227,10,0.0659688099176357,44,2
20,19,3,"","3,14,20,27",4,680,39,1,2080.4575,3,1.45843851981119,17,0.126859391669221,39,0
20,20,1,"","20",2,0,31,1,0,1,1.03047527055471,0,0,45,0
21,1,1,"","21",1,0,31,1,0,0,0.787641838998069,0,0,45,0
21,2,1,"","21",1,0,31,1,0,0,0.787641838998069,0,0,45,0
21,3,1,"","21",1,0,31,1,0,0,0.787641838998069,0,0,45,0
21,4,1,"","21",1,0,31,1,0,0,0.787641838998069,0,0,45,0
21,5,1,"","21",1,0,31,1,0,0,0.787641838998069,0,0,45,0
21,6,1,"","21",1,0,31,1,0,0,0.787641838998069,0,0,45,0
21,7,1,"","21",1,0,31,1,0,0,0.787641838998069,0,0,45,0
21,8,1,"","21",1,0,31,1,0,0,0.787641838998069,0,0,45,0
21,9,1,"","21",1,0,31,1,0,0,0.787641838998069,0,0,45,0
21,10,1,"","21",1,0,31,1,0,0,0.787641838998069,0,0,45,0
21,11,1,"","21",1,0,31,1,0,0,0.787641838998069,0,0,45,0
21,12,1,"","21",1,0,31,1,0,0,0.787641838998069,0,0,45,0
21,13,1,"","21",1,0,31,1,0,0,0.787641838998069,0,0,45,0
21,14,1,"","21",1,0,31,1,0,0,0.787641838998069,0,0,45,0
21,15,1,"","21",1,0,31,1,0,0,0.787641838998069,0,0,45,0
21,16,1,"","21",1,0,31,1,0,0,0.787641838998069,0,0,45,0
21,17,1,"","21",1,0,31,1,0,0,0.787641838998069,0,0,45,0
21,18,1,"","21",1,0,31,1,0,0,0.787641838998069,0,0,45,0
21,19,1,"","21",1,0,31,1,0,0,0.787641838998069,0,0,45,0
21,20,1,"","21",1,0,31,1,0,0,0.787641838998069,0,0,45,0
22,1,1,"","22",1,0,31,1,0,0,0.786769124228077,0,0,45,0
22,2,1,"","22",1,0,31,1,0,0,0.786769124228077,0,0,45,0
22,3,1,"","22",1,0,31,1,0,0,0.786769124228077,0,0,45,0
22,4,1,"","22",1,0,31,1,0,0,0.786769124228077,0,0,45,0
22,5,1,"","22",1,0,31,1,0,0,0.786769124228077,0,0,45,0
22,6,1,"","22",1,0,31,1,0,0,0.786769124228077,0,0,45,0
22,7,1,"","22",1,0,31,1,0,0,0.786769124228077,0,0,45,0
22,8,1,"","22",1,0,31,1,0,0,0.786769124228077,0,0,45,0
22,9,1,"","22",1,0,31,1,0,0,0.786769124228077,0,0,45,0
22,10,1,"","22",1,0,31,1,0,0,0.786769124228077,0,0,45,0
22,11,1,"","22",1,0,31,1,0,0,0.786769124228077,0,0,45,0
22,12,1,"","22",1,0,31,1,0,0,0.786769124228077,0,0,45,0
22,13,1,"","22",1,0,31,1,0,0,0.786769124228077,0,0,45,0
22,14,1,"","22",1,0,31,1,0,0,0.786769124228077,0,0,45,0
22,15,1,"","22",1,0,31,1,0,0,0.786769124228077,0,0,45,0
22,16,1,"","22",1,0,31,1,0,0,0.786769124228077,0,0,45,0
22,17,1,"","22",1,0,31,1,0,0,0.786769124228077,0,0,45,0
22,18,1,"","22",1,0,31,1,0,0,0.786769124228077,0,0,45,0
22,19,1,"","22",1,0,31,1,0,0,0.786769124228077,0,0,45,0
22,20,1,"","22",1,0,31,1,0,0,0.786769124228077,0,0,45,0
23,1,1,"13","23",1,0,31,1,0,2,1.24709577233557,0,0,45,1
23,1,2,"14","13,23",2,8.53,31,1,8.53,2,1.02749216731191,0,0,39,1
23,1,3,"3,6","13,14,23",7,9.2,39,1,17.73,1,1.843753505712,6,0.0650415186466907,38,2
23,1,4,"25,27,40,42","3,6,13,14,23",7,0,39,1,953.205,3,1.45413470676695,8,0.151639768829847,36,4
23,1,5,"","3,6,13,14,23,25,27,40,42",10,2744.31,39,0,4464.5295,NaN,NaN,NaN,NaN,0,0
23,2,1,"13","23",1,0,31,1,0,2,1.24709577233557,0,0,45,1
23,2,2,"","13,23",2,8.53,31,1,8.53,2,1.02749216731191,0,0,39,0
23,3,1,"13","23",1,0,31,1,0,2,1.24709577233557,0,0,45,1
23,3,2,"8,14","13,23",2,8.53,31,1,8.53,2,1.02749216731191,0,0,39,2
23,3,3,"","8,13,14,23",7,9.2,39,1,1265.03,1,1.01683711330008,5,0.199992902465965,37,0
23,4,1,"13","23",1,0,31,1,0,2,1.24709577233557,0,0,45,1
23,4,2,"","13,23",2,8.53,31,1,8.53,2,1.02749216731191,0,0,39,0
23,5,1,"13","23",1,0,31,1,0,2,1.24709577233557,0,0,45,1
23,5,2,"14","13,23",2,8.53,31,1,8.53,2,1.02749216731191,0,0,39,1
23,5,3,"3","13,14,23",7,9.2,39,1,17.73,1,1.843753505712,6,0.0650415186466907,38,1
23,5,4,"17,25,40,42","3,13,14,23",7,0,39,1,641.38,5,1.33169814984303,10,0.126434654953195,37,4
23,5,5,"","3,13,14,17,23,25,40,42",9,1848.69,35,0,3619.318,NaN,NaN,NaN,NaN,0,0
23,6,1,"13","23",1,0,31,1,0,2,1.24709577233557,0,0,45,1
23,6,2,"","13,23",2,8.53,31,1,8.53,2,1.02749216731191,0,0,39,0
23,7,1,"8,13","23",1,0,31,1,0,2,1.24709577233557,0,0,45,2
23,7,2,"3","8,13,23",2,8.53,31,1,320.815,1,1.43389181983131,0,0,38,1
23,7,3,"4,27,30,31,40,42","3,8,13,23",6,0,31,1,320.815,9,1.74599250703647,12,0.0852345486108385,37,6
23,7,4,"","3,4,8,13,23,27,30,31,40,42",11,3597.27,35,0,4618.9285,NaN,NaN,NaN,NaN,0,0
23,8,1,"13","23",1,0,31,1,0,2,1.24709577233557,0,0,45,1
23,8,2,"","13,23",2,8.53,31,1,8.53,2,1.02749216731191,0,0,39,0
23,9,1,"13","23",1,0,31,1,0,2,1.24709577233557,0,0,45,1
23,9,2,"","13,23",2,8.53,31,1,8.53,2,1.02749216731191,0,0,39,0
23,10,1,"13","23",1,0,31,1,0,2,1.24709577233557,0,0,45,1
23,10,2,"","13,23",2,8.53,31,1,8.53,2,1.02749216731191,0,0,39,0
23,11,1,"13,18","23",1,0,31,1,0,2,1.24709577233557,0,0,45,2
23,11,2,"","13,18,23",2,8.53,31,1,8.53,2,1.02749216731191,0,0,39,0
23,12,1,"13","23",1,0,31,1,0,2,1.24709577233557,0,0,45,1
23,12,2,"","13,23",2,8.53,31,1,8.53,2,1.02749216731191,0,0,39,0
23,13,1,"13","23",1,0,31,1,0,2,1.24709577233557,0,0,45,1
23,13,2,"8","13,23",2,8.53,31,1,8.53,2,1.02749216731191,0,0,39,1
23,13,3,"3","8,13,23",6,0,31,1,320.815,1,1.43389181983131,0,0,38,1
23,13,4,"4,30,31,40,42","3,8,13,23",6,0,31,1,320.815,9,1.74599250703647,12,0.0852345486108385,37,5
23,13,5,"","3,4,8,13,23,30,31,40,42",10,2951.27,35,0,4166.7285,NaN,NaN,NaN,NaN,0,0
23,14,1,"13","23",1,0,31,1,0,2,1.24709577233557,0,0,45,1
23,14,2,"","13,23",2,8.53,31,1,8.53,2,1.02749216731191,0,0,39,0
23,15,1,"13","23",1,0,31,1,0,2,1.24709577233557,0,0,45,1
23,15,2,"","13,23",2,8.53,31,1,8.53,2,1.02749216731191,0,0,39,0
23,16,1,"13","23",1,0,31,1,0,2,1.24709577233557,0,0,45,1
23,16,2,"14","13,23",2,8.53,31,1,8.53,2,1.02749216731191,0,0,39,1
23,16,3,"3","13,14,23",7,9.2,39,1,17.73,1,1.843753505712,6,0.0650415186466907,38,1
23,16,4,"27,40,42","3,13,14,23",7,0,39,1,641.38,5,1.33169814984303,10,0.126434654953195,37,3
23,16,5,"","3,13,14,23,27,40,42",9,1177.65,39,0,3149.59,NaN,NaN,NaN,NaN,0,0
23,17,1,"13","23",1,0,31,1,0,2,1.24709577233557,0,0,45,1
23,17,2,"8","13,23",2,8.53,31,1,8.53,2,1.02749216731191,0,0,39,1
23,17,3,"3","8,13,23",6,0,31,1,320.815,1,1.43389181983131,0,0,38,1
23,17,4,"4,30,31,40,42","3,8,13,23",6,0,31,1,320.815,9,1.74599250703647,12,0.0852345486108385,37,5
23,17,5,"","3,4,8,13,23,30,31,40,42",10,2951.27,35,0,4166.7285,NaN,NaN,NaN,NaN,0,0
23,18,1,"13","23",1,0,31,1,0,2,1.24709577233557,0,0,45,1
23,18,2,"","13,23",2,8.53,31,1,8.53,2,1.02749216731191,0,0,39,0
23,19,1,"13","23",1,0,31,1,0,2,1.24709577233557,0,0,45,1
23,19,2,"","13,23",2,8.53,31,1,8.53,2,1.02749216731191,0,0,39,0
23,20,1,"13","23",1,0,31,1,0,2,1.24709577233557,0,0,45,1
23,20,2,"","13,23",2,8.53,31,1,8.53,2,1.02749216731191,0,0,39,0
24,1,1,"","24",1,0,31,1,0,0,0.795217795298533,0,0,45,0
24,2,1,"","24",1,0,31,1,0,0,0.795217795298533,0,0,45,0
24,3,1,"","24",1,0,31,1,0,0,0.795217795298533,0,0,45,0
24,4,1,"","24",1,0,31,1,0,0,0.795217795298533,0,0,45,0
24,5,1,"","24",1,0,31,1,0,0,0.795217795298533,0,0,45,0
24,6,1,"","24",1,0,31,1,0,0,0.795217795298533,0,0,45,0
24,7,1,"","24",1,0,31,1,0,0,0.795217795298533,0,0,45,0
24,8,1,"","24",1,0,31,1,0,0,0.795217795298533,0,0,45,0
24,9,1,"","24",1,0,31,1,0,0,0.795217795298533,0,0,45,0
24,10,1,"","24",1,0,31,1,0,0,0.795217795298533,0,0,45,0
24,11,1,"","24",1,0,31,1,0,0,0.795217795298533,0,0,45,0
24,12,1,"","24",1,0,31,1,0,0,0.795217795298533,0,0,45,0
24,13,1,"","24",1,0,31,1,0,0,0.795217795298533,0,0,45,0
24,14,1,"","24",1,0,31,1,0,0,0.795217795298533,0,0,45,0
24,15,1,"","24",1,0,31,1,0,0,0.795217795298533,0,0,45,0
24,16,1,"","24",1,0,31,1,0,0,0.795217795298533,0,0,45,0
24,17,1,"","24",1,0,31,1,0,0,0.795217795298533,0,0,45,0
24,18,1,"","24",1,0,31,1,0,0,0.795217795298533,0,0,45,0
24,19,1,"","24",1,0,31,1,0,0,0.795217795298533,0,0,45,0
24,20,1,"","24",1,0,31,1,0,0,0.795217795298533,0,0,45,0
25,1,1,"","25",1,0,31,1,0,0,0.787789985580453,0,0,45,0
25,2,1,"","25",1,0,31,1,0,0,0.787789985580453,0,0,45,0
25,3,1,"","25",1,0,31,1,0,0,0.787789985580453,0,0,45,0
25,4,1,"","25",1,0,31,1,0,0,0.787789985580453,0,0,45,0
25,5,1,"","25",1,0,31,1,0,0,0.787789985580453,0,0,45,0
25,6,1,"","25",1,0,31,1,0,0,0.787789985580453,0,0,45,0
25,7,1,"","25",1,0,31,1,0,0,0.787789985580453,0,0,45,0
25,8,1,"","25",1,0,31,1,0,0,0.787789985580453,0,0,45,0
25,9,1,"","25",1,0,31,1,0,0,0.787789985580453,0,0,45,0
25,10,1,"","25",1,0,31,1,0,0,0.787789985580453,0,0,45,0
25,11,1,"","25",1,0,31,1,0,0,0.787789985580453,0,0,45,0
25,12,1,"","25",1,0,31,1,0,0,0.787789985580453,0,0,45,0
25,13,1,"","25",1,0,31,1,0,0,0.787789985580453,0,0,45,0
25,14,1,"","25",1,0,31,1,0,0,0.787789985580453,0,0,45,0
25,15,1,"","25",1,0,31,1,0,0,0.787789985580453,0,0,45,0
25,16,1,"","25",1,0,31,1,0,0,0.787789985580453,0,0,45,0
25,17,1,"","25",1,0,31,1,0,0,0.787789985580453,0,0,45,0
25,18,1,"","25",1,0,31,1,0,0,0.787789985580453,0,0,45,0
25,19,1,"","25",1,0,31,1,0,0,0.787789985580453,0,0,45,0
25,20,1,"","25",1,0,31,1,0,0,0.787789985580453,0,0,45,0
26,1,1,"","26",1,0,31,1,0,0,0.82670964898574,0,0,45,0
26,2,1,"","26",1,0,31,1,0,0,0.82670964898574,0,0,45,0
26,3,1,"","26",1,0,31,1,0,0,0.82670964898574,0,0,45,0
26,4,1,"","26",1,0,31,1,0,0,0.82670964898574,0,0,45,0
26,5,1,"","26",1,0,31,1,0,0,0.82670964898574,0,0,45,0
26,6,1,"","26",1,0,31,1,0,0,0.82670964898574,0,0,45,0
26,7,1,"","26",1,0,31,1,0,0,0.82670964898574,0,0,45,0
26,8,1,"","26",1,0,31,1,0,0,0.82670964898574,0,0,45,0
26,9,1,"1","26",1,0,31,1,0,0,0.82670964898574,0,0,45,1
26,9,2,"3","1,26",1,0,31,1,0,1,1.10144369736421,0,0,44,1
26,9,3,"40,42","1,3,26",1,0,31,1,0,2,1.3226183926213,0,0,43,2
26,9,4,"6,9","1,3,26,40,42",3,852.5,31,1,1392.673,3,1.49185726018276,5,0.133577746952339,34,2
26,9,5,"","1,3,6,9,26,40,42",10,684.9,31,1,2077.573,3,1.91250308895398,0,0,29,0
26,10,1,"","26",1,0,31,1,0,0,0.82670964898574,0,0,45,0
26,11,1,"","26",1,0,31,1,0,0,0.82670964898574,0,0,45,0
26,12,1,"","26",1,0,31,1,0,0,0.82670964898574,0,0,45,0
26,13,1,"","26",1,0,31,1,0,0,0.82670964898574,0,0,45,0
26,14,1,"","26",1,0,31,1,0,0,0.82670964898574,0,0,45,0
26,15,1,"","26",1,0,31,1,0,0,0.82670964898574,0,0,45,0
26,16,1,"","26",1,0,31,1,0,0,0.82670964898574,0,0,45,0
26,17,1,"","26",1,0,31,1,0,0,0.82670964898574,0,0,45,0
26,18,1,"","26",1,0,31,1,0,0,0.82670964898574,0,0,45,0
26,19,1,"","26",1,0,31,1,0,0,0.82670964898574,0,0,45,0
26,20,1,"","26",1,0,31,1,0,0,0.82670964898574,0,0,45,0
27,1,1,"","27",2,680,31,1,680,0,0.89992273394502,0,0,42,0
27,2,1,"","27",2,680,31,1,680,0,0.89992273394502,0,0,42,0
27,3,1,"14","27",2,680,31,1,680,0,0.89992273394502,0,0,42,1
27,3,2,"3","14,27",6,9.2,39,1,689.2,1,1.65528519444189,0,0,41,1
27,3,3,"4,40,42","3,14,27",6,0,39,1,689.2,6,1.51790395069789,14,0.0664476091454318,40,3
27,3,4,"","3,4,14,27,40,42",8,852.5,39,1,2719.8325,2,1.10607104262441,5,0.0220706948602859,32,0
27,4,1,"","27",2,680,31,1,680,0,0.89992273394502,0,0,42,0
27,5,1,"14","27",2,680,31,1,680,0,0.89992273394502,0,0,42,1
27,5,2,"3","14,27",6,9.2,39,1,689.2,1,1.65528519444189,0,0,41,1
27,5,3,"4,16,17,20,40,42","3,14,27",6,0,39,1,689.2,6,1.51790395069789,14,0.0664476091454318,40,6
27,5,4,"","3,4,14,16,17,20,27,40,42",11,2060.6,35,0,3801.129,NaN,NaN,NaN,NaN,0,0
27,6,1,"","27",2,680,31,1,680,0,0.89992273394502,0,0,42,0
27,7,1,"","27",2,680,31,1,680,0,0.89992273394502,0,0,42,0
27,8,1,"","27",2,680,31,1,680,0,0.89992273394502,0,0,42,0
27,9,1,"","27",2,680,31,1,680,0,0.89992273394502,0,0,42,0
27,10,1,"","27",2,680,31,1,680,0,0.89992273394502,0,0,42,0
27,11,1,"","27",2,680,31,1,680,0,0.89992273394502,0,0,42,0
27,12,1,"","27",2,680,31,1,680,0,0.89992273394502,0,0,42,0
27,13,1,"","27",2,680,31,1,680,0,0.89992273394502,0,0,42,0
27,14,1,"","27",2,680,31,1,680,0,0.89992273394502,0,0,42,0
27,15,1,"","27",2,680,31,1,680,0,0.89992273394502,0,0,42,0
27,16,1,"","27",2,680,31,1,680,0,0.89992273394502,0,0,42,0
27,17,1,"","27",2,680,31,1,680,0,0.89992273394502,0,0,42,0
27,18,1,"","27",2,680,31,1,680,0,0.89992273394502,0,0,42,0
27,19,1,"","27",2,680,31,1,680,0,0.89992273394502,0,0,42,0
27,20,1,"","27",2,680,31,1,680,0,0.89992273394502,0,0,42,0
28,1,1,"38","28",1,0,31,1,0,1,1.06431107164636,0,0,45,1
28,1,2,"","28,38",2,521.5,31,1,521.5,3,1.02318577192369,0,0,40,0
28,2,1,"","28",1,0,31,1,0,1,1.06431107164636,0,0,45,0
28,3,1,"","28",1,0,31,1,0,1,1.06431107164636,0,0,45,0
28,4,1,"","28",1,0,31,1,0,1,1.06431107164636,0,0,45,0
28,5,1,"","28",1,0,31,1,0,1,1.06431107164636,0,0,45,0
28,6,1,"","28",1,0,31,1,0,1,1.06431107164636,0,0,45,0
28,7,1,"38","28",1,0,31,1,0,1,1.06431107164636,0,0,45,1
28,7,2,"8,14,23","28,38",2,521.5,31,1,521.5,3,1.02318577192369,0,0,40,3
28,7,3,"1,2,3,6,13","8,14,23,28,38",7,9.2,39,1,530.7,5,2.71453419489495,5,0.0455613611810582,37,5
28,7,4,"","1,2,3,6,8,13,14,23,28,38",10,1972.43,30,1,3628.46,5,1.61757334120816,7,0.108376823489778,21,0
28,8,1,"38","28",1,0,31,1,0,1,1.06431107164636,0,0,45,1
28,8,2,"","28,38",2,521.5,31,1,521.5,3,1.02318577192369,0,0,40,0
28,9,1,"38","28",1,0,31,1,0,1,1.06431107164636,0,0,45,1
28,9,2,"","28,38",2,521.5,31,1,521.5,3,1.02318577192369,0,0,40,0
28,10,1,"","28",1,0,31,1,0,1,1.06431107164636,0,0,45,0
28,11,1,"","28",1,0,31,1,0,1,1.06431107164636,0,0,45,0
28,12,1,"","28",1,0,31,1,0,1,1.06431107164636,0,0,45,0
28,13,1,"38","28",1,0,31,1,0,1,1.06431107164636,0,0,45,1
28,13,2,"19","28,38",2,521.5,31,1,521.5,3,1.02318577192369,0,0,40,1
28,13,3,"8,14,18","19,28,38",6,0,31,1,521.5,4,1.59727246921384,0,0,39,3
28,13,4,"1,3,6,17","8,14,18,19,28,38",8,9.2,39,1,1103.053,6,2.19799961134304,10,0.240673811869377,35,4
28,13,5,"","1,3,6,8,14,17,18,19,28,38",10,1081.44,30,0,3405.4141,NaN,NaN,NaN,NaN,0,0
28,14,1,"","28",1,0,31,1,0,1,1.06431107164636,0,0,45,0
28,15,1,"","28",1,0,31,1,0,1,1.06431107164636,0,0,45,0
28,16,1,"","28",1,0,31,1,0,1,1.06431107164636,0,0,45,0
28,17,1,"","28",1,0,31,1,0,1,1.06431107164636,0,0,45,0
28,18,1,"38","28",1,0,31,1,0,1,1.06431107164636,0,0,45,1
28,18,2,"","28,38",2,521.5,31,1,521.5,3,1.02318577192369,0,0,40,0
28,19,1,"38","28",1,0,31,1,0,1,1.06431107164636,0,0,45,1
28,19,2,"8","28,38",2,521.5,31,1,521.5,3,1.02318577192369,0,0,40,1
28,19,3,"9,13,14,19,23","8,28,38",6,0,31,1,521.5,5,1.83996405704228,0,0,39,5
28,19,4,"3","8,9,13,14,19,23,28,38",8,17.73,39,1,1682.23,2,1.66685950187609,5,0.199992902465965,30,1
28,19,5,"","3,8,9,13,14,19,23,28,38",12,0,39,1,2368.03,6,1.52171108209891,8,0.113005252024948,29,0
28,20,1,"38","28",1,0,31,1,0,1,1.06431107164636,0,0,45,1
28,20,2,"14","28,38",2,521.5,31,1,521.5,3,1.02318577192369,0,0,40,1
28,20,3,"3","14,28,38",7,9.2,39,1,530.7,1,1.77481610158329,0,0,39,1
28,20,4,"4,13,16,17,20,27,31,40,42","3,14,28,38",7,0,39,1,530.7,8,1.71734333135952,18,0.107183840408107,38,9
28,20,5,"","3,4,13,14,16,17,20,27,28,31,38,40,42",14,4521.93,39,1,5052.63,0,0.774897427865096,0,0,3,0
29,1,1,"","29",1,0,31,1,0,0,0.794825261910808,0,0,45,0
29,2,1,"","29",1,0,31,1,0,0,0.794825261910808,0,0,45,0
29,3,1,"","29",1,0,31,1,0,0,0.794825261910808,0,0,45,0
29,4,1,"","29",1,0,31,1,0,0,0.794825261910808,0,0,45,0
29,5,1,"","29",1,0,31,1,0,0,0.794825261910808,0,0,45,0
29,6,1,"","29",1,0,31,1,0,0,0.794825261910808,0,0,45,0
29,7,1,"","29",1,0,31,1,0,0,0.794825261910808,0,0,45,0
29,8,1,"","29",1,0,31,1,0,0,0.794825261910808,0,0,45,0
29,9,1,"","29",1,0,31,1,0,0,0.794825261910808,0,0,45,0
29,10,1,"","29",1,0,31,1,0,0,0.794825261910808,0,0,45,0
29,11,1,"","29",1,0,31,1,0,0,0.794825261910808,0,0,45,0
29,12,1,"","29",1,0,31,1,0,0,0.794825261910808,0,0,45,0
29,13,1,"","29",1,0,31,1,0,0,0.794825261910808,0,0,45,0
29,14,1,"","29",1,0,31,1,0,0,0.794825261910808,0,0,45,0
29,15,1,"","29",1,0,31,1,0,0,0.794825261910808,0,0,45,0
29,16,1,"","29",1,0,31,1,0,0,0.794825261910808,0,0,45,0
29,17,1,"","29",1,0,31,1,0,0,0.794825261910808,0,0,45,0
29,18,1,"","29",1,0,31,1,0,0,0.794825261910808,0,0,45,0
29,19,1,"","29",1,0,31,1,0,0,0.794825261910808,0,0,45,0
29,20,1,"","29",1,0,31,1,0,0,0.794825261910808,0,0,45,0
30,1,1,"","30",1,0,31,1,0,0,0.79708314030311,0,0,45,0
30,2,1,"","30",1,0,31,1,0,0,0.79708314030311,0,0,45,0
30,3,1,"","30",1,0,31,1,0,0,0.79708314030311,0,0,45,0
30,4,1,"","30",1,0,31,1,0,0,0.79708314030311,0,0,45,0
30,5,1,"","30",1,0,31,1,0,0,0.79708314030311,0,0,45,0
30,6,1,"","30",1,0,31,1,0,0,0.79708314030311,0,0,45,0
30,7,1,"","30",1,0,31,1,0,0,0.79708314030311,0,0,45,0
30,8,1,"","30",1,0,31,1,0,0,0.79708314030311,0,0,45,0
30,9,1,"","30",1,0,31,1,0,0,0.79708314030311,0,0,45,0
30,10,1,"","30",1,0,31,1,0,0,0.79708314030311,0,0,45,0
30,11,1,"","30",1,0,31,1,0,0,0.79708314030311,0,0,45,0
30,12,1,"","30",1,0,31,1,0,0,0.79708314030311,0,0,45,0
30,13,1,"","30",1,0,31,1,0,0,0.79708314030311,0,0,45,0
30,14,1,"","30",1,0,31,1,0,0,0.79708314030311,0,0,45,0
30,15,1,"","30",1,0,31,1,0,0,0.79708314030311,0,0,45,0
30,16,1,"","30",1,0,31,1,0,0,0.79708314030311,0,0,45,0
30,17,1,"","30",1,0,31,1,0,0,0.79708314030311,0,0,45,0
30,18,1,"","30",1,0,31,1,0,0,0.79708314030311,0,0,45,0
30,19,1,"","30",1,0,31,1,0,0,0.79708314030311,0,0,45,0
30,20,1,"","30",1,0,31,1,0,0,0.79708314030311,0,0,45,0
31,1,1,"","31",1,0,31,1,0,0,0.791410442345427,0,0,45,0
31,2,1,"","31",1,0,31,1,0,0,0.791410442345427,0,0,45,0
31,3,1,"","31",1,0,31,1,0,0,0.791410442345427,0,0,45,0
31,4,1,"","31",1,0,31,1,0,0,0.791410442345427,0,0,45,0
31,5,1,"","31",1,0,31,1,0,0,0.791410442345427,0,0,45,0
31,6,1,"","31",1,0,31,1,0,0,0.791410442345427,0,0,45,0
31,7,1,"","31",1,0,31,1,0,0,0.791410442345427,0,0,45,0
31,8,1,"","31",1,0,31,1,0,0,0.791410442345427,0,0,45,0
31,9,1,"","31",1,0,31,1,0,0,0.791410442345427,0,0,45,0
31,10,1,"","31",1,0,31,1,0,0,0.791410442345427,0,0,45,0
31,11,1,"","31",1,0,31,1,0,0,0.791410442345427,0,0,45,0
31,12,1,"","31",1,0,31,1,0,0,0.791410442345427,0,0,45,0
31,13,1,"","31",1,0,31,1,0,0,0.791410442345427,0,0,45,0
31,14,1,"","31",1,0,31,1,0,0,0.791410442345427,0,0,45,0
31,15,1,"","31",1,0,31,1,0,0,0.791410442345427,0,0,45,0
31,16,1,"","31",1,0,31,1,0,0,0.791410442345427,0,0,45,0
31,17,1,"","31",1,0,31,1,0,0,0.791410442345427,0,0,45,0
31,18,1,"","31",1,0,31,1,0,0,0.791410442345427,0,0,45,0
31,19,1,"","31",1,0,31,1,0,0,0.791410442345427,0,0,45,0
31,20,1,"","31",1,0,31,1,0,0,0.791410442345427,0,0,45,0
32,1,1,"","32",2,680,31,1,680,1,1.00757036159228,0,0,44,0
32,2,1,"","32",2,680,31,1,680,1,1.00757036159228,0,0,44,0
32,3,1,"","32",2,680,31,1,680,1,1.00757036159228,0,0,44,0
32,4,1,"","32",2,680,31,1,680,1,1.00757036159228,0,0,44,0
32,5,1,"27","32",2,680,31,1,680,1,1.00757036159228,0,0,44,1
32,5,2,"14,19","27,32",4,0,31,1,680,0,0.89992273394502,0,0,42,2
32,5,3,"3,18","14,19,27,32",6,9.2,39,1,689.2,3,1.68999584994262,0,0,40,2
32,5,4,"","3,14,18,19,27,32",7,0,39,1,2080.4575,3,1.46345824368349,18,0.134813390676928,37,0
32,6,1,"","32",2,680,31,1,680,1,1.00757036159228,0,0,44,0
32,7,1,"","32",2,680,31,1,680,1,1.00757036159228,0,0,44,0
32,8,1,"","32",2,680,31,1,680,1,1.00757036159228,0,0,44,0
32,9,1,"","32",2,680,31,1,680,1,1.00757036159228,0,0,44,0
32,10,1,"","32",2,680,31,1,680,1,1.00757036159228,0,0,44,0
32,11,1,"","32",2,680,31,1,680,1,1.00757036159228,0,0,44,0
32,12,1,"","32",2,680,31,1,680,1,1.00757036159228,0,0,44,0
32,13,1,"","32",2,680,31,1,680,1,1.00757036159228,0,0,44,0
32,14,1,"27","32",2,680,31,1,680,1,1.00757036159228,0,0,44,1
32,14,2,"","27,32",4,0,31,1,680,0,0.89992273394502,0,0,42,0
32,15,1,"","32",2,680,31,1,680,1,1.00757036159228,0,0,44,0
32,16,1,"","32",2,680,31,1,680,1,1.00757036159228,0,0,44,0
32,17,1,"","32",2,680,31,1,680,1,1.00757036159228,0,0,44,0
32,18,1,"","32",2,680,31,1,680,1,1.00757036159228,0,0,44,0
32,19,1,"","32",2,680,31,1,680,1,1.00757036159228,0,0,44,0
32,20,1,"","32",2,680,31,1,680,1,1.00757036159228,0,0,44,0
33,1,1,"14,19","33",2,0,31,1,0,0,0.993578246767757,0,0,45,2
33,1,2,"3","14,19,33",3,9.2,39,1,9.2,3,1.78192720367044,0,0,43,1
33,1,3,"4,8,13,16,17,18,31,40,42","3,14,19,33",3,0,39,1,9.2,10,1.72347115037759,17,0.10837340804409,42,9
33,1,4,"","3,4,8,13,14,16,17,18,19,31,33,40,42",10,3097.4,35,1,3893.5075,4,1.71333925873074,12,0.180973124189011,20,0
33,2,1,"23","33",2,0,31,1,0,0,0.993578246767757,0,0,45,1
33,2,2,"8,10,13","23,33",2,0,31,1,0,5,1.85240401464473,0,0,44,3
33,2,3,"3,12,15","8,10,13,23,33",3,8.53,31,1,945.385,3,1.72112999679251,4,0.0579214577851214,36,3
33,2,4,"4,31,40,42","3,8,10,12,13,15,23,33",9,206.55,39,1,1407.04975,4,1.93308272739052,12,0.1101612613089,32,4
33,2,5,"","3,4,8,10,12,13,15,23,31,33,40,42",14,2312.357,35,1,3719.40675,5,2.05531512676309,13,0.200125096216554,17,0
33,3,1,"","33",2,0,31,1,0,0,0.993578246767757,0,0,45,0
33,4,1,"","33",2,0,31,1,0,0,0.993578246767757,0,0,45,0
33,5,1,"8,14,23","33",2,0,31,1,0,0,0.993578246767757,0,0,45,3
33,5,2,"1,2,3,6,13,18","8,14,23,33",3,9.2,39,1,9.2,5,2.63707975390951,3,0.0345891777482208,42,6
33,5,3,"","1,2,3,6,8,13,14,18,23,33",6,1972.43,30,1,2836.15,5,1.91395629733592,11,0.214002545835203,26,0
33,6,1,"","33",2,0,31,1,0,0,0.993578246767757,0,0,45,0
33,7,1,"","33",2,0,31,1,0,0,0.993578246767757,0,0,45,0
33,8,1,"","33",2,0,31,1,0,0,0.993578246767757,0,0,45,0
33,9,1,"","33",2,0,31,1,0,0,0.993578246767757,0,0,45,0
33,10,1,"19","33",2,0,31,1,0,0,0.993578246767757,0,0,45,1
33,10,2,"8,10,18","19,33",2,0,31,1,0,4,1.54118991476953,0,0,44,3
33,10,3,"3","8,10,18,19,33",3,0,31,1,938.1345,2,1.21471564122421,1,0.0012561716456112,40,1
33,10,4,"13,40,42","3,8,10,18,19,33",4,0,31,1,938.1345,4,1.37857931365378,13,0.140154336273585,39,3
33,10,5,"","3,8,10,13,18,19,33,40,42",6,2401.76,35,1,3922.7616,5,1.66824163632599,13,0.162883841001801,21,0
33,11,1,"14","33",2,0,31,1,0,0,0.993578246767757,0,0,45,1
33,11,2,"3","14,33",3,9.2,39,1,9.2,1,1.74766832333995,0,0,44,1
33,11,3,"4,16,17,20,31,40,42","3,14,33",3,0,39,1,9.2,7,1.65018462160766,15,0.0830428646053251,43,7
33,11,4,"","3,4,14,16,17,20,31,33,40,42",9,2341.6,35,0,3521.829,NaN,NaN,NaN,NaN,0,0
33,12,1,"","33",2,0,31,1,0,0,0.993578246767757,0,0,45,0
33,13,1,"","33",2,0,31,1,0,0,0.993578246767757,0,0,45,0
33,14,1,"","33",2,0,31,1,0,0,0.993578246767757,0,0,45,0
33,15,1,"","33",2,0,31,1,0,0,0.993578246767757,0,0,45,0
33,16,1,"","33",2,0,31,1,0,0,0.993578246767757,0,0,45,0
33,17,1,"19","33",2,0,31,1,0,0,0.993578246767757,0,0,45,1
33,17,2,"8,10","19,33",2,0,31,1,0,4,1.54118991476953,0,0,44,2
33,17,3,"3,12,15,18,21,22,23","8,10,19,33",2,0,31,1,312.7115,7,1.52417826681107,7,0.0943660100900061,42,7
33,17,4,"4,31,40,42","3,8,10,12,15,18,19,21,22,23,33",7,238.9535,39,1,1407.04975,4,1.93308272739052,12,0.1101612613089,32,4
33,17,5,"","3,4,8,10,12,15,18,19,21,22,23,31,33,40,42",14,2312.357,35,1,3719.40675,5,2.05531512676308,13,0.200125096216552,17,0
33,18,1,"","33",2,0,31,1,0,0,0.993578246767757,0,0,45,0
33,19,1,"","33",2,0,31,1,0,0,0.993578246767757,0,0,45,0
33,20,1,"23","33",2,0,31,1,0,0,0.993578246767757,0,0,45,1
33,20,2,"8,10,13,14","23,33",2,0,31,1,0,5,1.85240401464473,0,0,44,4
33,20,3,"3","8,10,13,14,23,33",4,17.73,39,1,1265.03,1,1.42809337880794,5,0.212404606639498,35,1
33,20,4,"4,31,40,42","3,8,10,13,14,23,33",8,0,39,1,1265.03,4,1.87266588908186,15,0.212404606639505,34,4
33,20,5,"","3,4,8,10,13,14,23,31,33,40,42",12,2477.92,35,1,3742.95,5,1.98077768109936,11,0.175924036225993,17,0
34,1,1,"14","34",2,0,31,1,0,0,0.964611044922993,0,0,45,1
34,1,2,"3","14,34",3,9.2,39,1,9.2,1,1.7168275548328,0,0,44,1
34,1,3,"4,16,17,40,42","3,14,34",3,0,39,1,9.2,7,1.60095418359447,11,0.063668702665254,43,5
34,1,4,"","3,4,14,16,17,34,40,42",7,2060.6,32,1,2906.686,5,2.30982562078903,14,0.0849114609095249,30,0
34,2,1,"","34",2,0,31,1,0,0,0.964611044922993,0,0,45,0
34,3,1,"","34",2,0,31,1,0,0,0.964611044922993,0,0,45,0
34,4,1,"","34",2,0,31,1,0,0,0.964611044922993,0,0,45,0
34,5,1,"8,23","34",2,0,31,1,0,0,0.964611044922993,0,0,45,2
34,5,2,"3,13","8,23,34",2,0,31,1,625.423,4,1.95483937865982,0,0,43,2
34,5,3,"4,31,40,42","3,8,13,23,34",3,7.677,31,1,1195.213,4,1.84574167261065,8,0.0627917214492959,36,4
34,5,4,"","3,4,8,13,23,31,34,40,42",11,2516.346,35,1,3711.559,6,1.84718572314808,10,0.101129651055802,17,0
34,6,1,"8","34",2,0,31,1,0,0,0.964611044922993,0,0,45,1
34,6,2,"9,14,19,23","8,34",2,0,31,1,0,4,1.72506262956593,0,0,44,4
34,6,3,"1,2,3,6,13","8,9,14,19,23,34",3,9.2,39,1,9.2,6,2.58639901771491,2,0.0722483289929895,40,5
34,6,4,"","1,2,3,6,8,9,13,14,19,23,34",7,2472.43,30,1,2670.26,4,1.83781308803203,3,0.0232803058790719,25,0
34,7,1,"","34",2,0,31,1,0,0,0.964611044922993,0,0,45,0
34,8,1,"","34",2,0,31,1,0,0,0.964611044922993,0,0,45,0
34,9,1,"","34",2,0,31,1,0,0,0.964611044922993,0,0,45,0
34,10,1,"19","34",2,0,31,1,0,0,0.964611044922993,0,0,45,1
34,10,2,"8","19,34",2,0,31,1,0,3,1.49380807905377,0,0,44,1
34,10,3,"3,18,21,22","8,19,34",2,0,31,1,312.7115,4,1.40939956485941,2,0.037160730382726,43,4
34,10,4,"4,31,40,42","3,8,18,19,21,22,34",4,8.1035,31,1,1210.82725,4,1.82525792739112,8,0.0527410145913583,38,4
34,10,5,"","3,4,8,18,19,21,22,31,34,40,42",9,2508.5795,35,1,3719.40675,5,1.82472784830659,11,0.090455745504206,18,0
34,11,1,"","34",2,0,31,1,0,0,0.964611044922993,0,0,45,0
34,12,1,"","34",2,0,31,1,0,0,0.964611044922993,0,0,45,0
34,13,1,"","34",2,0,31,1,0,0,0.964611044922993,0,0,45,0
34,14,1,"","34",2,0,31,1,0,0,0.964611044922993,0,0,45,0
34,15,1,"","34",2,0,31,1,0,0,0.964611044922993,0,0,45,0
34,16,1,"","34",2,0,31,1,0,0,0.964611044922993,0,0,45,0
34,17,1,"14","34",2,0,31,1,0,0,0.964611044922993,0,0,45,1
34,17,2,"3","14,34",3,9.2,39,1,9.2,1,1.7168275548328,0,0,44,1
34,17,3,"4,16,17,31,40,42","3,14,34",3,0,39,1,9.2,7,1.60095418359447,11,0.063668702665254,43,6
34,17,4,"","3,4,14,16,17,31,34,40,42",8,2341.6,32,1,2936.3145,5,2.24655184697989,11,0.079538969442425,29,0
34,18,1,"","34",2,0,31,1,0,0,0.964611044922993,0,0,45,0
34,19,1,"","34",2,0,31,1,0,0,0.964611044922993,0,0,45,0
34,20,1,"","34",2,0,31,1,0,0,0.964611044922993,0,0,45,0
35,1,1,"38","35",1,0,31,1,0,2,1.51818380006578,0,0,45,1
35,1,2,"8,14,19,23,24","35,38",2,247.5,31,1,247.5,5,1.25755853744303,0,0,41,5
35,1,3,"1,3,13,18,26,27","8,14,19,23,24,35,38",6,9.2,39,1,856.453,7,2.58046915544637,3,0.0639949376268146,36,6
35,1,4,"","1,3,8,13,14,18,19,23,24,26,27,35,38",11,3495.627,30,0,4922.725,NaN,NaN,NaN,NaN,0,0
35,2,1,"36,38","35",1,0,31,1,0,2,1.51818380006578,0,0,45,2
35,2,2,"8,10,14,19,23,24","35,36,38",3,247.5,31,1,247.5,5,1.25755853744303,0,0,41,6
35,2,3,"1,2,3,13,42","8,10,14,19,23,24,35,36,38",6,9.2,39,1,856.453,7,2.58046915544637,3,0.0639949376268146,35,5
35,2,4,"","1,2,3,8,10,13,14,19,23,24,35,36,38,42",10,2542.437,33,0,4255.492,NaN,NaN,NaN,NaN,0,0
35,3,1,"36,38","35",1,0,31,1,0,2,1.51818380006578,0,0,45,2
35,3,2,"8,14,23","35,36,38",3,247.5,31,1,247.5,5,1.25755853744303,0,0,41,3
35,3,3,"1,2,3,6,13,27","8,14,23,35,36,38",6,9.2,39,1,556.5765,9,2.92201136553453,12,0.113779567406888,38,6
35,3,4,"","1,2,3,6,8,13,14,23,27,35,36,38",10,2519.8085,30,0,4029.7385,NaN,NaN,NaN,NaN,0,0
35,4,1,"38","35",1,0,31,1,0,2,1.51818380006578,0,0,45,1
35,4,2,"8,14,19,23","35,38",2,247.5,31,1,247.5,5,1.25755853744303,0,0,41,4
35,4,3,"1,2,3,6,7,13,26,27,33","8,14,19,23,35,38",6,9.2,39,1,556.5765,10,2.92201136553453,12,0.113779567406888,37,9
35,4,4,"","1,2,3,6,7,8,13,14,19,23,26,27,33,35,38",13,3924.6685,39,1,4747.19275,0,0.926121135229037,5,0.227589916849193,6,0
35,5,1,"36,38","35",1,0,31,1,0,2,1.51818380006578,0,0,45,2
35,5,2,"8,14,19,23","35,36,38",3,247.5,31,1,247.5,5,1.25755853744303,0,0,41,4
35,5,3,"1,2,3,6,13,18,27","8,14,19,23,35,36,38",6,9.2,39,1,556.5765,10,2.92201136553453,12,0.113779567406888,37,7
35,5,4,"","1,2,3,6,8,13,14,18,19,23,27,35,36,38",11,2519.8085,30,0,4029.7385,NaN,NaN,NaN,NaN,0,0
35,6,1,"38","35",1,0,31,1,0,2,1.51818380006578,0,0,45,1
35,6,2,"8,14,19,23","35,38",2,247.5,31,1,247.5,5,1.25755853744303,0,0,41,4
35,6,3,"1,2,3,6,13,26,27","8,14,19,23,35,38",6,9.2,39,1,556.5765,10,2.92201136553453,12,0.113779567406888,37,7
35,6,4,"","1,2,3,6,8,13,14,19,23,26,27,35,38",11,3924.6685,39,1,4747.19275,0,0.926121135229037,5,0.227589916849193,6,0
35,7,1,"38","35",1,0,31,1,0,2,1.51818380006578,0,0,45,1
35,7,2,"8,14,19,23,24","35,38",2,247.5,31,1,247.5,5,1.25755853744303,0,0,41,5
35,7,3,"1,2,3,13,27","8,14,19,23,24,35,38",6,9.2,39,1,856.453,7,2.58046915544637,3,0.0639949376268146,36,5
35,7,4,"","1,2,3,8,13,14,19,23,24,27,35,38",10,2387.187,30,0,4146.817,NaN,NaN,NaN,NaN,0,0
35,8,1,"38","35",1,0,31,1,0,2,1.51818380006578,0,0,45,1
35,8,2,"8,14,19,23","35,38",2,247.5,31,1,247.5,5,1.25755853744303,0,0,41,4
35,8,3,"1,2,3,6,13,27","8,14,19,23,35,38",6,9.2,39,1,556.5765,10,2.92201136553453,12,0.113779567406888,37,6
35,8,4,"","1,2,3,6,8,13,14,19,23,27,35,38",10,2519.8085,30,0,4029.7385,NaN,NaN,NaN,NaN,0,0
35,9,1,"38","35",1,0,31,1,0,2,1.51818380006578,0,0,45,1
35,9,2,"8,14,19,23","35,38",2,247.5,31,1,247.5,5,1.25755853744303,0,0,41,4
35,9,3,"1,2,3,6,13,27","8,14,19,23,35,38",6,9.2,39,1,556.5765,10,2.92201136553453,12,0.113779567406888,37,6
35,9,4,"","1,2,3,6,8,13,14,19,23,27,35,38",10,2519.8085,30,0,4029.7385,NaN,NaN,NaN,NaN,0,0
35,10,1,"38","35",1,0,31,1,0,2,1.51818380006578,0,0,45,1
35,10,2,"8,14,19,23","35,38",2,247.5,31,1,247.5,5,1.25755853744303,0,0,41,4
35,10,3,"1,2,3,5,6,13,18,27","8,14,19,23,35,38",6,9.2,39,1,556.5765,10,2.92201136553453,12,0.113779567406888,37,8
35,10,4,"","1,2,3,5,6,8,13,14,18,19,23,27,35,38",12,2519.8085,38,0,4029.7385,NaN,NaN,NaN,NaN,0,0
35,11,1,"38","35",1,0,31,1,0,2,1.51818380006578,0,0,45,1
35,11,2,"8,10,14,19,23","35,38",2,247.5,31,1,247.5,5,1.25755853744303,0,0,41,5
35,11,3,"1,2,3,6,13,27","8,10,14,19,23,35,38",6,9.2,39,1,556.5765,10,2.92201136553453,12,0.113779567406888,36,6
35,11,4,"","1,2,3,6,8,10,13,14,19,23,27,35,38",10,2519.8085,30,0,4029.7385,NaN,NaN,NaN,NaN,0,0
35,12,1,"38","35",1,0,31,1,0,2,1.51818380006578,0,0,45,1
35,12,2,"8,14,19,23","35,38",2,247.5,31,1,247.5,5,1.25755853744303,0,0,41,4
35,12,3,"1,2,3,6,13,18,26,27","8,14,19,23,35,38",6,9.2,39,1,556.5765,10,2.92201136553453,12,0.113779567406888,37,8
35,12,4,"","1,2,3,6,8,13,14,18,19,23,26,27,35,38",12,3924.6685,39,1,4747.19275,0,0.926121135229037,5,0.227589916849193,6,0
35,13,1,"38","35",1,0,31,1,0,2,1.51818380006578,0,0,45,1
35,13,2,"8,14,19,23","35,38",2,247.5,31,1,247.5,5,1.25755853744303,0,0,41,4
35,13,3,"1,2,3,6,13,27","8,14,19,23,35,38",6,9.2,39,1,556.5765,10,2.92201136553453,12,0.113779567406888,37,6
35,13,4,"","1,2,3,6,8,13,14,19,23,27,35,38",10,2519.8085,30,0,4029.7385,NaN,NaN,NaN,NaN,0,0
35,14,1,"38","35",1,0,31,1,0,2,1.51818380006578,0,0,45,1
35,14,2,"8,14,19,23","35,38",2,247.5,31,1,247.5,5,1.25755853744303,0,0,41,4
35,14,3,"1,2,3,6,13,18,27","8,14,19,23,35,38",6,9.2,39,1,556.5765,10,2.92201136553453,12,0.113779567406888,37,7
35,14,4,"","1,2,3,6,8,13,14,18,19,23,27,35,38",11,2519.8085,30,0,4029.7385,NaN,NaN,NaN,NaN,0,0
35,15,1,"38","35",1,0,31,1,0,2,1.51818380006578,0,0,45,1
35,15,2,"8,14,19,23,24","35,38",2,247.5,31,1,247.5,5,1.25755853744303,0,0,41,5
35,15,3,"1,2,3,13,26","8,14,19,23,24,35,38",6,9.2,39,1,856.453,7,2.58046915544637,3,0.0639949376268146,36,5
35,15,4,"","1,2,3,8,13,14,19,23,24,26,35,38",10,3495.627,30,0,4922.725,NaN,NaN,NaN,NaN,0,0
35,16,1,"36,38","35",1,0,31,1,0,2,1.51818380006578,0,0,45,2
35,16,2,"8,14,19,23","35,36,38",3,247.5,31,1,247.5,5,1.25755853744303,0,0,41,4
35,16,3,"1,2,3,6,13,26,27","8,14,19,23,35,36,38",6,9.2,39,1,556.5765,10,2.92201136553453,12,0.113779567406888,37,7
35,16,4,"","1,2,3,6,8,13,14,19,23,26,27,35,36,38",11,3924.6685,39,1,4747.19275,0,0.926121135229037,5,0.227589916849193,6,0
35,17,1,"29,38","35",1,0,31,1,0,2,1.51818380006578,0,0,45,2
35,17,2,"14","29,35,38",3,556.1,31,1,556.1,1,1.00655741443136,0,0,40,1
35,17,3,"3","14,29,35,38",7,9.2,39,1,565.3,1,1.76542381016553,0,0,39,1
35,17,4,"4,16,17,20,27,40,42","3,14,29,35,38",7,0,39,1,565.3,8,1.71490064787081,19,0.129790895128555,38,7
35,17,5,"","3,4,14,16,17,20,27,29,35,38,40,42",13,4487.33,39,1,5052.63,0,0.774897427865096,0,0,3,0
35,18,1,"38","35",1,0,31,1,0,2,1.51818380006578,0,0,45,1
35,18,2,"8,14,19,23","35,38",2,247.5,31,1,247.5,5,1.25755853744303,0,0,41,4
35,18,3,"1,2,3,6,7,13,26,27","8,14,19,23,35,38",6,9.2,39,1,556.5765,10,2.92201136553453,12,0.113779567406888,37,8
35,18,4,"","1,2,3,6,7,8,13,14,19,23,26,27,35,38",12,3924.6685,39,1,4747.19275,0,0.926121135229037,5,0.227589916849193,6,0
35,19,1,"38","35",1,0,31,1,0,2,1.51818380006578,0,0,45,1
35,19,2,"8,14,19,23","35,38",2,247.5,31,1,247.5,5,1.25755853744303,0,0,41,4
35,19,3,"1,2,3,5,6,13,26,27","8,14,19,23,35,38",6,9.2,39,1,556.5765,10,2.92201136553453,12,0.113779567406888,37,8
35,19,4,"","1,2,3,5,6,8,13,14,19,23,26,27,35,38",12,3924.6685,39,1,4747.19275,0,0.926121135229037,5,0.227589916849193,6,0
35,20,1,"29,38","35",1,0,31,1,0,2,1.51818380006578,0,0,45,2
35,20,2,"","29,35,38",3,556.1,31,1,556.1,1,1.00655741443136,0,0,40,0
36,1,1,"","36",1,0,31,1,0,0,0.788847223257766,0,0,45,0
36,2,1,"","36",1,0,31,1,0,0,0.788847223257766,0,0,45,0
36,3,1,"","36",1,0,31,1,0,0,0.788847223257766,0,0,45,0
36,4,1,"","36",1,0,31,1,0,0,0.788847223257766,0,0,45,0
36,5,1,"","36",1,0,31,1,0,0,0.788847223257766,0,0,45,0
36,6,1,"","36",1,0,31,1,0,0,0.788847223257766,0,0,45,0
36,7,1,"","36",1,0,31,1,0,0,0.788847223257766,0,0,45,0
36,8,1,"","36",1,0,31,1,0,0,0.788847223257766,0,0,45,0
36,9,1,"","36",1,0,31,1,0,0,0.788847223257766,0,0,45,0
36,10,1,"","36",1,0,31,1,0,0,0.788847223257766,0,0,45,0
36,11,1,"","36",1,0,31,1,0,0,0.788847223257766,0,0,45,0
36,12,1,"","36",1,0,31,1,0,0,0.788847223257766,0,0,45,0
36,13,1,"","36",1,0,31,1,0,0,0.788847223257766,0,0,45,0
36,14,1,"","36",1,0,31,1,0,0,0.788847223257766,0,0,45,0
36,15,1,"","36",1,0,31,1,0,0,0.788847223257766,0,0,45,0
36,16,1,"","36",1,0,31,1,0,0,0.788847223257766,0,0,45,0
36,17,1,"","36",1,0,31,1,0,0,0.788847223257766,0,0,45,0
36,18,1,"","36",1,0,31,1,0,0,0.788847223257766,0,0,45,0
36,19,1,"","36",1,0,31,1,0,0,0.788847223257766,0,0,45,0
36,20,1,"","36",1,0,31,1,0,0,0.788847223257766,0,0,45,0
37,1,1,"","37",2,0,31,1,0,0,0.997346692903788,0,0,45,0
37,2,1,"","37",2,0,31,1,0,0,0.997346692903788,0,0,45,0
37,3,1,"","37",2,0,31,1,0,0,0.997346692903788,0,0,45,0
37,4,1,"23","37",2,0,31,1,0,0,0.997346692903788,0,0,45,1
37,4,2,"8,10,13","23,37",2,0,31,1,0,5,1.86243967268638,0,0,44,3
37,4,3,"3,12,15","8,10,13,23,37",3,8.53,31,1,945.385,3,1.73003987365446,4,0.0649129613355635,36,3
37,4,4,"4,27,31,40,42","3,8,10,12,13,15,23,37",9,206.55,39,1,1407.04975,5,1.95767521887957,14,0.116903139256416,32,5
37,4,5,"","3,4,8,10,12,13,15,23,27,31,37,40,42",15,2861.457,36,0,4864.223725,NaN,NaN,NaN,NaN,0,0
37,5,1,"14","37",2,0,31,1,0,0,0.997346692903788,0,0,45,1
37,5,2,"3","14,37",3,9.2,39,1,9.2,1,1.75051939841639,0,0,44,1
37,5,3,"4,16,17,31,40,42","3,14,37",3,0,39,1,9.2,8,1.65732084045101,15,0.0833399823788064,43,6
37,5,4,"","3,4,14,16,17,31,37,40,42",8,2341.6,32,1,2936.3145,6,2.3981738851619,14,0.10954240783622,29,0
37,6,1,"14","37",2,0,31,1,0,0,0.997346692903788,0,0,45,1
37,6,2,"3","14,37",3,9.2,39,1,9.2,1,1.75051939841639,0,0,44,1
37,6,3,"4,16,17,20,40,42","3,14,37",3,0,39,1,9.2,8,1.65732084045101,15,0.0833399823788064,43,6
37,6,4,"","3,4,14,16,17,20,37,40,42",8,2060.6,33,0,3325.129,NaN,NaN,NaN,NaN,0,0
37,7,1,"","37",2,0,31,1,0,0,0.997346692903788,0,0,45,0
37,8,1,"","37",2,0,31,1,0,0,0.997346692903788,0,0,45,0
37,9,1,"19","37",2,0,31,1,0,0,0.997346692903788,0,0,45,1
37,9,2,"8,14,18","19,37",2,0,31,1,0,4,1.54934309450194,0,0,44,3
37,9,3,"3,27","8,14,18,19,37",4,9.2,39,1,633.703,2,2.0676608353819,10,0.197707858373983,40,2
37,9,4,"","3,8,14,18,19,27,37",6,612,39,0,2748.2611,NaN,NaN,NaN,NaN,0,0
37,10,1,"","37",2,0,31,1,0,0,0.997346692903788,0,0,45,0
37,11,1,"19","37",2,0,31,1,0,0,0.997346692903788,0,0,45,1
37,11,2,"8,10,14","19,37",2,0,31,1,0,4,1.54934309450194,0,0,44,3
37,11,3,"3","8,10,14,19,37",3,9.2,39,1,9.2,3,2.07921432019063,0,0,41,1
37,11,4,"4,18,21,27,31,40,42","3,8,10,14,19,37",3,0,39,1,633.703,7,1.71396972884521,13,0.102454018023215,40,7
37,11,5,"","3,4,8,10,14,18,19,21,27,31,37,40,42",9,3399.66,36,0,4699.6231,NaN,NaN,NaN,NaN,0,0
37,12,1,"","37",2,0,31,1,0,0,0.997346692903788,0,0,45,0
37,13,1,"","37",2,0,31,1,0,0,0.997346692903788,0,0,45,0
37,14,1,"","37",2,0,31,1,0,0,0.997346692903788,0,0,45,0
37,15,1,"","37",2,0,31,1,0,0,0.997346692903788,0,0,45,0
37,16,1,"8","37",2,0,31,1,0,0,0.997346692903788,0,0,45,1
37,16,2,"19,23","8,37",2,0,31,1,0,5,1.78654083939047,0,0,44,2
37,16,3,"3,11,13,27","8,19,23,37",2,0,31,1,625.423,5,2.02767713274181,0,0,42,4
37,16,4,"","3,8,11,13,19,23,27,37",4,619.677,31,0,2747.839,NaN,NaN,NaN,NaN,0,0
37,17,1,"","37",2,0,31,1,0,0,0.997346692903788,0,0,45,0
37,18,1,"","37",2,0,31,1,0,0,0.997346692903788,0,0,45,0
37,19,1,"8","37",2,0,31,1,0,0,0.997346692903788,0,0,45,1
37,19,2,"9,13,19,23","8,37",2,0,31,1,0,5,1.78654083939047,0,0,44,4
37,19,3,"3","8,9,13,19,23,37",3,8.53,31,1,945.385,1,1.75953616429438,0,0,36,1
37,19,4,"7,27,30,31,40,42","3,8,9,13,19,23,37",7,0,31,1,1476.2695,7,1.71994766962743,11,0.218169634066343,35,6
37,19,5,"","3,7,8,9,13,19,23,27,30,31,37,40,42",13,3097.179,31,1,4573.4485,1,1.41239459499177,0,0,12,0
37,20,1,"","37",2,0,31,1,0,0,0.997346692903788,0,0,45,0
38,1,1,"35","38",1,0,31,1,0,2,1.0749996999233,0,0,45,1
38,1,2,"8,14,19,20,23","35,38",2,247.5,31,1,247.5,5,1.25755853744303,0,0,41,5
38,1,3,"","8,14,19,20,23,35,38",7,9.2,39,1,2055.959,2,1.43543630740253,9,0.220468317519024,36,0
38,2,1,"","38",1,0,31,1,0,2,1.0749996999233,0,0,45,0
38,3,1,"","38",1,0,31,1,0,2,1.0749996999233,0,0,45,0
38,4,1,"28","38",1,0,31,1,0,2,1.0749996999233,0,0,45,1
38,4,2,"","28,38",2,521.5,31,1,521.5,3,1.02318577192369,0,0,40,0
38,5,1,"28","38",1,0,31,1,0,2,1.0749996999233,0,0,45,1
38,5,2,"","28,38",2,521.5,31,1,521.5,3,1.02318577192369,0,0,40,0
38,6,1,"28","38",1,0,31,1,0,2,1.0749996999233,0,0,45,1
38,6,2,"8","28,38",2,521.5,31,1,521.5,3,1.02318577192369,0,0,40,1
38,6,3,"9,13,19,23","8,28,38",6,0,31,1,521.5,5,1.83996405704228,0,0,39,4
38,6,4,"3,12","8,9,13,19,23,28,38",7,8.53,31,1,1388.66,1,1.91831774280842,4,0.055756163672274,31,2
38,6,5,"","3,8,9,12,13,19,23,28,38",11,0,31,1,2361.774,6,1.52171108209891,4,0.113005252024947,29,0
38,7,1,"","38",1,0,31,1,0,2,1.0749996999233,0,0,45,0
38,8,1,"","38",1,0,31,1,0,2,1.0749996999233,0,0,45,0
38,9,1,"28,35","38",1,0,31,1,0,2,1.0749996999233,0,0,45,2
38,9,2,"23","28,35,38",3,521.5,31,1,521.5,3,1.02318577192369,0,0,40,1
38,9,3,"8,10,13,14","23,28,35,38",6,0,31,1,521.5,5,1.92014609656502,0,0,39,4
38,9,4,"3,27","8,10,13,14,23,28,35,38",8,17.73,39,1,1682.23,2,1.64561458000473,5,0.212404606639498,30,2
38,9,5,"","3,8,10,13,14,23,27,28,35,38",13,544,39,0,3434.63,NaN,NaN,NaN,NaN,0,0
38,10,1,"28","38",1,0,31,1,0,2,1.0749996999233,0,0,45,1
38,10,2,"23","28,38",2,521.5,31,1,521.5,3,1.02318577192369,0,0,40,1
38,10,3,"8,10,13","23,28,38",6,0,31,1,521.5,5,1.92014609656502,0,0,39,3
38,10,4,"3,12,27","8,10,13,23,28,38",7,8.53,31,1,1674.87,4,1.64561458000473,0,0,31,3
38,10,5,"","3,8,10,12,13,23,27,28,38",13,551.36,39,0,3434.63,NaN,NaN,NaN,NaN,0,0
38,11,1,"","38",1,0,31,1,0,2,1.0749996999233,0,0,45,0
38,12,1,"28","38",1,0,31,1,0,2,1.0749996999233,0,0,45,1
38,12,2,"","28,38",2,521.5,31,1,521.5,3,1.02318577192369,0,0,40,0
38,13,1,"","38",1,0,31,1,0,2,1.0749996999233,0,0,45,0
38,14,1,"35","38",1,0,31,1,0,2,1.0749996999233,0,0,45,1
38,14,2,"8,14,19,23","35,38",2,247.5,31,1,247.5,5,1.25755853744303,0,0,41,4
38,14,3,"1,2,3,6,7,13,27","8,14,19,23,35,38",6,9.2,39,1,556.5765,10,2.92201136553453,12,0.113779567406888,37,7
38,14,4,"","1,2,3,6,7,8,13,14,19,23,27,35,38",11,2825.7085,30,0,4243.8685,NaN,NaN,NaN,NaN,0,0
38,15,1,"","38",1,0,31,1,0,2,1.0749996999233,0,0,45,0
38,16,1,"28","38",1,0,31,1,0,2,1.0749996999233,0,0,45,1
38,16,2,"","28,38",2,521.5,31,1,521.5,3,1.02318577192369,0,0,40,0
38,17,1,"28","38",1,0,31,1,0,2,1.0749996999233,0,0,45,1
38,17,2,"","28,38",2,521.5,31,1,521.5,3,1.02318577192369,0,0,40,0
38,18,1,"","38",1,0,31,1,0,2,1.0749996999233,0,0,45,0
38,19,1,"","38",1,0,31,1,0,2,1.0749996999233,0,0,45,0
38,20,1,"","38",1,0,31,1,0,2,1.0749996999233,0,0,45,0
39,1,1,"","39",2,0,31,1,0,0,0.970891457639221,0,0,45,0
39,2,1,"","39",2,0,31,1,0,0,0.970891457639221,0,0,45,0
39,3,1,"","39",2,0,31,1,0,0,0.970891457639221,0,0,45,0
39,4,1,"14","39",2,0,31,1,0,0,0.970891457639221,0,0,45,1
39,4,2,"3","14,39",3,9.2,39,1,9.2,1,1.72093051585578,0,0,44,1
39,4,3,"4,17,40,42","3,14,39",3,0,39,1,9.2,7,1.60860073500257,8,0.0591306825299938,43,4
39,4,4,"","3,4,14,17,39,40,42",6,2054.1,32,1,2901.486,6,2.23062443448397,10,0.0367991898497654,31,0
39,5,1,"","39",2,0,31,1,0,0,0.970891457639221,0,0,45,0
39,6,1,"23","39",2,0,31,1,0,0,0.970891457639221,0,0,45,1
39,6,2,"8,10,13,14,18","23,39",2,0,31,1,0,5,1.81513436895303,0,0,44,5
39,6,3,"3","8,10,13,14,18,23,39",4,17.73,39,1,1265.03,2,1.38328248800185,5,0.212404606639498,35,1
39,6,4,"4,17,31,40,42","3,8,10,13,14,18,23,39",8,0,39,1,1265.03,5,1.79799489498246,10,0.212404606639498,34,5
39,6,5,"","3,4,8,10,13,14,17,18,23,31,39,40,42",13,2477.92,35,1,3742.95,3,1.7321072323782,5,0.0400558943830454,17,0
39,7,1,"","39",2,0,31,1,0,0,0.970891457639221,0,0,45,0
39,8,1,"","39",2,0,31,1,0,0,0.970891457639221,0,0,45,0
39,9,1,"","39",2,0,31,1,0,0,0.970891457639221,0,0,45,0
39,10,1,"10","39",2,0,31,1,0,0,0.970891457639221,0,0,45,1
39,10,2,"9,12,15,19,23","10,39",2,0,31,1,0,5,1.53301555497576,0,0,44,5
39,10,3,"1,3,7","9,10,12,15,19,23,39",4,251.53,39,1,251.53,3,2.16604189725827,4,0.123499393334774,33,3
39,10,4,"","1,3,7,9,10,12,15,19,23,39",11,2552.1,30,1,2803.63,4,1.52607914065511,0,0,24,0
39,11,1,"","39",2,0,31,1,0,0,0.970891457639221,0,0,45,0
39,12,1,"","39",2,0,31,1,0,0,0.970891457639221,0,0,45,0
39,13,1,"","39",2,0,31,1,0,0,0.970891457639221,0,0,45,0
39,14,1,"","39",2,0,31,1,0,0,0.970891457639221,0,0,45,0
39,15,1,"","39",2,0,31,1,0,0,0.970891457639221,0,0,45,0
39,16,1,"","39",2,0,31,1,0,0,0.970891457639221,0,0,45,0
39,17,1,"","39",2,0,31,1,0,0,0.970891457639221,0,0,45,0
39,18,1,"","39",2,0,31,1,0,0,0.970891457639221,0,0,45,0
39,19,1,"","39",2,0,31,1,0,0,0.970891457639221,0,0,45,0
39,20,1,"","39",2,0,31,1,0,0,0.970891457639221,0,0,45,0
40,1,1,"3","40",1,0,31,1,0,0,0.933915212081047,0,0,45,1
40,1,2,"1,8","3,40",1,0,31,1,0,2,1.32505997162611,0,0,44,2
40,1,3,"9,13,14,19,20,23","1,3,8,40",2,224,31,1,224,6,1.93922886715089,6,0.0220644936564456,39,6
40,1,4,"","1,3,8,9,13,14,19,20,23,40",9,1981.63,38,1,3015.35,4,1.47782141868681,4,0.140448975693211,23,0
40,2,1,"","40",1,0,31,1,0,0,0.933915212081047,0,0,45,0
40,3,1,"","40",1,0,31,1,0,0,0.933915212081047,0,0,45,0
40,4,1,"","40",1,0,31,1,0,0,0.933915212081047,0,0,45,0
40,5,1,"3","40",1,0,31,1,0,0,0.933915212081047,0,0,45,1
40,5,2,"1","3,40",1,0,31,1,0,2,1.32505997162611,0,0,44,1
40,5,3,"14","1,3,40",2,224,31,1,224,1,1.17776362898887,0,0,40,1
40,5,4,"16,17,20","1,3,14,40",6,9.2,39,1,534.2515,3,1.47026009130941,9,0.0914034558875018,39,3
40,5,5,"","1,3,14,16,17,20,40",9,1147.695,38,0,3053.63155,NaN,NaN,NaN,NaN,0,0
40,6,1,"3","40",1,0,31,1,0,0,0.933915212081047,0,0,45,1
40,6,2,"1","3,40",1,0,31,1,0,2,1.32505997162611,0,0,44,1
40,6,3,"14","1,3,40",2,224,31,1,224,1,1.17776362898887,0,0,40,1
40,6,4,"16,17,20","1,3,14,40",6,9.2,39,1,534.2515,3,1.47026009130941,9,0.0914034558875018,39,3
40,6,5,"","1,3,14,16,17,20,40",9,1147.695,38,0,3053.63155,NaN,NaN,NaN,NaN,0,0
40,7,1,"","40",1,0,31,1,0,0,0.933915212081047,0,0,45,0
40,8,1,"","40",1,0,31,1,0,0,0.933915212081047,0,0,45,0
40,9,1,"","40",1,0,31,1,0,0,0.933915212081047,0,0,45,0
40,10,1,"30","40",1,0,31,1,0,0,0.933915212081047,0,0,45,1
40,10,2,"","30,40",1,0,31,1,0,0,0.943488921015623,0,0,44,0
40,11,1,"","40",1,0,31,1,0,0,0.933915212081047,0,0,45,0
40,12,1,"","40",1,0,31,1,0,0,0.933915212081047,0,0,45,0
40,13,1,"","40",1,0,31,1,0,0,0.933915212081047,0,0,45,0
40,14,1,"","40",1,0,31,1,0,0,0.933915212081047,0,0,45,0
40,15,1,"","40",1,0,31,1,0,0,0.933915212081047,0,0,45,0
40,16,1,"","40",1,0,31,1,0,0,0.933915212081047,0,0,45,0
40,17,1,"","40",1,0,31,1,0,0,0.933915212081047,0,0,45,0
40,18,1,"","40",1,0,31,1,0,0,0.933915212081047,0,0,45,0
40,19,1,"","40",1,0,31,1,0,0,0.933915212081047,0,0,45,0
40,20,1,"","40",1,0,31,1,0,0,0.933915212081047,0,0,45,0
41,1,1,"","41",2,0,31,1,0,0,0.971852599065691,0,0,45,0
41,2,1,"","41",2,0,31,1,0,0,0.971852599065691,0,0,45,0
41,3,1,"","41",2,0,31,1,0,0,0.971852599065691,0,0,45,0
41,4,1,"","41",2,0,31,1,0,0,0.971852599065691,0,0,45,0
41,5,1,"14","41",2,0,31,1,0,0,0.971852599065691,0,0,45,1
41,5,2,"","14,41",3,9.2,39,1,9.2,1,1.08798011929445,0,0,44,0
41,6,1,"","41",2,0,31,1,0,0,0.971852599065691,0,0,45,0
41,7,1,"8","41",2,0,31,1,0,0,0.971852599065691,0,0,45,1
41,7,2,"9,19,23","8,41",2,0,31,1,0,3,1.65652916631267,0,0,44,3
41,7,3,"3,13,16,18","8,9,19,23,41",2,0,31,1,625.423,5,1.33911239552806,0,0,41,4
41,7,4,"4,7,27,30,42","3,8,9,13,16,18,19,23,41",5,696.177,39,1,1568.2315,7,1.70515215963299,5,0.20787185883625,29,5
41,7,5,"","3,4,7,8,9,13,16,18,19,23,27,30,41,42",17,3181.113,35,1,4749.3445,1,1.2069456254687,4,0.0168525877014859,11,0
41,8,1,"","41",2,0,31,1,0,0,0.971852599065691,0,0,45,0
41,9,1,"14","41",2,0,31,1,0,0,0.971852599065691,0,0,45,1
41,9,2,"3","14,41",3,9.2,39,1,9.2,1,1.08798011929445,0,0,44,1
41,9,3,"4","3,14,41",3,0,39,1,9.2,1,1.54497873462698,1,0.00354987596419565,43,1
41,9,4,"16,17","3,4,14,41",3,0,39,1,633.703,3,1.35835249285639,6,0.0601150024081299,42,2
41,9,5,"","3,4,14,16,17,41",5,1087.29,38,1,1947.65485,11,1.54853224136731,14,0.129610381033688,37,0
41,10,1,"","41",2,0,31,1,0,0,0.971852599065691,0,0,45,0
41,11,1,"","41",2,0,31,1,0,0,0.971852599065691,0,0,45,0
41,12,1,"","41",2,0,31,1,0,0,0.971852599065691,0,0,45,0
41,13,1,"","41",2,0,31,1,0,0,0.971852599065691,0,0,45,0
41,14,1,"","41",2,0,31,1,0,0,0.971852599065691,0,0,45,0
41,15,1,"","41",2,0,31,1,0,0,0.971852599065691,0,0,45,0
41,16,1,"","41",2,0,31,1,0,0,0.971852599065691,0,0,45,0
41,17,1,"","41",2,0,31,1,0,0,0.971852599065691,0,0,45,0
41,18,1,"","41",2,0,31,1,0,0,0.971852599065691,0,0,45,0
41,19,1,"","41",2,0,31,1,0,0,0.971852599065691,0,0,45,0
41,20,1,"","41",2,0,31,1,0,0,0.971852599065691,0,0,45,0
42,1,1,"","42",1,0,31,1,0,0,0.977625045503124,0,0,45,0
42,2,1,"","42",1,0,31,1,0,0,0.977625045503124,0,0,45,0
42,3,1,"","42",1,0,31,1,0,0,0.977625045503124,0,0,45,0
42,4,1,"","42",1,0,31,1,0,0,0.977625045503124,0,0,45,0
42,5,1,"","42",1,0,31,1,0,0,0.977625045503124,0,0,45,0
42,6,1,"3","42",1,0,31,1,0,0,0.977625045503124,0,0,45,1
42,6,2,"1","3,42",1,0,31,1,0,2,1.36256290942558,0,0,44,1
42,6,3,"14","1,3,42",2,852.5,31,1,852.5,1,1.20958039503011,2,0.00595631513642936,35,1
42,6,4,"16,17","1,3,14,42",10,9.2,39,1,1400.953,2,1.12197194126428,3,0.0206108732219057,34,2
42,6,5,"","1,3,14,16,17,42",12,1087.29,32,1,2488.243,6,2.13227134347367,13,0.0829244109274246,31,0
42,7,1,"","42",1,0,31,1,0,0,0.977625045503124,0,0,45,0
42,8,1,"","42",1,0,31,1,0,0,0.977625045503124,0,0,45,0
42,9,1,"","42",1,0,31,1,0,0,0.977625045503124,0,0,45,0
42,10,1,"","42",1,0,31,1,0,0,0.977625045503124,0,0,45,0
42,11,1,"","42",1,0,31,1,0,0,0.977625045503124,0,0,45,0
42,12,1,"","42",1,0,31,1,0,0,0.977625045503124,0,0,45,0
42,13,1,"","42",1,0,31,1,0,0,0.977625045503124,0,0,45,0
42,14,1,"","42",1,0,31,1,0,0,0.977625045503124,0,0,45,0
42,15,1,"","42",1,0,31,1,0,0,0.977625045503124,0,0,45,0
42,16,1,"","42",1,0,31,1,0,0,0.977625045503124,0,0,45,0
42,17,1,"","42",1,0,31,1,0,0,0.977625045503124,0,0,45,0
42,18,1,"","42",1,0,31,1,0,0,0.977625045503124,0,0,45,0
42,19,1,"","42",1,0,31,1,0,0,0.977625045503124,0,0,45,0
42,20,1,"3","42",1,0,31,1,0,0,0.977625045503124,0,0,45,1
42,20,2,"1","3,42",1,0,31,1,0,2,1.36256290942558,0,0,44,1
42,20,3,"14,20","1,3,42",2,852.5,31,1,852.5,1,1.20958039503011,2,0.00595631513642936,35,2
42,20,4,"","1,3,14,20,42",11,9.2,39,1,2479.459,1,1.23597300364804,11,0.0459797088864897,33,0
43,1,1,"","43",1,0,31,1,0,0,0.790686637649802,0,0,45,0
43,2,1,"","43",1,0,31,1,0,0,0.790686637649802,0,0,45,0
43,3,1,"","43",1,0,31,1,0,0,0.790686637649802,0,0,45,0
43,4,1,"","43",1,0,31,1,0,0,0.790686637649802,0,0,45,0
43,5,1,"","43",1,0,31,1,0,0,0.790686637649802,0,0,45,0
43,6,1,"","43",1,0,31,1,0,0,0.790686637649802,0,0,45,0
43,7,1,"","43",1,0,31,1,0,0,0.790686637649802,0,0,45,0
43,8,1,"","43",1,0,31,1,0,0,0.790686637649802,0,0,45,0
43,9,1,"","43",1,0,31,1,0,0,0.790686637649802,0,0,45,0
43,10,1,"","43",1,0,31,1,0,0,0.790686637649802,0,0,45,0
43,11,1,"","43",1,0,31,1,0,0,0.790686637649802,0,0,45,0
43,12,1,"","43",1,0,31,1,0,0,0.790686637649802,0,0,45,0
43,13,1,"","43",1,0,31,1,0,0,0.790686637649802,0,0,45,0
43,14,1,"","43",1,0,31,1,0,0,0.790686637649802,0,0,45,0
43,15,1,"","43",1,0,31,1,0,0,0.790686637649802,0,0,45,0
43,16,1,"","43",1,0,31,1,0,0,0.790686637649802,0,0,45,0
43,17,1,"","43",1,0,31,1,0,0,0.790686637649802,0,0,45,0
43,18,1,"","43",1,0,31,1,0,0,0.790686637649802,0,0,45,0
43,19,1,"","43",1,0,31,1,0,0,0.790686637649802,0,0,45,0
43,20,1,"","43",1,0,31,1,0,0,0.790686637649802,0,0,45,0
44,1,1,"","44",1,0,31,1,0,0,0.791891279152085,0,0,45,0
44,2,1,"","44",1,0,31,1,0,0,0.791891279152085,0,0,45,0
44,3,1,"","44",1,0,31,1,0,0,0.791891279152085,0,0,45,0
44,4,1,"","44",1,0,31,1,0,0,0.791891279152085,0,0,45,0
44,5,1,"","44",1,0,31,1,0,0,0.791891279152085,0,0,45,0
44,6,1,"","44",1,0,31,1,0,0,0.791891279152085,0,0,45,0
44,7,1,"","44",1,0,31,1,0,0,0.791891279152085,0,0,45,0
44,8,1,"","44",1,0,31,1,0,0,0.791891279152085,0,0,45,0
44,9,1,"","44",1,0,31,1,0,0,0.791891279152085,0,0,45,0
44,10,1,"","44",1,0,31,1,0,0,0.791891279152085,0,0,45,0
44,11,1,"","44",1,0,31,1,0,0,0.791891279152085,0,0,45,0
44,12,1,"","44",1,0,31,1,0,0,0.791891279152085,0,0,45,0
44,13,1,"","44",1,0,31,1,0,0,0.791891279152085,0,0,45,0
44,14,1,"","44",1,0,31,1,0,0,0.791891279152085,0,0,45,0
44,15,1,"","44",1,0,31,1,0,0,0.791891279152085,0,0,45,0
44,16,1,"41","44",1,0,31,1,0,0,0.791891279152085,0,0,45,1
44,16,2,"","41,44",2,0,31,1,0,0,0.97476852534794,0,0,44,0
44,17,1,"","44",1,0,31,1,0,0,0.791891279152085,0,0,45,0
44,18,1,"","44",1,0,31,1,0,0,0.791891279152085,0,0,45,0
44,19,1,"","44",1,0,31,1,0,0,0.791891279152085,0,0,45,0
44,20,1,"","44",1,0,31,1,0,0,0.791891279152085,0,0,45,0
45,1,1,"","45",1,0,31,1,0,0,0.792327320964921,0,0,45,0
45,2,1,"","45",1,0,31,1,0,0,0.792327320964921,0,0,45,0
45,3,1,"","45",1,0,31,1,0,0,0.792327320964921,0,0,45,0
45,4,1,"","45",1,0,31,1,0,0,0.792327320964921,0,0,45,0
45,5,1,"","45",1,0,31,1,0,0,0.792327320964921,0,0,45,0
45,6,1,"","45",1,0,31,1,0,0,0.792327320964921,0,0,45,0
45,7,1,"","45",1,0,31,1,0,0,0.792327320964921,0,0,45,0
45,8,1,"","45",1,0,31,1,0,0,0.792327320964921,0,0,45,0
45,9,1,"","45",1,0,31,1,0,0,0.792327320964921,0,0,45,0
45,10,1,"","45",1,0,31,1,0,0,0.792327320964921,0,0,45,0
45,11,1,"","45",1,0,31,1,0,0,0.792327320964921,0,0,45,0
45,12,1,"","45",1,0,31,1,0,0,0.792327320964921,0,0,45,0
45,13,1,"","45",1,0,31,1,0,0,0.792327320964921,0,0,45,0
45,14,1,"","45",1,0,31,1,0,0,0.792327320964921,0,0,45,0
45,15,1,"","45",1,0,31,1,0,0,0.792327320964921,0,0,45,0
45,16,1,"","45",1,0,31,1,0,0,0.792327320964921,0,0,45,0
45,17,1,"","45",1,0,31,1,0,0,0.792327320964921,0,0,45,0
45,18,1,"","45",1,0,31,1,0,0,0.792327320964921,0,0,45,0
45,19,1,"","45",1,0,31,1,0,0,0.792327320964921,0,0,45,0
45,20,1,"","45",1,0,31,1,0,0,0.792327320964921,0,0,45,0
46,1,1,"8,23","46",2,0,31,1,0,2,1.05447447827813,0,0,45,2
46,1,2,"3,13,16,17","8,23,46",2,0,31,1,625.423,7,1.70088197770983,2,0.0213485622080303,43,4
46,1,3,"4,40","3,8,13,16,17,23,46",5,702.027,39,1,1820.128,3,1.88177991927464,8,0.0456579475030334,29,2
46,1,4,"","3,4,8,13,16,17,23,40,46",15,1154.736,35,1,3466.7689,7,1.78128743564779,13,0.0943665154163691,23,0
46,2,1,"","46",2,0,31,1,0,2,1.05447447827813,0,0,45,0
46,3,1,"","46",2,0,31,1,0,2,1.05447447827813,0,0,45,0
46,4,1,"","46",2,0,31,1,0,2,1.05447447827813,0,0,45,0
46,5,1,"8,14","46",2,0,31,1,0,2,1.05447447827813,0,0,45,2
46,5,2,"3","8,14,46",3,9.2,39,1,9.2,1,1.49695029668641,0,0,43,1
46,5,3,"4,9,16,17,19,23,40","3,8,14,46",3,0,39,1,9.2,9,1.9935948324197,18,0.110656596492033,42,7
46,5,4,"","3,4,8,9,14,16,17,19,23,40,46",7,2196.43,35,0,3420.21,NaN,NaN,NaN,NaN,0,0
46,6,1,"14,23","46",2,0,31,1,0,2,1.05447447827813,0,0,45,2
46,6,2,"3,13","14,23,46",3,9.2,39,1,9.2,4,1.47017351232798,0,0,43,2
46,6,3,"27,40","3,13,14,23,46",4,8.53,39,1,1265.03,3,1.50970641859621,8,0.0898297415813473,36,2
46,6,4,"","3,13,14,23,27,40,46",9,544,39,0,3142.59,NaN,NaN,NaN,NaN,0,0
46,7,1,"8","46",2,0,31,1,0,2,1.05447447827813,0,0,45,1
46,7,2,"9,14,19,23","8,46",2,0,31,1,0,5,1.82705047518623,0,0,44,4
46,7,3,"1,2,3,13","8,9,14,19,23,46",3,9.2,39,1,9.2,7,2.38792267411134,8,0.10670629409039,40,4
46,7,4,"","1,2,3,8,9,13,14,19,23,46",6,1972.43,30,1,3049.78,5,1.38941818915448,3,0.111864088129266,26,0
46,8,1,"14","46",2,0,31,1,0,2,1.05447447827813,0,0,45,1
46,8,2,"3","14,46",3,9.2,39,1,9.2,1,1.42635529419389,0,0,44,1
46,8,3,"4,16,17,20,40","3,14,46",3,0,39,1,9.2,5,1.86465555249759,14,0.0679384762410257,43,5
46,8,4,"","3,4,14,16,17,20,40,46",7,1432.1,35,0,2885.179,NaN,NaN,NaN,NaN,0,0
46,9,1,"10","46",2,0,31,1,0,2,1.05447447827813,0,0,45,1
46,9,2,"9,12,15,19,23","10,46",2,0,31,1,0,6,1.59030922764718,0,0,44,5
46,9,3,"1,3,40","9,10,12,15,19,23,46",4,251.53,39,1,251.53,5,1.92923128838612,7,0.155462474280752,33,3
46,9,4,"","1,3,9,10,12,15,19,23,40,46",11,224,39,0,2209.14,NaN,NaN,NaN,NaN,0,0
46,10,1,"","46",2,0,31,1,0,2,1.05447447827813,0,0,45,0
46,11,1,"","46",2,0,31,1,0,2,1.05447447827813,0,0,45,0
46,12,1,"","46",2,0,31,1,0,2,1.05447447827813,0,0,45,0
46,13,1,"23","46",2,0,31,1,0,2,1.05447447827813,0,0,45,1
46,13,2,"8,10,13,14,27","23,46",2,0,31,1,0,5,1.91544609110665,0,0,44,5
46,13,3,"1,3","8,10,13,14,23,27,46",5,697.73,39,1,1809.03,3,2.00873764000014,5,0.212404606639498,31,2
46,13,4,"","1,3,8,10,13,14,23,27,46",13,1571.12,30,1,3954.966,3,2.00554294568995,13,0.128914865474737,23,0
46,14,1,"","46",2,0,31,1,0,2,1.05447447827813,0,0,45,0
46,15,1,"14","46",2,0,31,1,0,2,1.05447447827813,0,0,45,1
46,15,2,"3","14,46",3,9.2,39,1,9.2,1,1.42635529419389,0,0,44,1
46,15,3,"4,17,20,40","3,14,46",3,0,39,1,9.2,5,1.86465555249759,14,0.0679384762410257,43,4
46,15,4,"","3,4,14,17,20,40,46",6,1425.6,35,0,2880.629,NaN,NaN,NaN,NaN,0,0
46,16,1,"","46",2,0,31,1,0,2,1.05447447827813,0,0,45,0
46,17,1,"","46",2,0,31,1,0,2,1.05447447827813,0,0,45,0
46,18,1,"","46",2,0,31,1,0,2,1.05447447827813,0,0,45,0
46,19,1,"","46",2,0,31,1,0,2,1.05447447827813,0,0,45,0
46,20,1,"8,14","46",2,0,31,1,0,2,1.05447447827813,0,0,45,2
46,20,2,"3","8,14,46",3,9.2,39,1,9.2,1,1.49695029668641,0,0,43,1
46,20,3,"4,9,16,17,19,23,40","3,8,14,46",3,0,39,1,9.2,9,1.9935948324197,18,0.110656596492033,42,7
46,20,4,"","3,4,8,9,14,16,17,19,23,40,46",7,2196.43,35,0,3420.21,NaN,NaN,NaN,NaN,0,0
