parameter_set_id,scenario_id,candidate_branch,sample_count,mean_PL_simple_sum,mean_PL_independent_union,mean_abs_difference,max_abs_difference,relative_difference_mean,PL_sum_exceeds_one_count,candidate_probability_equals_simple_sum,candidate_probability_equals_union,difference_material,recommended_fix,note
benchmark_calibrated_seed,wind_speed_11_28,1,234,0.889561460659029,0.887843359571728,0.00171810108730092,0.00199284952682799,0.00175559127358084,207,1,0,1,need_manual_paper_confirmation,"Simple-sum and independent-union differ materially, but paper union requirement is not confirmed."
benchmark_calibrated_seed,wind_speed_11_28,2,77,0.647531735511823,0.646300889578904,0.0012308459329191,0.001990075265345,0.00136651193045021,49,1,0,1,need_manual_paper_confirmation,"Simple-sum and independent-union differ materially, but paper union requirement is not confirmed."
benchmark_calibrated_seed,wind_speed_11_28,3,462,0.954055042076426,0.95223282758489,0.00182221449153503,0.00199166307148302,0.00184962539824839,438,1,0,1,need_manual_paper_confirmation,"Simple-sum and independent-union differ materially, but paper union requirement is not confirmed."
benchmark_calibrated_seed,wind_speed_11_28,4,99,0.71843961011943,0.717061499628635,0.00137811049079539,0.00198425105704603,0.00149753990190665,68,1,0,1,need_manual_paper_confirmation,"Simple-sum and independent-union differ materially, but paper union requirement is not confirmed."
benchmark_calibrated_seed,wind_speed_11_28,5,31,0.001575046477,0.00157452330192165,5.23175078349924e-07,5.23175078349924e-07,0.000332164850999457,0,1,0,0,no_fix_required,"Simple-sum and union difference is diagnostic only; available extracted paper formula does not confirm union."
benchmark_calibrated_seed,wind_speed_11_28,6,168,0.746509957301855,0.745209545415639,0.00130041188621618,0.00199019204857998,0.00146098119125952,81,1,0,1,need_manual_paper_confirmation,"Simple-sum and independent-union differ materially, but paper union requirement is not confirmed."
benchmark_calibrated_seed,wind_speed_11_28,7,74,0.561122678611774,0.560020167015874,0.00110251159589992,0.00199444690054995,0.0012549514075844,41,1,0,1,need_manual_paper_confirmation,"Simple-sum and independent-union differ materially, but paper union requirement is not confirmed."
benchmark_calibrated_seed,wind_speed_11_28,8,331,0.73014720023075,0.72891778257598,0.00122941765477108,0.00199169117896802,0.00147060881358922,168,1,0,1,need_manual_paper_confirmation,"Simple-sum and independent-union differ materially, but paper union requirement is not confirmed."
benchmark_calibrated_seed,wind_speed_11_28,9,139,0.732200337291426,0.730868168799465,0.00133216849196178,0.00199427553720799,0.00149965946074231,88,1,0,1,need_manual_paper_confirmation,"Simple-sum and independent-union differ materially, but paper union requirement is not confirmed."
benchmark_calibrated_seed,wind_speed_11_28,10,123,0.690675466157805,0.689403448788835,0.00127201736897021,0.00198970708173696,0.00144836581084297,74,1,0,1,need_manual_paper_confirmation,"Simple-sum and independent-union differ materially, but paper union requirement is not confirmed."
benchmark_calibrated_seed,wind_speed_11_28,11,59,0.378240281009364,0.377812223794907,0.000428057214456491,0.00189895004999996,0.000729932959661796,1,1,0,1,need_manual_paper_confirmation,"Simple-sum and independent-union differ materially, but paper union requirement is not confirmed."
benchmark_calibrated_seed,wind_speed_11_28,12,158,0.79119038403186,0.789890126142249,0.00130025788961036,0.00199221901339297,0.001378289414934,75,1,0,1,need_manual_paper_confirmation,"Simple-sum and independent-union differ materially, but paper union requirement is not confirmed."
benchmark_calibrated_seed,wind_speed_11_28,13,381,0.920470627859544,0.918703793109561,0.00176683474998163,0.00198428872386203,0.00181059046714487,346,1,0,1,need_manual_paper_confirmation,"Simple-sum and independent-union differ materially, but paper union requirement is not confirmed."
benchmark_calibrated_seed,wind_speed_11_28,14,301,0.648434875010821,0.647429672660108,0.00100520235071356,0.00199498775975404,0.00133362369094421,79,1,0,1,need_manual_paper_confirmation,"Simple-sum and independent-union differ materially, but paper union requirement is not confirmed."
benchmark_calibrated_seed,wind_speed_11_28,15,63,0.56648304725898,0.565410864625924,0.0010721826330559,0.00198758693638101,0.00108778311669746,27,1,0,1,need_manual_paper_confirmation,"Simple-sum and independent-union differ materially, but paper union requirement is not confirmed."
benchmark_calibrated_seed,wind_speed_11_28,16,132,0.773537640113496,0.772066401718044,0.00147123839545186,0.001992599434542,0.00152391380600599,93,1,0,1,need_manual_paper_confirmation,"Simple-sum and independent-union differ materially, but paper union requirement is not confirmed."
benchmark_calibrated_seed,wind_speed_11_28,17,141,0.765293562726744,0.763820632613013,0.00147293011373102,0.00199433355302803,0.00160600652204415,102,1,0,1,need_manual_paper_confirmation,"Simple-sum and independent-union differ materially, but paper union requirement is not confirmed."
benchmark_calibrated_seed,wind_speed_11_28,18,330,0.939031231982116,0.937224575782494,0.00180665619962233,0.00199489021564203,0.00181834416204496,295,1,0,1,need_manual_paper_confirmation,"Simple-sum and independent-union differ materially, but paper union requirement is not confirmed."
benchmark_calibrated_seed,wind_speed_11_28,19,319,0.733640730550685,0.73252593822351,0.00111479232717509,0.00199123864724104,0.00137287393369241,110,1,0,1,need_manual_paper_confirmation,"Simple-sum and independent-union differ materially, but paper union requirement is not confirmed."
benchmark_calibrated_seed,wind_speed_11_28,20,112,0.671301257050393,0.670131483613198,0.00116977343719418,0.00199271752124996,0.00141917579397503,55,1,0,1,need_manual_paper_confirmation,"Simple-sum and independent-union differ materially, but paper union requirement is not confirmed."
benchmark_calibrated_seed,wind_speed_11_28,21,36,0.2788792724195,0.27834483196399,0.00053444045551011,0.00198062017921796,0.000755878879176863,10,1,0,1,need_manual_paper_confirmation,"Simple-sum and independent-union differ materially, but paper union requirement is not confirmed."
benchmark_calibrated_seed,wind_speed_11_28,22,38,0.245389323548837,0.244940514595463,0.000448808953374348,0.00197348087650595,0.000711318707853448,8,1,0,1,need_manual_paper_confirmation,"Simple-sum and independent-union differ materially, but paper union requirement is not confirmed."
benchmark_calibrated_seed,wind_speed_11_28,23,337,0.770300606933828,0.76916640682568,0.00113420010814856,0.00199302448559702,0.00134154012847728,116,1,0,1,need_manual_paper_confirmation,"Simple-sum and independent-union differ materially, but paper union requirement is not confirmed."
benchmark_calibrated_seed,wind_speed_11_28,24,59,0.449119312215346,0.448466977074773,0.00065233514057315,0.001994830593536,0.000842013167605904,7,1,0,1,need_manual_paper_confirmation,"Simple-sum and independent-union differ materially, but paper union requirement is not confirmed."
benchmark_calibrated_seed,wind_speed_11_28,25,127,0.661737310075509,0.660527963914387,0.00120934616112174,0.00197590016309801,0.00139285125763303,74,1,0,1,need_manual_paper_confirmation,"Simple-sum and independent-union differ materially, but paper union requirement is not confirmed."
benchmark_calibrated_seed,wind_speed_11_28,26,56,0.397544938748784,0.396900643764195,0.000644294984589058,0.00196650969012102,0.000952997939776307,14,1,0,1,need_manual_paper_confirmation,"Simple-sum and independent-union differ materially, but paper union requirement is not confirmed."
benchmark_calibrated_seed,wind_speed_11_28,27,429,0.875087781693868,0.873551799786035,0.00153598190783191,0.00199453667077798,0.00162478154791436,280,1,0,1,need_manual_paper_confirmation,"Simple-sum and independent-union differ materially, but paper union requirement is not confirmed."
benchmark_calibrated_seed,wind_speed_11_28,28,61,0.525337058683885,0.52430305483498,0.00103400384890505,0.00197513243116498,0.00119074531046922,32,1,0,1,need_manual_paper_confirmation,"Simple-sum and independent-union differ materially, but paper union requirement is not confirmed."
benchmark_calibrated_seed,wind_speed_11_28,29,61,0.509031705213115,0.508019089826165,0.00101261538694932,0.00199386958288605,0.00120291884685416,31,1,0,1,need_manual_paper_confirmation,"Simple-sum and independent-union differ materially, but paper union requirement is not confirmed."
benchmark_calibrated_seed,wind_speed_11_28,30,90,0.612613334665345,0.611549139792952,0.00106419487239335,0.00198712750416596,0.00127506358185661,41,1,0,1,need_manual_paper_confirmation,"Simple-sum and independent-union differ materially, but paper union requirement is not confirmed."
benchmark_calibrated_seed,wind_speed_11_28,31,109,0.743550783709138,0.742110977882367,0.00143980582677008,0.00197899270544699,0.0015372567583401,81,1,0,1,need_manual_paper_confirmation,"Simple-sum and independent-union differ materially, but paper union requirement is not confirmed."
benchmark_calibrated_seed,wind_speed_11_28,32,28,0.001612970515,0.00161240566140397,5.64853596030004e-07,5.64853596030004e-07,0.000350194619664206,0,1,0,0,no_fix_required,"Simple-sum and union difference is diagnostic only; available extracted paper formula does not confirm union."
benchmark_calibrated_seed,wind_speed_11_28,33,29,0.0878212730797741,0.0876938802328716,0.000127392846902495,0.00198458784959699,0.000167484779329205,1,1,0,1,need_manual_paper_confirmation,"Simple-sum and independent-union differ materially, but paper union requirement is not confirmed."
benchmark_calibrated_seed,wind_speed_11_28,34,30,0.001123950025,0.00112392260492256,2.7420077439947e-08,2.7420077439947e-08,2.43961713866656e-05,0,1,0,0,no_fix_required,"Simple-sum and union difference is diagnostic only; available extracted paper formula does not confirm union."
benchmark_calibrated_seed,wind_speed_11_28,35,60,0.5340855871732,0.533024846433317,0.00106074073988297,0.00198845175732698,0.00122368546313758,32,1,0,1,need_manual_paper_confirmation,"Simple-sum and independent-union differ materially, but paper union requirement is not confirmed."
benchmark_calibrated_seed,wind_speed_11_28,36,59,0.526220939394847,0.525179232829291,0.00104170656555611,0.00198270269989897,0.00122174303235496,31,1,0,1,need_manual_paper_confirmation,"Simple-sum and independent-union differ materially, but paper union requirement is not confirmed."
benchmark_calibrated_seed,wind_speed_11_28,37,31,0.0374567562818373,0.0374167991076836,3.99571741537734e-05,0.000611352569624968,0.000392684682676185,0,1,0,0,no_fix_required,"Simple-sum and union difference is diagnostic only; available extracted paper formula does not confirm union."
benchmark_calibrated_seed,wind_speed_11_28,38,92,0.696101161940826,0.694753347049404,0.00134781489142173,0.00197532783296706,0.00143299427679046,64,1,0,1,need_manual_paper_confirmation,"Simple-sum and independent-union differ materially, but paper union requirement is not confirmed."
benchmark_calibrated_seed,wind_speed_11_28,39,27,0.001543110445,0.00154262236762093,4.88077379070043e-07,4.88077379070043e-07,0.0003162945210121,0,1,0,0,no_fix_required,"Simple-sum and union difference is diagnostic only; available extracted paper formula does not confirm union."
benchmark_calibrated_seed,wind_speed_11_28,40,201,0.902570991882688,0.900828504151805,0.00174248773088387,0.00199230619653201,0.00178530333139207,178,1,0,1,need_manual_paper_confirmation,"Simple-sum and independent-union differ materially, but paper union requirement is not confirmed."
benchmark_calibrated_seed,wind_speed_11_28,41,30,0.001555086457,0.00155458521798368,5.01239016319948e-07,5.01239016319948e-07,0.000322322282509562,0,1,0,0,no_fix_required,"Simple-sum and union difference is diagnostic only; available extracted paper formula does not confirm union."
benchmark_calibrated_seed,wind_speed_11_28,42,218,0.926730333548844,0.924941192897992,0.00178914065085283,0.001992870120054,0.0018176323484659,202,1,0,1,need_manual_paper_confirmation,"Simple-sum and independent-union differ materially, but paper union requirement is not confirmed."
benchmark_calibrated_seed,wind_speed_11_28,43,27,0.001575046477,0.00157452330192165,5.23175078349924e-07,5.23175078349924e-07,0.000332164850999457,0,1,0,0,no_fix_required,"Simple-sum and union difference is diagnostic only; available extracted paper formula does not confirm union."
benchmark_calibrated_seed,wind_speed_11_28,44,29,0.001123950025,0.00112392260492256,2.7420077439947e-08,2.7420077439947e-08,2.43961713866656e-05,0,1,0,0,no_fix_required,"Simple-sum and union difference is diagnostic only; available extracted paper formula does not confirm union."
benchmark_calibrated_seed,wind_speed_11_28,45,27,0.001550096452,0.00154960069699928,4.95755000720025e-07,4.95755000720025e-07,0.000319822034351721,0,1,0,0,no_fix_required,"Simple-sum and union difference is diagnostic only; available extracted paper formula does not confirm union."
benchmark_calibrated_seed,wind_speed_11_28,46,26,0.001512172414,0.00151171833751695,4.54076483050138e-07,4.54076483050138e-07,0.000300280893135072,0,1,0,0,no_fix_required,"Simple-sum and union difference is diagnostic only; available extracted paper formula does not confirm union."
benchmark_calibrated_seed,wind_speed_12_00,1,259,0.903623178034556,0.901885013674738,0.00173816435981846,0.00199469196055102,0.00176830475778179,234,1,0,1,need_manual_paper_confirmation,"Simple-sum and independent-union differ materially, but paper union requirement is not confirmed."
benchmark_calibrated_seed,wind_speed_12_00,2,106,0.745710901770887,0.744279717492742,0.00143118427814488,0.00198411206821802,0.00152781436291933,79,1,0,1,need_manual_paper_confirmation,"Simple-sum and independent-union differ materially, but paper union requirement is not confirmed."
benchmark_calibrated_seed,wind_speed_12_00,3,549,0.965986144917228,0.964177340265987,0.00180880465123957,0.00199407189700795,0.00183127338789212,491,1,0,1,need_manual_paper_confirmation,"Simple-sum and independent-union differ materially, but paper union requirement is not confirmed."
benchmark_calibrated_seed,wind_speed_12_00,4,123,0.786510999211531,0.78500517780898,0.00150582140255042,0.00198962103192601,0.00157524772726521,95,1,0,1,need_manual_paper_confirmation,"Simple-sum and independent-union differ materially, but paper union requirement is not confirmed."
benchmark_calibrated_seed,wind_speed_12_00,5,30,0.001575046477,0.00157452330192165,5.23175078349924e-07,5.23175078349924e-07,0.000332164850999457,0,1,0,0,no_fix_required,"Simple-sum and union difference is diagnostic only; available extracted paper formula does not confirm union."
benchmark_calibrated_seed,wind_speed_12_00,6,204,0.777856040181556,0.776462846686415,0.00139319349514126,0.00199452154685598,0.00153293963271314,124,1,0,1,need_manual_paper_confirmation,"Simple-sum and independent-union differ materially, but paper union requirement is not confirmed."
benchmark_calibrated_seed,wind_speed_12_00,7,77,0.615928650919391,0.614735853854475,0.001192797064916,0.00199424639928902,0.00132861246400805,45,1,0,1,need_manual_paper_confirmation,"Simple-sum and independent-union differ materially, but paper union requirement is not confirmed."
benchmark_calibrated_seed,wind_speed_12_00,8,369,0.783508502731876,0.782311698311107,0.00119680442077026,0.00198931304864203,0.00137664937767881,147,1,0,1,need_manual_paper_confirmation,"Simple-sum and independent-union differ materially, but paper union requirement is not confirmed."
benchmark_calibrated_seed,wind_speed_12_00,9,130,0.706238441322866,0.704945652152408,0.00129278917045873,0.00199488083076405,0.00146357200810021,79,1,0,1,need_manual_paper_confirmation,"Simple-sum and independent-union differ materially, but paper union requirement is not confirmed."
benchmark_calibrated_seed,wind_speed_12_00,10,125,0.724207593901593,0.722969151259952,0.00123844264164067,0.001993263479248,0.00142054297984934,64,1,0,1,need_manual_paper_confirmation,"Simple-sum and independent-union differ materially, but paper union requirement is not confirmed."
benchmark_calibrated_seed,wind_speed_12_00,11,76,0.56357964648286,0.562503153361832,0.00107649312102786,0.00199461994517303,0.0012886851109124,39,1,0,1,need_manual_paper_confirmation,"Simple-sum and independent-union differ materially, but paper union requirement is not confirmed."
benchmark_calibrated_seed,wind_speed_12_00,12,152,0.776337727740897,0.77486075862014,0.00147696912075728,0.00199329142113402,0.0015652995580405,105,1,0,1,need_manual_paper_confirmation,"Simple-sum and independent-union differ materially, but paper union requirement is not confirmed."
benchmark_calibrated_seed,wind_speed_12_00,13,412,0.933680858261321,0.931878027030532,0.00180283123078815,0.00199459223096599,0.00183177973522979,383,1,0,1,need_manual_paper_confirmation,"Simple-sum and independent-union differ materially, but paper union requirement is not confirmed."
benchmark_calibrated_seed,wind_speed_12_00,14,399,0.759818907828353,0.75871862380019,0.00110028402816456,0.00199267243745604,0.00131622799462445,121,1,0,1,need_manual_paper_confirmation,"Simple-sum and independent-union differ materially, but paper union requirement is not confirmed."
benchmark_calibrated_seed,wind_speed_12_00,15,53,0.43696899610111,0.436125639806527,0.000843356294582809,0.00198983303918598,0.000873716088187656,22,1,0,1,need_manual_paper_confirmation,"Simple-sum and independent-union differ materially, but paper union requirement is not confirmed."
benchmark_calibrated_seed,wind_speed_12_00,16,149,0.754348279209623,0.753012183788627,0.00133609542099556,0.001989091419761,0.00141093107239008,85,1,0,1,need_manual_paper_confirmation,"Simple-sum and independent-union differ materially, but paper union requirement is not confirmed."
benchmark_calibrated_seed,wind_speed_12_00,17,156,0.758319072152569,0.756939026801062,0.00138004535150672,0.00198538300502404,0.001527955034135,98,1,0,1,need_manual_paper_confirmation,"Simple-sum and independent-union differ materially, but paper union requirement is not confirmed."
benchmark_calibrated_seed,wind_speed_12_00,18,350,0.922211152292715,0.920477446081448,0.00173370621126656,0.001992906887475,0.00176692688505573,290,1,0,1,need_manual_paper_confirmation,"Simple-sum and independent-union differ materially, but paper union requirement is not confirmed."
benchmark_calibrated_seed,wind_speed_12_00,19,322,0.731276067274193,0.730205135726092,0.00107093154810107,0.00199371260507597,0.00133627086952258,103,1,0,1,need_manual_paper_confirmation,"Simple-sum and independent-union differ materially, but paper union requirement is not confirmed."
benchmark_calibrated_seed,wind_speed_12_00,20,115,0.663188478436991,0.662054714464508,0.00113376397248261,0.00199103811220003,0.00141411401381684,53,1,0,1,need_manual_paper_confirmation,"Simple-sum and independent-union differ materially, but paper union requirement is not confirmed."
benchmark_calibrated_seed,wind_speed_12_00,21,36,0.30661468501875,0.306026998103015,0.000587686915734802,0.00197474975829304,0.000800608476952833,11,1,0,1,need_manual_paper_confirmation,"Simple-sum and independent-union differ materially, but paper union requirement is not confirmed."
benchmark_calibrated_seed,wind_speed_12_00,22,37,0.295286718639395,0.294758990933999,0.00052772770539646,0.00196047883846995,0.000784754658610854,9,1,0,1,need_manual_paper_confirmation,"Simple-sum and independent-union differ materially, but paper union requirement is not confirmed."
benchmark_calibrated_seed,wind_speed_12_00,23,375,0.774257152995778,0.773060886851257,0.00119626614451998,0.00199491623938297,0.00140193122326394,106,1,0,1,need_manual_paper_confirmation,"Simple-sum and independent-union differ materially, but paper union requirement is not confirmed."
benchmark_calibrated_seed,wind_speed_12_00,24,65,0.466447745478032,0.465825471555807,0.000622273922224977,0.00198547056903298,0.000856321710111204,6,1,0,1,need_manual_paper_confirmation,"Simple-sum and independent-union differ materially, but paper union requirement is not confirmed."
benchmark_calibrated_seed,wind_speed_12_00,25,156,0.735651203698921,0.734299932157981,0.00135127154094027,0.00199470575794602,0.00151305364391778,102,1,0,1,need_manual_paper_confirmation,"Simple-sum and independent-union differ materially, but paper union requirement is not confirmed."
benchmark_calibrated_seed,wind_speed_12_00,26,50,0.333813247223436,0.333277522772391,0.000535724451045013,0.00199142132561103,0.000906103708424069,10,1,0,1,need_manual_paper_confirmation,"Simple-sum and independent-union differ materially, but paper union requirement is not confirmed."
benchmark_calibrated_seed,wind_speed_12_00,27,484,0.894027188126059,0.892438213434652,0.00158897469140758,0.00199418537107998,0.00165590724211598,324,1,0,1,need_manual_paper_confirmation,"Simple-sum and independent-union differ materially, but paper union requirement is not confirmed."
benchmark_calibrated_seed,wind_speed_12_00,28,61,0.508969371052295,0.507967326940722,0.00100204411157304,0.00197367257066605,0.00116419045112217,31,1,0,1,need_manual_paper_confirmation,"Simple-sum and independent-union differ materially, but paper union requirement is not confirmed."
benchmark_calibrated_seed,wind_speed_12_00,29,56,0.546077572995375,0.545463079375794,0.000614493619581408,0.00196927359913501,0.000796297656911846,1,1,0,1,need_manual_paper_confirmation,"Simple-sum and independent-union differ materially, but paper union requirement is not confirmed."
benchmark_calibrated_seed,wind_speed_12_00,30,97,0.674731651931084,0.673571369070472,0.00116028286061255,0.00198749316069702,0.00134691498356682,47,1,0,1,need_manual_paper_confirmation,"Simple-sum and independent-union differ materially, but paper union requirement is not confirmed."
benchmark_calibrated_seed,wind_speed_12_00,31,137,0.79623043657311,0.79469453367088,0.00153590290223055,0.00199106665987303,0.00162357239349949,108,1,0,1,need_manual_paper_confirmation,"Simple-sum and independent-union differ materially, but paper union requirement is not confirmed."
benchmark_calibrated_seed,wind_speed_12_00,32,30,0.001612970515,0.00161240566140397,5.64853596030004e-07,5.64853596030004e-07,0.000350194619664206,0,1,0,0,no_fix_required,"Simple-sum and union difference is diagnostic only; available extracted paper formula does not confirm union."
benchmark_calibrated_seed,wind_speed_12_00,33,30,0.097738157768634,0.0976081634358873,0.000129994332746699,0.00181122677404999,0.000226628419441306,0,1,0,1,need_manual_paper_confirmation,"Simple-sum and independent-union differ materially, but paper union requirement is not confirmed."
benchmark_calibrated_seed,wind_speed_12_00,34,26,0.001123950025,0.00112392260492256,2.7420077439947e-08,2.7420077439947e-08,2.43961713866656e-05,0,1,0,0,no_fix_required,"Simple-sum and union difference is diagnostic only; available extracted paper formula does not confirm union."
benchmark_calibrated_seed,wind_speed_12_00,35,58,0.535233159618586,0.534170513175504,0.00106264644308202,0.00199053158854401,0.00122518982465373,31,1,0,1,need_manual_paper_confirmation,"Simple-sum and independent-union differ materially, but paper union requirement is not confirmed."
benchmark_calibrated_seed,wind_speed_12_00,36,62,0.516941856410645,0.515917212295213,0.00102464411543182,0.00198525455809995,0.00120820664206428,32,1,0,1,need_manual_paper_confirmation,"Simple-sum and independent-union differ materially, but paper union requirement is not confirmed."
benchmark_calibrated_seed,wind_speed_12_00,37,28,0.0790208365487317,0.0789065876699717,0.000114248878759988,0.00189895004999996,0.000479715151326735,1,1,0,1,need_manual_paper_confirmation,"Simple-sum and independent-union differ materially, but paper union requirement is not confirmed."
benchmark_calibrated_seed,wind_speed_12_00,38,94,0.73443490595133,0.733011268884865,0.00142363706646522,0.00197705841860196,0.00149807193969777,69,1,0,1,need_manual_paper_confirmation,"Simple-sum and independent-union differ materially, but paper union requirement is not confirmed."
benchmark_calibrated_seed,wind_speed_12_00,39,30,0.001543110445,0.00154262236762093,4.88077379070043e-07,4.88077379070043e-07,0.0003162945210121,0,1,0,0,no_fix_required,"Simple-sum and union difference is diagnostic only; available extracted paper formula does not confirm union."
benchmark_calibrated_seed,wind_speed_12_00,40,252,0.89695280176713,0.895225910689049,0.00172689107808093,0.00199061684173696,0.00176479564375627,223,1,0,1,need_manual_paper_confirmation,"Simple-sum and independent-union differ materially, but paper union requirement is not confirmed."
benchmark_calibrated_seed,wind_speed_12_00,41,33,0.001555086457,0.00155458521798368,5.01239016319948e-07,5.01239016319948e-07,0.000322322282509562,0,1,0,0,no_fix_required,"Simple-sum and union difference is diagnostic only; available extracted paper formula does not confirm union."
benchmark_calibrated_seed,wind_speed_12_00,42,266,0.939951927494917,0.938139905925064,0.0018120215698537,0.00199058460145696,0.00183537190849901,250,1,0,1,need_manual_paper_confirmation,"Simple-sum and independent-union differ materially, but paper union requirement is not confirmed."
benchmark_calibrated_seed,wind_speed_12_00,43,30,0.001575046477,0.00157452330192165,5.23175078349924e-07,5.23175078349924e-07,0.000332164850999457,0,1,0,0,no_fix_required,"Simple-sum and union difference is diagnostic only; available extracted paper formula does not confirm union."
benchmark_calibrated_seed,wind_speed_12_00,44,26,0.0163560242905752,0.0163392568208798,1.67674696953094e-05,0.000435268710142045,6.56101220835143e-05,0,1,0,0,no_fix_required,"Simple-sum and union difference is diagnostic only; available extracted paper formula does not confirm union."
benchmark_calibrated_seed,wind_speed_12_00,45,28,0.0372090215787143,0.0371387818698778,7.02397088365151e-05,0.00195332646240298,0.000378161478210695,1,1,0,1,need_manual_paper_confirmation,"Simple-sum and independent-union differ materially, but paper union requirement is not confirmed."
benchmark_calibrated_seed,wind_speed_12_00,46,34,0.0454588583892377,0.0453865249648079,7.23334244297841e-05,0.00189957816103803,0.000370739340965166,1,1,0,1,need_manual_paper_confirmation,"Simple-sum and independent-union differ materially, but paper union requirement is not confirmed."
high_hidden_failure,wind_speed_11_28,1,264,0.86942355109717,0.861360673434411,0.00806287766275849,0.00982400882662104,0.00813131107466726,225,1,0,1,need_manual_paper_confirmation,"Simple-sum and independent-union differ materially, but paper union requirement is not confirmed."
high_hidden_failure,wind_speed_11_28,2,104,0.56152397175146,0.556536149957487,0.00498782179397352,0.00986925673191397,0.0052688237780415,54,1,0,1,need_manual_paper_confirmation,"Simple-sum and independent-union differ materially, but paper union requirement is not confirmed."
high_hidden_failure,wind_speed_11_28,3,540,0.931071704482772,0.922639842320575,0.00843186216219713,0.00987531461890501,0.00858329600857599,486,1,0,1,need_manual_paper_confirmation,"Simple-sum and independent-union differ materially, but paper union requirement is not confirmed."
high_hidden_failure,wind_speed_11_28,4,115,0.636279506604252,0.630409452304839,0.00587005429941314,0.00984530879331502,0.00628838962697851,69,1,0,1,need_manual_paper_confirmation,"Simple-sum and independent-union differ materially, but paper union requirement is not confirmed."
high_hidden_failure,wind_speed_11_28,5,39,0.0819069697430272,0.0812768722882223,0.000630097454804901,0.00977625832731999,0.00104581505112054,2,1,0,1,need_manual_paper_confirmation,"Simple-sum and independent-union differ materially, but paper union requirement is not confirmed."
high_hidden_failure,wind_speed_11_28,6,239,0.759792160972091,0.753331057888794,0.00646110308329719,0.00986044946148701,0.00697543342681718,122,1,0,1,need_manual_paper_confirmation,"Simple-sum and independent-union differ materially, but paper union requirement is not confirmed."
high_hidden_failure,wind_speed_11_28,7,100,0.523592064092924,0.519098056714794,0.00449400737812941,0.00984462557234,0.00485029809912298,30,1,0,1,need_manual_paper_confirmation,"Simple-sum and independent-union differ materially, but paper union requirement is not confirmed."
high_hidden_failure,wind_speed_11_28,8,406,0.779547905826946,0.77289576926475,0.00665213656219628,0.00987327847040298,0.00762039555546615,242,1,0,1,need_manual_paper_confirmation,"Simple-sum and independent-union differ materially, but paper union requirement is not confirmed."
high_hidden_failure,wind_speed_11_28,9,174,0.70369354975041,0.697551358286822,0.00614219146358769,0.00986998093427305,0.0067620839738554,92,1,0,1,need_manual_paper_confirmation,"Simple-sum and independent-union differ materially, but paper union requirement is not confirmed."
high_hidden_failure,wind_speed_11_28,10,186,0.739736147002037,0.73295450486035,0.00678164214168712,0.00986685461833503,0.00717145997966616,121,1,0,1,need_manual_paper_confirmation,"Simple-sum and independent-union differ materially, but paper union requirement is not confirmed."
high_hidden_failure,wind_speed_11_28,11,80,0.508006744800808,0.504293969660877,0.00371277513993035,0.00982492665274104,0.00440827162146288,15,1,0,1,need_manual_paper_confirmation,"Simple-sum and independent-union differ materially, but paper union requirement is not confirmed."
high_hidden_failure,wind_speed_11_28,12,189,0.740817025829569,0.734697953634418,0.00611907219515043,0.00984639057347203,0.00652011070951736,90,1,0,1,need_manual_paper_confirmation,"Simple-sum and independent-union differ materially, but paper union requirement is not confirmed."
high_hidden_failure,wind_speed_11_28,13,417,0.90814479496891,0.899795441731506,0.00834935323740415,0.00987537062456101,0.00849981210783931,369,1,0,1,need_manual_paper_confirmation,"Simple-sum and independent-union differ materially, but paper union requirement is not confirmed."
high_hidden_failure,wind_speed_11_28,14,382,0.67201081390397,0.666885908123506,0.00512490578046434,0.00987261398603301,0.00660567073149788,103,1,0,1,need_manual_paper_confirmation,"Simple-sum and independent-union differ materially, but paper union requirement is not confirmed."
high_hidden_failure,wind_speed_11_28,15,90,0.482556042848713,0.478114410467017,0.00444163238169645,0.00983498893444801,0.0045128422309784,36,1,0,1,need_manual_paper_confirmation,"Simple-sum and independent-union differ materially, but paper union requirement is not confirmed."
high_hidden_failure,wind_speed_11_28,16,145,0.725848518441739,0.719260913330338,0.0065876051114005,0.00987479519383805,0.00691485778038946,85,1,0,1,need_manual_paper_confirmation,"Simple-sum and independent-union differ materially, but paper union requirement is not confirmed."
high_hidden_failure,wind_speed_11_28,17,175,0.69373858460718,0.68744872778821,0.0062898568189701,0.00985955373593805,0.00698389989076809,102,1,0,1,need_manual_paper_confirmation,"Simple-sum and independent-union differ materially, but paper union requirement is not confirmed."
high_hidden_failure,wind_speed_11_28,18,368,0.910293103862495,0.901856624699299,0.00843647916319496,0.00984931657385701,0.00846019385832974,287,1,0,1,need_manual_paper_confirmation,"Simple-sum and independent-union differ materially, but paper union requirement is not confirmed."
high_hidden_failure,wind_speed_11_28,19,388,0.730740706484844,0.725062893504806,0.0056778129800376,0.00987056145778797,0.00689610548202068,142,1,0,1,need_manual_paper_confirmation,"Simple-sum and independent-union differ materially, but paper union requirement is not confirmed."
high_hidden_failure,wind_speed_11_28,20,142,0.623510556409572,0.618092915951263,0.00541764045830868,0.00987296743821997,0.00642219636336321,55,1,0,1,need_manual_paper_confirmation,"Simple-sum and independent-union differ materially, but paper union requirement is not confirmed."
high_hidden_failure,wind_speed_11_28,21,47,0.208096676997518,0.206240701052229,0.00185597594528897,0.00975936731722005,0.00222961147157291,9,1,0,1,need_manual_paper_confirmation,"Simple-sum and independent-union differ materially, but paper union requirement is not confirmed."
high_hidden_failure,wind_speed_11_28,22,57,0.134684025947609,0.133533553185816,0.00115047276179325,0.00983718019100899,0.00164743033871122,6,1,0,1,need_manual_paper_confirmation,"Simple-sum and independent-union differ materially, but paper union requirement is not confirmed."
high_hidden_failure,wind_speed_11_28,23,399,0.760854882874568,0.755022147510605,0.00583273536396383,0.00987458075509895,0.00684681234708852,146,1,0,1,need_manual_paper_confirmation,"Simple-sum and independent-union differ materially, but paper union requirement is not confirmed."
high_hidden_failure,wind_speed_11_28,24,92,0.50191591136337,0.498050735226111,0.00386517613725929,0.00984921933384997,0.00441300962544434,21,1,0,1,need_manual_paper_confirmation,"Simple-sum and independent-union differ materially, but paper union requirement is not confirmed."
high_hidden_failure,wind_speed_11_28,25,160,0.666745332311283,0.660948280482471,0.00579705182881218,0.00987119231480105,0.00643967604500599,89,1,0,1,need_manual_paper_confirmation,"Simple-sum and independent-union differ materially, but paper union requirement is not confirmed."
high_hidden_failure,wind_speed_11_28,26,87,0.358380561790838,0.355516299786695,0.00286426200414203,0.00986664715579599,0.00402205254138322,18,1,0,1,need_manual_paper_confirmation,"Simple-sum and independent-union differ materially, but paper union requirement is not confirmed."
high_hidden_failure,wind_speed_11_28,27,439,0.841200143953371,0.833720160590375,0.0074799833629959,0.00986890683219599,0.00792107633005985,271,1,0,1,need_manual_paper_confirmation,"Simple-sum and independent-union differ materially, but paper union requirement is not confirmed."
high_hidden_failure,wind_speed_11_28,28,85,0.555826173051176,0.550491616992581,0.00533455605859507,0.00973336043114803,0.00553157180912533,47,1,0,1,need_manual_paper_confirmation,"Simple-sum and independent-union differ materially, but paper union requirement is not confirmed."
high_hidden_failure,wind_speed_11_28,29,83,0.507908631634754,0.503588111847963,0.00432051978679062,0.00962122666113596,0.00459974409089225,3,1,0,1,need_manual_paper_confirmation,"Simple-sum and independent-union differ materially, but paper union requirement is not confirmed."
high_hidden_failure,wind_speed_11_28,30,94,0.513335731861581,0.508992996805629,0.00434273505595124,0.00982604297456502,0.0049143873014989,34,1,0,1,need_manual_paper_confirmation,"Simple-sum and independent-union differ materially, but paper union requirement is not confirmed."
high_hidden_failure,wind_speed_11_28,31,115,0.585757317945617,0.58040780304925,0.00534951489636662,0.009843878406254,0.00561538182955191,63,1,0,1,need_manual_paper_confirmation,"Simple-sum and independent-union differ materially, but paper union requirement is not confirmed."
high_hidden_failure,wind_speed_11_28,32,44,0.006494862875,0.00649175162615734,3.11124884266011e-06,3.11124884266011e-06,0.000479032260193808,0,1,0,0,no_fix_required,"Simple-sum and union difference is diagnostic only; available extracted paper formula does not confirm union."
high_hidden_failure,wind_speed_11_28,33,47,0.0917626355163276,0.0910237575108747,0.000738878005452863,0.00979643167093303,0.000887356192359823,3,1,0,1,need_manual_paper_confirmation,"Simple-sum and independent-union differ materially, but paper union requirement is not confirmed."
high_hidden_failure,wind_speed_11_28,34,39,0.006009750625,0.00600954274398813,2.07881011869693e-07,2.07881011869693e-07,3.45906219477606e-05,0,1,0,0,no_fix_required,"Simple-sum and union difference is diagnostic only; available extracted paper formula does not confirm union."
high_hidden_failure,wind_speed_11_28,35,92,0.514045916067935,0.50903322129536,0.00501269477257465,0.00983915491766896,0.00524507454367452,47,1,0,1,need_manual_paper_confirmation,"Simple-sum and independent-union differ materially, but paper union requirement is not confirmed."
high_hidden_failure,wind_speed_11_28,36,84,0.530897193876272,0.525761132223136,0.00513606165313562,0.00983384563740097,0.00542891764987417,44,1,0,1,need_manual_paper_confirmation,"Simple-sum and independent-union differ materially, but paper union requirement is not confirmed."
high_hidden_failure,wind_speed_11_28,37,39,0.127240701527184,0.126437414606462,0.000803286920721587,0.00897242277487498,0.00152573393840042,1,1,0,1,need_manual_paper_confirmation,"Simple-sum and independent-union differ materially, but paper union requirement is not confirmed."
high_hidden_failure,wind_speed_11_28,38,125,0.6661363684468,0.659952195792471,0.00618417265432944,0.00970785286988396,0.00630460507413441,83,1,0,1,need_manual_paper_confirmation,"Simple-sum and independent-union differ materially, but paper union requirement is not confirmed."
high_hidden_failure,wind_speed_11_28,39,36,0.006425561125,0.00642286464299024,2.69648200975931e-06,2.69648200975931e-06,0.000419649266002323,0,1,0,0,no_fix_required,"Simple-sum and union difference is diagnostic only; available extracted paper formula does not confirm union."
high_hidden_failure,wind_speed_11_28,40,224,0.859863794709595,0.851826665541617,0.00803712916797796,0.00987196965585602,0.00811570322124842,188,1,0,1,need_manual_paper_confirmation,"Simple-sum and independent-union differ materially, but paper union requirement is not confirmed."
high_hidden_failure,wind_speed_11_28,41,40,0.0118340900542562,0.0117990238497645,3.50662044916913e-05,0.00129471236874901,0.000564773973671165,0,1,0,1,need_manual_paper_confirmation,"Simple-sum and independent-union differ materially, but paper union requirement is not confirmed."
high_hidden_failure,wind_speed_11_28,42,238,0.871759504109162,0.86364165150971,0.00811785259945248,0.009870380831285,0.00820465238453217,207,1,0,1,need_manual_paper_confirmation,"Simple-sum and independent-union differ materially, but paper union requirement is not confirmed."
high_hidden_failure,wind_speed_11_28,43,41,0.006457241925,0.00645435583529519,2.88608970481011e-06,2.88608970481011e-06,0.000446953937661257,0,1,0,0,no_fix_required,"Simple-sum and union difference is diagnostic only; available extracted paper formula does not confirm union."
high_hidden_failure,wind_speed_11_28,44,39,0.006009750625,0.00600954274398813,2.07881011869693e-07,2.07881011869693e-07,3.45906219477606e-05,0,1,0,0,no_fix_required,"Simple-sum and union difference is diagnostic only; available extracted paper formula does not confirm union."
high_hidden_failure,wind_speed_11_28,45,50,0.0217459019532638,0.0216515141467872,9.43878064765875e-05,0.00458523034786795,0.000535904742955074,0,1,0,1,need_manual_paper_confirmation,"Simple-sum and independent-union differ materially, but paper union requirement is not confirmed."
high_hidden_failure,wind_speed_11_28,46,47,0.0275354050234043,0.0273285010893645,0.000206903934039766,0.009608896120333,0.000589024050304039,1,1,0,1,need_manual_paper_confirmation,"Simple-sum and independent-union differ materially, but paper union requirement is not confirmed."
high_hidden_failure,wind_speed_12_00,1,321,0.881807312458419,0.8737577824426,0.00804953001581876,0.00984612724098299,0.00813564748644624,274,1,0,1,need_manual_paper_confirmation,"Simple-sum and independent-union differ materially, but paper union requirement is not confirmed."
high_hidden_failure,wind_speed_12_00,2,139,0.684723517741709,0.678567495693749,0.00615602204796002,0.00981641201556904,0.00636757814017035,89,1,0,1,need_manual_paper_confirmation,"Simple-sum and independent-union differ materially, but paper union requirement is not confirmed."
high_hidden_failure,wind_speed_12_00,3,597,0.940971387957153,0.93265828095801,0.0083131069991422,0.00986843837359996,0.00848051709215359,507,1,0,1,need_manual_paper_confirmation,"Simple-sum and independent-union differ materially, but paper union requirement is not confirmed."
high_hidden_failure,wind_speed_12_00,4,138,0.701927706411514,0.695538996286787,0.00638871012472709,0.00986186544846501,0.00664736387981315,92,1,0,1,need_manual_paper_confirmation,"Simple-sum and independent-union differ materially, but paper union requirement is not confirmed."
high_hidden_failure,wind_speed_12_00,5,42,0.0774245817875,0.076749733786893,0.000674848000606991,0.009748465794995,0.00108719671656655,3,1,0,1,need_manual_paper_confirmation,"Simple-sum and independent-union differ materially, but paper union requirement is not confirmed."
high_hidden_failure,wind_speed_12_00,6,260,0.775313370714754,0.768543455082338,0.00676991563241582,0.00986989153656403,0.00712752824691793,141,1,0,1,need_manual_paper_confirmation,"Simple-sum and independent-union differ materially, but paper union requirement is not confirmed."
high_hidden_failure,wind_speed_12_00,7,100,0.582397067257199,0.577401313453899,0.00499575380329954,0.00986675723713804,0.00527661952510065,27,1,0,1,need_manual_paper_confirmation,"Simple-sum and independent-union differ materially, but paper union requirement is not confirmed."
high_hidden_failure,wind_speed_12_00,8,428,0.781527568533657,0.775315351692003,0.0062122168416531,0.009869050408291,0.00716061921481807,193,1,0,1,need_manual_paper_confirmation,"Simple-sum and independent-union differ materially, but paper union requirement is not confirmed."
high_hidden_failure,wind_speed_12_00,9,133,0.709707899772674,0.703568339253484,0.00613956051919019,0.00981993461578301,0.0064562041532591,70,1,0,1,need_manual_paper_confirmation,"Simple-sum and independent-union differ materially, but paper union requirement is not confirmed."
high_hidden_failure,wind_speed_12_00,10,163,0.719859980711711,0.713725907021603,0.00613407369010768,0.00987392432054301,0.00673925106813792,81,1,0,1,need_manual_paper_confirmation,"Simple-sum and independent-union differ materially, but paper union requirement is not confirmed."
high_hidden_failure,wind_speed_12_00,11,103,0.476313629039164,0.472436527453901,0.00387710158526242,0.00976387313702098,0.00447342883283588,11,1,0,1,need_manual_paper_confirmation,"Simple-sum and independent-union differ materially, but paper union requirement is not confirmed."
high_hidden_failure,wind_speed_12_00,12,179,0.732451311424854,0.725819745861105,0.0066315655637488,0.00984986849476799,0.00698928064067383,82,1,0,1,need_manual_paper_confirmation,"Simple-sum and independent-union differ materially, but paper union requirement is not confirmed."
high_hidden_failure,wind_speed_12_00,13,428,0.91073970996362,0.902307098134791,0.00843261182882894,0.00985472383372599,0.00854274133337641,384,1,0,1,need_manual_paper_confirmation,"Simple-sum and independent-union differ materially, but paper union requirement is not confirmed."
high_hidden_failure,wind_speed_12_00,14,445,0.751062836089773,0.745391756180686,0.00567107990908725,0.00987549862415504,0.00675512757344208,143,1,0,1,need_manual_paper_confirmation,"Simple-sum and independent-union differ materially, but paper union requirement is not confirmed."
high_hidden_failure,wind_speed_12_00,15,69,0.37614106814315,0.372591421359346,0.00354964678380436,0.00984838680558198,0.00368010753436543,25,1,0,1,need_manual_paper_confirmation,"Simple-sum and independent-union differ materially, but paper union requirement is not confirmed."
high_hidden_failure,wind_speed_12_00,16,172,0.71756050283605,0.711165454263667,0.00639504857238332,0.00986539075705495,0.0067043207978298,95,1,0,1,need_manual_paper_confirmation,"Simple-sum and independent-union differ materially, but paper union requirement is not confirmed."
high_hidden_failure,wind_speed_12_00,17,190,0.71319315868933,0.706883603703892,0.00630955498543792,0.00982012493862505,0.00690889061288959,107,1,0,1,need_manual_paper_confirmation,"Simple-sum and independent-union differ materially, but paper union requirement is not confirmed."
high_hidden_failure,wind_speed_12_00,18,384,0.900696561532546,0.892399880994913,0.00829668053763297,0.00987086851781205,0.00841160170417985,285,1,0,1,need_manual_paper_confirmation,"Simple-sum and independent-union differ materially, but paper union requirement is not confirmed."
high_hidden_failure,wind_speed_12_00,19,385,0.712793460299226,0.707427179333348,0.0053662809658772,0.00987424574850504,0.00667996962982897,122,1,0,1,need_manual_paper_confirmation,"Simple-sum and independent-union differ materially, but paper union requirement is not confirmed."
high_hidden_failure,wind_speed_12_00,20,132,0.640392819402142,0.634812828525719,0.00557999087642326,0.00985975084276403,0.00644245852825561,60,1,0,1,need_manual_paper_confirmation,"Simple-sum and independent-union differ materially, but paper union requirement is not confirmed."
high_hidden_failure,wind_speed_12_00,21,48,0.275505644242187,0.273012512540211,0.00249313170197637,0.00970280201295903,0.00278595184446095,13,1,0,1,need_manual_paper_confirmation,"Simple-sum and independent-union differ materially, but paper union requirement is not confirmed."
high_hidden_failure,wind_speed_12_00,22,56,0.227370711869626,0.22537974324894,0.00199096862068604,0.00984505532665303,0.00244588892773846,11,1,0,1,need_manual_paper_confirmation,"Simple-sum and independent-union differ materially, but paper union requirement is not confirmed."
high_hidden_failure,wind_speed_12_00,23,413,0.778245899315909,0.772472367412057,0.00577353190385204,0.00987283572305797,0.00670095277729776,98,1,0,1,need_manual_paper_confirmation,"Simple-sum and independent-union differ materially, but paper union requirement is not confirmed."
high_hidden_failure,wind_speed_12_00,24,80,0.433399404375465,0.429875007840135,0.00352439653532994,0.00981672321089599,0.00411637784255496,22,1,0,1,need_manual_paper_confirmation,"Simple-sum and independent-union differ materially, but paper union requirement is not confirmed."
high_hidden_failure,wind_speed_12_00,25,175,0.670908366751429,0.664937828396245,0.00597053835518344,0.00986873605088201,0.00657427429571214,102,1,0,1,need_manual_paper_confirmation,"Simple-sum and independent-union differ materially, but paper union requirement is not confirmed."
high_hidden_failure,wind_speed_12_00,26,75,0.454961988564096,0.451144662939503,0.00381732562459249,0.00985178387849495,0.00458061921138628,25,1,0,1,need_manual_paper_confirmation,"Simple-sum and independent-union differ materially, but paper union requirement is not confirmed."
high_hidden_failure,wind_speed_12_00,27,511,0.869521109673927,0.861897656600347,0.00762345307357898,0.00987324589748795,0.00803775311493414,322,1,0,1,need_manual_paper_confirmation,"Simple-sum and independent-union differ materially, but paper union requirement is not confirmed."
high_hidden_failure,wind_speed_12_00,28,85,0.509071033372353,0.504193255187036,0.0048777781853165,0.00976207619417102,0.00509553243590257,43,1,0,1,need_manual_paper_confirmation,"Simple-sum and independent-union differ materially, but paper union requirement is not confirmed."
high_hidden_failure,wind_speed_12_00,29,84,0.520931340608902,0.517750465229385,0.00318087537951662,0.00975660708840798,0.0035403940159537,2,1,0,1,need_manual_paper_confirmation,"Simple-sum and independent-union differ materially, but paper union requirement is not confirmed."
high_hidden_failure,wind_speed_12_00,30,119,0.575090844211407,0.570170801018642,0.00492004319276465,0.00986815936048702,0.00561010978805773,49,1,0,1,need_manual_paper_confirmation,"Simple-sum and independent-union differ materially, but paper union requirement is not confirmed."
high_hidden_failure,wind_speed_12_00,31,151,0.660199750634455,0.654158172955739,0.00604157767871572,0.00986246361522802,0.00628161453580161,95,1,0,1,need_manual_paper_confirmation,"Simple-sum and independent-union differ materially, but paper union requirement is not confirmed."
high_hidden_failure,wind_speed_12_00,32,43,0.006494862875,0.00649175162615734,3.11124884266011e-06,3.11124884266011e-06,0.000479032260193808,0,1,0,0,no_fix_required,"Simple-sum and union difference is diagnostic only; available extracted paper formula does not confirm union."
high_hidden_failure,wind_speed_12_00,33,42,0.122004696595255,0.121181952595386,0.000822743999869775,0.00967462889016901,0.00127954371901693,1,1,0,1,need_manual_paper_confirmation,"Simple-sum and independent-union differ materially, but paper union requirement is not confirmed."
high_hidden_failure,wind_speed_12_00,34,41,0.006009750625,0.00600954274398813,2.07881011869693e-07,2.07881011869693e-07,3.45906219477606e-05,0,1,0,0,no_fix_required,"Simple-sum and union difference is diagnostic only; available extracted paper formula does not confirm union."
high_hidden_failure,wind_speed_12_00,35,86,0.503246936425,0.498349580893163,0.00489735553183729,0.00985936852121505,0.00513489929785049,43,1,0,1,need_manual_paper_confirmation,"Simple-sum and independent-union differ materially, but paper union requirement is not confirmed."
high_hidden_failure,wind_speed_12_00,36,84,0.550587207058333,0.545226146163817,0.00536106089451636,0.00981163463426604,0.00560135980717592,46,1,0,1,need_manual_paper_confirmation,"Simple-sum and independent-union differ materially, but paper union requirement is not confirmed."
high_hidden_failure,wind_speed_12_00,37,45,0.0849044318353473,0.084230494491764,0.000673937343583326,0.00897242277487498,0.00115621930502386,3,1,0,1,need_manual_paper_confirmation,"Simple-sum and independent-union differ materially, but paper union requirement is not confirmed."
high_hidden_failure,wind_speed_12_00,38,132,0.713951614379924,0.707312280548881,0.0066393338310435,0.009738308578224,0.00674251817340887,94,1,0,1,need_manual_paper_confirmation,"Simple-sum and independent-union differ materially, but paper union requirement is not confirmed."
high_hidden_failure,wind_speed_12_00,39,40,0.006425561125,0.00642286464299024,2.69648200975931e-06,2.69648200975931e-06,0.000419649266002323,0,1,0,0,no_fix_required,"Simple-sum and union difference is diagnostic only; available extracted paper formula does not confirm union."
high_hidden_failure,wind_speed_12_00,40,268,0.847000858621536,0.839189712375643,0.00781114624589305,0.00986882172067804,0.00794627200037606,219,1,0,1,need_manual_paper_confirmation,"Simple-sum and independent-union differ materially, but paper union requirement is not confirmed."
high_hidden_failure,wind_speed_12_00,41,44,0.006437441425,0.00643467384010465,2.76758489534991e-06,2.76758489534991e-06,0.000429920012103242,0,1,0,0,no_fix_required,"Simple-sum and union difference is diagnostic only; available extracted paper formula does not confirm union."
high_hidden_failure,wind_speed_12_00,42,270,0.871497367901549,0.863470627037378,0.00802674086417136,0.009855308073349,0.00811593605901719,232,1,0,1,need_manual_paper_confirmation,"Simple-sum and independent-union differ materially, but paper union requirement is not confirmed."
high_hidden_failure,wind_speed_12_00,43,48,0.006457241925,0.00645435583529519,2.88608970481011e-06,2.88608970481011e-06,0.000446953937661258,0,1,0,0,no_fix_required,"Simple-sum and union difference is diagnostic only; available extracted paper formula does not confirm union."
high_hidden_failure,wind_speed_12_00,44,47,0.006009750625,0.00600954274398813,2.07881011869693e-07,2.07881011869693e-07,3.45906219477606e-05,0,1,0,0,no_fix_required,"Simple-sum and union difference is diagnostic only; available extracted paper formula does not confirm union."
high_hidden_failure,wind_speed_12_00,45,51,0.0064324913,0.00642975334130691,2.73795869309024e-06,2.73795869309024e-06,0.000425645145153985,0,1,0,0,no_fix_required,"Simple-sum and union difference is diagnostic only; available extracted paper formula does not confirm union."
high_hidden_failure,wind_speed_12_00,46,45,0.00639487035,0.00639235755044487,2.51279955513009e-06,2.51279955513009e-06,0.000392939874868627,0,1,0,0,no_fix_required,"Simple-sum and union difference is diagnostic only; available extracted paper formula does not confirm union."
