initial_branch,trial_id,stage_id,candidate_branch,loading_pu,candidate_probability,prob_model,engineering_probability,paper_formula_probability,paper_formula_status,paper_formula_missing_parameters,paper_formula_used_fallback,random_u,selected
1,1,1,2,0.107141961901021,0.00069187360582,paper_formula,0.0001,0.00069187360582,computed_full_formula_3_1_to_3_6,,0,0.947077509664361,0
1,1,1,3,1.08619497297673,1,paper_formula,0.487877378395299,1,computed_full_formula_3_1_to_3_6,,0,0.167770970289712,1
1,1,1,4,0.297907850556406,0.00055490100445,paper_formula,0.0001,0.00055490100445,computed_full_formula_3_1_to_3_6,,0,0.21974637570249,0
1,1,1,5,0.452325695805974,0.00058689460477,paper_formula,0.0001,0.00058689460477,computed_full_formula_3_1_to_3_6,,0,0.287252781494014,0
1,1,1,6,0.389241741294285,0.00065788040548,paper_formula,0.0001,0.00065788040548,computed_full_formula_3_1_to_3_6,,0,0.104141867102996,0
1,1,1,7,0.0835954425896956,0.00054390320434,paper_formula,0.0001,0.00054390320434,computed_full_formula_3_1_to_3_6,,0,0.0711452267337908,0
1,1,1,8,0.140699001894697,0.00014398320034,paper_formula,0.0001,0.00014398320034,computed_full_formula_3_1_to_3_6,,0,0.501642818670789,0
1,1,1,9,0.510138843600603,0.00072586680616,paper_formula,0.0001,0.00072586680616,computed_full_formula_3_1_to_3_6,,0,0.808429241105173,0
1,1,1,10,0.51923566205108,0.00069187360582,paper_formula,0.0001,0.00069187360582,computed_full_formula_3_1_to_3_6,,0,0.0643687105025803,0
1,1,1,11,0.603663072264828,0.00067487700565,paper_formula,0.0001,0.00067487700565,computed_full_formula_3_1_to_3_6,,0,0.269723873384041,0
1,1,1,12,0.713351540277933,0.00037293740263,paper_formula,0.0001,0.00037293740263,computed_full_formula_3_1_to_3_6,,0,0.259281127130561,0
1,1,1,13,0.747792567683895,0.00061188960502,paper_formula,0.0001,0.00061188960502,computed_full_formula_3_1_to_3_6,,0,0.462935764514544,0
1,1,1,14,0.543939820516747,0.00048691460377,paper_formula,0.0001,0.00048691460377,computed_full_formula_3_1_to_3_6,,0,0.879286300246613,0
1,1,1,15,0.435971214745289,0.00013298540023,paper_formula,0.0001,0.00013298540023,computed_full_formula_3_1_to_3_6,,0,0.816301472305733,0
1,1,1,16,0.461490011911451,0.00013298540023,paper_formula,0.0001,0.00013298540023,computed_full_formula_3_1_to_3_6,,0,0.206821647288256,0
1,1,1,17,0.439430091983496,0.00079485300685,paper_formula,0.0001,0.00079485300685,computed_full_formula_3_1_to_3_6,,0,0.207799682383354,0
1,1,1,18,0.620281587237513,0.00033294540223,paper_formula,0.0001,0.00033294540223,computed_full_formula_3_1_to_3_6,,0,0.711922651806709,0
1,1,1,19,0.476843128584579,0.00079485300685,paper_formula,0.0001,0.00079485300685,computed_full_formula_3_1_to_3_6,,0,0.28443379458984,0
1,1,1,20,0.775146432602964,0.00066287940553,paper_formula,0.0001,0.00066287940553,computed_full_formula_3_1_to_3_6,,0,0.696500198808592,0
1,1,1,21,0.0869044025107542,0.00053690460427,paper_formula,0.0001,0.00053690460427,computed_full_formula_3_1_to_3_6,,0,0.503733882592069,0
1,1,1,22,0.0941313882204501,0.00052390720414,paper_formula,0.0001,0.00052390720414,computed_full_formula_3_1_to_3_6,,0,0.655614841147796,0
1,1,1,23,0.44305020502271,0.00054390320434,paper_formula,0.0001,0.00054390320434,computed_full_formula_3_1_to_3_6,,0,0.623374882083086,0
1,1,1,24,0.0655687643936659,0.00048691460377,paper_formula,0.0001,0.00048691460377,computed_full_formula_3_1_to_3_6,,0,0.155317707442154,0
1,1,1,25,0.548822172388474,0.00057789640468,paper_formula,0.0001,0.00057789640468,computed_full_formula_3_1_to_3_6,,0,0.52894515397785,0
1,1,1,26,0.251122618668712,0.00041592880306,paper_formula,0.0001,0.00041592880306,computed_full_formula_3_1_to_3_6,,0,0.246451107974866,0
1,1,1,27,0.795721891618119,0.00012098780011,paper_formula,0.0001,0.00012098780011,computed_full_formula_3_1_to_3_6,,0,0.116488994240136,0
1,1,1,28,0.535190678238495,0.00058289540473,paper_formula,0.0001,0.00058289540473,computed_full_formula_3_1_to_3_6,,0,0.651304258664072,0
1,1,1,29,0.099078671300846,0.000709870006,paper_formula,0.0001,0.000709870006,computed_full_formula_3_1_to_3_6,,0,0.89726864228207,0
1,1,1,30,0.21746052706209,0.0007598600065,paper_formula,0.0001,0.0007598600065,computed_full_formula_3_1_to_3_6,,0,0.224642804451432,0
1,1,1,31,0.0683341101841675,0.00069187360582,paper_formula,0.0001,0.00069187360582,computed_full_formula_3_1_to_3_6,,0,0.27873012227652,0
1,1,1,32,0.165684225669958,0.00062488700515,paper_formula,0.0001,0.00062488700515,computed_full_formula_3_1_to_3_6,,0,0.344351526922499,0
1,1,1,33,0.709697000281514,0.00013498500025,paper_formula,0.0001,0.00013498500025,computed_full_formula_3_1_to_3_6,,0,0.846418109204633,0
1,1,1,34,0.621313340630398,0.00013498500025,paper_formula,0.0001,0.00013498500025,computed_full_formula_3_1_to_3_6,,0,0.637035251917216,0
1,1,1,35,0.653351442662463,0.00062388720514,paper_formula,0.0001,0.00062388720514,computed_full_formula_3_1_to_3_6,,0,0.807883947108997,0
1,1,1,36,0.14509252308059,0.00069187360582,paper_formula,0.0001,0.00069187360582,computed_full_formula_3_1_to_3_6,,0,0.725160674369531,0
1,1,1,37,0.708770582914823,0.00061188960502,paper_formula,0.0001,0.00061188960502,computed_full_formula_3_1_to_3_6,,0,0.29893111856515,0
1,1,1,38,0.574727774207931,0.00048691460377,paper_formula,0.0001,0.00048691460377,computed_full_formula_3_1_to_3_6,,0,0.862056806291439,0
1,1,1,39,0.627947987389031,0.00055490100445,paper_formula,0.0001,0.00055490100445,computed_full_formula_3_1_to_3_6,,0,0.291938793150478,0
1,1,1,40,0.307847675583741,0.0005998920049,paper_formula,0.0001,0.0005998920049,computed_full_formula_3_1_to_3_6,,0,0.620604819523615,0
1,1,1,41,0.61578884557256,0.00056689860457,paper_formula,0.0001,0.00056689860457,computed_full_formula_3_1_to_3_6,,0,0.163290239030076,0
1,1,1,42,0.448485134845309,0.00071286940603,paper_formula,0.0001,0.00071286940603,computed_full_formula_3_1_to_3_6,,0,0.461904997768522,0
1,1,1,43,0.158105581219144,0.00058689460477,paper_formula,0.0001,0.00058689460477,computed_full_formula_3_1_to_3_6,,0,0.901782380542035,0
1,1,1,44,0.243533542975639,0.00013498500025,paper_formula,0.0001,0.00013498500025,computed_full_formula_3_1_to_3_6,,0,0.933878854174965,0
1,1,1,45,0.489166444938391,0.00056189960452,paper_formula,0.0001,0.00056189960452,computed_full_formula_3_1_to_3_6,,0,0.82062212247485,0
1,1,1,46,0.59601146371266,0.00052390720414,paper_formula,0.0001,0.00052390720414,computed_full_formula_3_1_to_3_6,,0,0.260715083597364,0
1,1,2,2,0.107141961901022,0.00069187360582,paper_formula,0.0001,0.00069187360582,computed_full_formula_3_1_to_3_6,,0,0.721014733829682,0
1,1,2,4,0.792449246000005,0.00055490100445,paper_formula,0.0001,0.00055490100445,computed_full_formula_3_1_to_3_6,,0,0.841338713849263,0
1,1,2,5,0.441975834928141,0.00058689460477,paper_formula,0.0001,0.00058689460477,computed_full_formula_3_1_to_3_6,,0,0.0740985352997853,0
1,1,2,6,0.0773368031820977,0.00065788040548,paper_formula,0.0001,0.00065788040548,computed_full_formula_3_1_to_3_6,,0,0.951382678558877,0
1,1,2,7,0.72182016349359,0.00054390320434,paper_formula,0.0001,0.00054390320434,computed_full_formula_3_1_to_3_6,,0,0.221142009938414,0
1,1,2,8,0.257135467705716,0.00014398320034,paper_formula,0.0001,0.00014398320034,computed_full_formula_3_1_to_3_6,,0,0.194800408565788,0
1,1,2,9,0.696132210754212,0.00072586680616,paper_formula,0.0001,0.00072586680616,computed_full_formula_3_1_to_3_6,,0,0.642268232375736,0
1,1,2,10,0.565961907114782,0.00069187360582,paper_formula,0.0001,0.00069187360582,computed_full_formula_3_1_to_3_6,,0,0.0204185362881291,0
1,1,2,11,0.595894509148453,0.00067487700565,paper_formula,0.0001,0.00067487700565,computed_full_formula_3_1_to_3_6,,0,0.586642692229454,0
1,1,2,12,0.718860249098029,0.00037293740263,paper_formula,0.0001,0.00037293740263,computed_full_formula_3_1_to_3_6,,0,0.921127834242827,0
1,1,2,13,0.783085331944579,0.00061188960502,paper_formula,0.0001,0.00061188960502,computed_full_formula_3_1_to_3_6,,0,0.974584161697346,0
1,1,2,14,0.578304830958323,0.00048691460377,paper_formula,0.0001,0.00048691460377,computed_full_formula_3_1_to_3_6,,0,0.136461747994997,0
1,1,2,15,0.441745524518712,0.00013298540023,paper_formula,0.0001,0.00013298540023,computed_full_formula_3_1_to_3_6,,0,0.741101172925067,0
1,1,2,16,0.468797746540774,0.00013298540023,paper_formula,0.0001,0.00013298540023,computed_full_formula_3_1_to_3_6,,0,0.901097893347671,0
1,1,2,17,0.443084606726607,0.00079485300685,paper_formula,0.0001,0.00079485300685,computed_full_formula_3_1_to_3_6,,0,0.121225701973294,0
1,1,2,18,0.648096663601433,0.00033294540223,paper_formula,0.0001,0.00033294540223,computed_full_formula_3_1_to_3_6,,0,0.690681738196416,0
1,1,2,19,0.485116269411815,0.00079485300685,paper_formula,0.0001,0.00079485300685,computed_full_formula_3_1_to_3_6,,0,0.00903141365245441,0
1,1,2,20,0.807707935040964,0.00066287940553,paper_formula,0.00395011355296169,0.00066287940553,computed_full_formula_3_1_to_3_6,,0,0.528713344643486,0
1,1,2,21,0.0900138839667108,0.00053690460427,paper_formula,0.0001,0.00053690460427,computed_full_formula_3_1_to_3_6,,0,0.685408299279165,0
1,1,2,22,0.0917899203554514,0.00052390720414,paper_formula,0.0001,0.00052390720414,computed_full_formula_3_1_to_3_6,,0,0.0486334876777912,0
1,1,2,23,0.44203955117978,0.00054390320434,paper_formula,0.0001,0.00054390320434,computed_full_formula_3_1_to_3_6,,0,0.423207908847725,0
1,1,2,24,0.183854839038062,0.00048691460377,paper_formula,0.0001,0.00048691460377,computed_full_formula_3_1_to_3_6,,0,0.805346317134497,0
1,1,2,25,0.716530825839423,0.00057789640468,paper_formula,0.0001,0.00057789640468,computed_full_formula_3_1_to_3_6,,0,0.916199353293787,0
1,1,2,26,0.228035133034967,0.00041592880306,paper_formula,0.0001,0.00041592880306,computed_full_formula_3_1_to_3_6,,0,0.0585596915309827,0
1,1,2,27,0.83826330824125,0.00012098780011,paper_formula,0.0192125224665042,0.00012098780011,computed_full_formula_3_1_to_3_6,,0,0.273140098744731,0
1,1,2,28,0.519660409312153,0.00058289540473,paper_formula,0.0001,0.00058289540473,computed_full_formula_3_1_to_3_6,,0,0.780449253301181,0
1,1,2,29,0.142346083590937,0.000709870006,paper_formula,0.0001,0.000709870006,computed_full_formula_3_1_to_3_6,,0,0.825599129787258,0
1,1,2,30,0.869806448262725,0.0007598600065,paper_formula,0.0349683209072311,0.0007598600065,computed_full_formula_3_1_to_3_6,,0,0.696697365737433,0
1,1,2,31,0.819493238471134,0.00069187360582,paper_formula,0.00983687261633146,0.00069187360582,computed_full_formula_3_1_to_3_6,,0,0.5520490162259,0
1,1,2,32,0.168441290808468,0.00062488700515,paper_formula,0.0001,0.00062488700515,computed_full_formula_3_1_to_3_6,,0,0.26813821672697,0
1,1,2,33,0.729475669466819,0.00013498500025,paper_formula,0.0001,0.00013498500025,computed_full_formula_3_1_to_3_6,,0,0.642927738447845,0
1,1,2,34,0.629221089616946,0.00013498500025,paper_formula,0.0001,0.00013498500025,computed_full_formula_3_1_to_3_6,,0,0.765308786649966,0
1,1,2,35,0.659951698233961,0.00062388720514,paper_formula,0.0001,0.00062388720514,computed_full_formula_3_1_to_3_6,,0,0.262664197308984,0
1,1,2,36,0.148403242660566,0.00069187360582,paper_formula,0.0001,0.00069187360582,computed_full_formula_3_1_to_3_6,,0,0.399059873741765,0
1,1,2,37,0.726947126549299,0.00061188960502,paper_formula,0.0001,0.00061188960502,computed_full_formula_3_1_to_3_6,,0,0.340530513132787,0
1,1,2,38,0.5706546844898,0.00048691460377,paper_formula,0.0001,0.00048691460377,computed_full_formula_3_1_to_3_6,,0,0.8014936705967,0
1,1,2,39,0.631504311798097,0.00055490100445,paper_formula,0.0001,0.00055490100445,computed_full_formula_3_1_to_3_6,,0,0.363567337010433,0
1,1,2,40,1.18817711755641,1,paper_formula,0.946797029003858,1,computed_full_formula_3_1_to_3_6,,0,0.865074693263921,1
1,1,2,41,0.637408012789505,0.00056689860457,paper_formula,0.0001,0.00056689860457,computed_full_formula_3_1_to_3_6,,0,0.564400757951683,0
1,1,2,42,1.29526460980635,1,paper_formula,1,1,computed_full_formula_3_1_to_3_6,,0,0.706729635488238,1
1,1,2,43,0.189361075884559,0.00058689460477,paper_formula,0.0001,0.00058689460477,computed_full_formula_3_1_to_3_6,,0,0.248839153232659,0
1,1,2,44,0.259036223472059,0.00013498500025,paper_formula,0.0001,0.00013498500025,computed_full_formula_3_1_to_3_6,,0,0.847767410940122,0
1,1,2,45,0.488740354253187,0.00056189960452,paper_formula,0.0001,0.00056189960452,computed_full_formula_3_1_to_3_6,,0,0.237067145586319,0
1,1,2,46,0.603894744432339,0.00052390720414,paper_formula,0.0001,0.00052390720414,computed_full_formula_3_1_to_3_6,,0,0.369269206842675,0
1,1,3,2,0.107141961901021,0.00069187360582,paper_formula,0.0001,0.00069187360582,computed_full_formula_3_1_to_3_6,,0,0.754014208326896,0
1,1,3,6,0.685364943940545,0.00065788040548,paper_formula,0.0001,0.00065788040548,computed_full_formula_3_1_to_3_6,,0,0.316408497059037,0
1,1,3,7,0.150007031141399,0.00054390320434,paper_formula,0.0001,0.00054390320434,computed_full_formula_3_1_to_3_6,,0,0.192539365438709,0
1,1,3,8,0.97007769104026,0.700756923578723,paper_formula,0.08505380667461,0.700756923578723,computed_full_formula_3_1_to_3_6,,0,0.184450866092193,1
1,1,3,9,0.57995888389295,0.00072586680616,paper_formula,0.0001,0.00072586680616,computed_full_formula_3_1_to_3_6,,0,0.218854476673358,0
1,1,3,10,0.899820444304211,0.00069187360582,paper_formula,0.0499603119299535,0.00069187360582,computed_full_formula_3_1_to_3_6,,0,0.86744013560098,0
1,1,3,11,0.547144856019869,0.00067487700565,paper_formula,0.0001,0.00067487700565,computed_full_formula_3_1_to_3_6,,0,0.458199652065828,0
1,1,3,12,0.762015049360126,0.00037293740263,paper_formula,0.0001,0.00037293740263,computed_full_formula_3_1_to_3_6,,0,0.600332850745045,0
1,1,3,13,0.476308464556959,0.00061188960502,paper_formula,0.0001,0.00061188960502,computed_full_formula_3_1_to_3_6,,0,0.212295103568016,0
1,1,3,14,1.08710828267092,1,paper_formula,0.491987272019143,1,computed_full_formula_3_1_to_3_6,,0,0.554921050936025,1
1,1,3,15,0.488745985862253,0.00013298540023,paper_formula,0.0001,0.00013298540023,computed_full_formula_3_1_to_3_6,,0,0.978392407045527,0
1,1,3,16,0.498876343926396,0.00013298540023,paper_formula,0.0001,0.00013298540023,computed_full_formula_3_1_to_3_6,,0,0.565127019455672,0
1,1,3,17,0.462788526363009,0.00079485300685,paper_formula,0.0001,0.00079485300685,computed_full_formula_3_1_to_3_6,,0,0.071710820438904,0
1,1,3,18,0.446335147827344,0.00033294540223,paper_formula,0.0001,0.00033294540223,computed_full_formula_3_1_to_3_6,,0,0.706930805343207,0
1,1,3,19,0.936392528209357,0.364398114720291,paper_formula,0.0682280678405738,0.364398114720291,computed_full_formula_3_1_to_3_6,,0,0.31451731692725,1
1,1,3,20,0.909844608153278,0.0990348429109681,paper_formula,0.0549673817725623,0.0990348429109681,computed_full_formula_3_1_to_3_6,,0,0.863428460709262,0
1,1,3,21,0.0984847719120204,0.00053690460427,paper_formula,0.0001,0.00053690460427,computed_full_formula_3_1_to_3_6,,0,0.0948200737226772,0
1,1,3,22,0.105042607337665,0.00052390720414,paper_formula,0.0001,0.00052390720414,computed_full_formula_3_1_to_3_6,,0,0.752187556827635,0
1,1,3,23,0.942762556824188,0.427898398228253,paper_formula,0.0714098971336819,0.427898398228253,computed_full_formula_3_1_to_3_6,,0,0.818354813260669,0
1,1,3,24,0.498653424446869,0.00048691460377,paper_formula,0.0001,0.00048691460377,computed_full_formula_3_1_to_3_6,,0,0.37127108948605,0
1,1,3,25,0.32839623100017,0.00057789640468,paper_formula,0.0001,0.00057789640468,computed_full_formula_3_1_to_3_6,,0,0.522510752359951,0
1,1,3,26,0.756205727317845,0.00041592880306,paper_formula,0.0001,0.00041592880306,computed_full_formula_3_1_to_3_6,,0,0.682714698051752,0
1,1,3,27,0.88385657623012,0.00012098780011,paper_formula,0.0419863598269448,0.00012098780011,computed_full_formula_3_1_to_3_6,,0,0.251737680786146,0
1,1,3,28,0.514698279117023,0.00058289540473,paper_formula,0.0001,0.00058289540473,computed_full_formula_3_1_to_3_6,,0,0.442351671862379,0
1,1,3,29,0.179919934571426,0.000709870006,paper_formula,0.0001,0.000709870006,computed_full_formula_3_1_to_3_6,,0,0.49455624394491,0
1,1,3,30,0.280689360876108,0.0007598600065,paper_formula,0.0001,0.0007598600065,computed_full_formula_3_1_to_3_6,,0,0.551148255861535,0
1,1,3,31,0.484943438855387,0.00069187360582,paper_formula,0.0001,0.00069187360582,computed_full_formula_3_1_to_3_6,,0,0.8671177379847,0
1,1,3,32,0.173346788398568,0.00062488700515,paper_formula,0.0001,0.00062488700515,computed_full_formula_3_1_to_3_6,,0,0.163433930399617,0
1,1,3,33,0.749305760665946,0.00013498500025,paper_formula,0.0001,0.00013498500025,computed_full_formula_3_1_to_3_6,,0,0.849849228915092,0
1,1,3,34,0.636741508867554,0.00013498500025,paper_formula,0.0001,0.00013498500025,computed_full_formula_3_1_to_3_6,,0,0.470235446168902,0
1,1,3,35,0.668767854209998,0.00062388720514,paper_formula,0.0001,0.00062388720514,computed_full_formula_3_1_to_3_6,,0,0.939833708821593,0
1,1,3,36,0.151204798843155,0.00069187360582,paper_formula,0.0001,0.00069187360582,computed_full_formula_3_1_to_3_6,,0,0.456574261369656,0
1,1,3,37,0.745973398219303,0.00061188960502,paper_formula,0.0001,0.00061188960502,computed_full_formula_3_1_to_3_6,,0,0.950256639944263,0
1,1,3,38,0.570796687798016,0.00048691460377,paper_formula,0.0001,0.00048691460377,computed_full_formula_3_1_to_3_6,,0,0.796377318880206,0
1,1,3,39,0.635924989340374,0.00055490100445,paper_formula,0.0001,0.00055490100445,computed_full_formula_3_1_to_3_6,,0,0.0781645729378129,0
1,1,4,2,0.0869259067164243,0.00069187360582,paper_formula,0.0001,0.00069187360582,computed_full_formula_3_1_to_3_6,,0,0.215623773156922,0
1,1,4,6,0.255136196610853,0.00065788040548,paper_formula,0.0001,0.00065788040548,computed_full_formula_3_1_to_3_6,,0,0.532402565111192,0
1,1,4,7,0.451913045160424,0.00054390320434,paper_formula,0.0001,0.00054390320434,computed_full_formula_3_1_to_3_6,,0,0.283795904897113,0
1,1,4,9,0.92574818136452,0.257997609586412,paper_formula,0.0629112165915775,0.257997609586412,computed_full_formula_3_1_to_3_6,,0,0.25216201257059,0
1,1,4,10,0.0502912243217896,0.00069187360582,paper_formula,0.0001,0.00069187360582,computed_full_formula_3_1_to_3_6,,0,0.226258493232184,0
1,1,4,11,0.0784143933896277,0.00067487700565,paper_formula,0.0001,0.00067487700565,computed_full_formula_3_1_to_3_6,,0,0.801307235202764,0
1,1,4,12,0.140209964761415,0.00037293740263,paper_formula,0.0001,0.00037293740263,computed_full_formula_3_1_to_3_6,,0,0.334280725670974,0
1,1,4,13,0.369758846628751,0.00061188960502,paper_formula,0.0001,0.00061188960502,computed_full_formula_3_1_to_3_6,,0,0.0651760910517032,0
1,1,4,15,0.0983728170765122,0.00013298540023,paper_formula,0.0001,0.00013298540023,computed_full_formula_3_1_to_3_6,,0,0.856395004824485,0
1,1,4,16,0.542198780479948,0.00013298540023,paper_formula,0.0001,0.00013298540023,computed_full_formula_3_1_to_3_6,,0,0.0456751783955942,0
1,1,4,17,0.536348649938637,0.00079485300685,paper_formula,0.0001,0.00079485300685,computed_full_formula_3_1_to_3_6,,0,0.361187148522848,0
1,1,4,18,1.1884366355307,1,paper_formula,0.947964859888173,1,computed_full_formula_3_1_to_3_6,,0,0.890654623827998,0
1,1,4,20,0.869318374975963,0.00066287940553,paper_formula,0.0347245283004933,0.00066287940553,computed_full_formula_3_1_to_3_6,,0,0.425814306776971,0
1,1,4,21,1.06615192862057,1,paper_formula,0.39768367879256,1,computed_full_formula_3_1_to_3_6,,0,0.274641998090405,0
1,1,4,22,0.931515725056558,0.315487680463157,paper_formula,0.0657921046657505,0.315487680463157,computed_full_formula_3_1_to_3_6,,0,0.416646963612238,0
1,1,4,23,0.77742673288567,0.00054390320434,paper_formula,0.0001,0.00054390320434,computed_full_formula_3_1_to_3_6,,0,0.367773124162222,0
1,1,4,24,0.26920567823055,0.00048691460377,paper_formula,0.0001,0.00048691460377,computed_full_formula_3_1_to_3_6,,0,0.129309949557035,0
1,1,4,25,0.616667421932429,0.00057789640468,paper_formula,0.0001,0.00057789640468,computed_full_formula_3_1_to_3_6,,0,0.890459699149508,0
1,1,4,26,0.980384628568228,0.803855525496183,paper_formula,0.09020212196983,0.803855525496183,computed_full_formula_3_1_to_3_6,,0,0.781066131586434,0
1,1,4,27,1.14880482433685,1,paper_formula,0.769621709515831,1,computed_full_formula_3_1_to_3_6,,0,0.138573490458062,0
1,1,4,28,0.648735955236841,0.00058289540473,paper_formula,0.0001,0.00058289540473,computed_full_formula_3_1_to_3_6,,0,0.814911287350604,0
1,1,4,29,0.278823195263586,0.000709870006,paper_formula,0.0001,0.000709870006,computed_full_formula_3_1_to_3_6,,0,0.0139308013021382,0
1,1,4,30,0.583492347288783,0.0007598600065,paper_formula,0.0001,0.0007598600065,computed_full_formula_3_1_to_3_6,,0,0.371502072289462,0
1,1,4,31,0.387954751076506,0.00069187360582,paper_formula,0.0001,0.00069187360582,computed_full_formula_3_1_to_3_6,,0,0.213683378323293,0
1,1,4,32,0.0869749543025669,0.00062488700515,paper_formula,0.0001,0.00062488700515,computed_full_formula_3_1_to_3_6,,0,0.338548177451184,0
1,1,4,33,0.777820037921125,0.00013498500025,paper_formula,0.0001,0.00013498500025,computed_full_formula_3_1_to_3_6,,0,0.904593426541404,0
1,1,4,34,0.641434398633906,0.00013498500025,paper_formula,0.0001,0.00013498500025,computed_full_formula_3_1_to_3_6,,0,0.290639121879774,0
1,1,4,35,0.706025006813298,0.00062388720514,paper_formula,0.0001,0.00062388720514,computed_full_formula_3_1_to_3_6,,0,0.878289140442609,0
1,1,4,36,0.144124615319063,0.00069187360582,paper_formula,0.0001,0.00069187360582,computed_full_formula_3_1_to_3_6,,0,0.331894394612475,0
1,1,4,37,0.77203648518483,0.00061188960502,paper_formula,0.0001,0.00061188960502,computed_full_formula_3_1_to_3_6,,0,0.416215169506328,0
1,1,4,38,0.624566875001715,0.00048691460377,paper_formula,0.0001,0.00048691460377,computed_full_formula_3_1_to_3_6,,0,0.60296858238178,0
1,1,4,39,0.642381160270757,0.00055490100445,paper_formula,0.0001,0.00055490100445,computed_full_formula_3_1_to_3_6,,0,0.841667741761537,0
1,2,1,2,0.107141961901021,0.00069187360582,paper_formula,0.0001,0.00069187360582,computed_full_formula_3_1_to_3_6,,0,0.333161171590336,0
1,2,1,3,1.08619497297673,1,paper_formula,0.487877378395299,1,computed_full_formula_3_1_to_3_6,,0,0.639331958170653,1
1,2,1,4,0.297907850556406,0.00055490100445,paper_formula,0.0001,0.00055490100445,computed_full_formula_3_1_to_3_6,,0,0.583732865737462,0
1,2,1,5,0.452325695805974,0.00058689460477,paper_formula,0.0001,0.00058689460477,computed_full_formula_3_1_to_3_6,,0,0.87434772872168,0
1,2,1,6,0.389241741294285,0.00065788040548,paper_formula,0.0001,0.00065788040548,computed_full_formula_3_1_to_3_6,,0,0.850153379703439,0
1,2,1,7,0.0835954425896956,0.00054390320434,paper_formula,0.0001,0.00054390320434,computed_full_formula_3_1_to_3_6,,0,0.288845560147053,0
1,2,1,8,0.140699001894697,0.00014398320034,paper_formula,0.0001,0.00014398320034,computed_full_formula_3_1_to_3_6,,0,0.42946454693906,0
1,2,1,9,0.510138843600603,0.00072586680616,paper_formula,0.0001,0.00072586680616,computed_full_formula_3_1_to_3_6,,0,0.815238630424321,0
1,2,1,10,0.51923566205108,0.00069187360582,paper_formula,0.0001,0.00069187360582,computed_full_formula_3_1_to_3_6,,0,0.823268842606058,0
1,2,1,11,0.603663072264828,0.00067487700565,paper_formula,0.0001,0.00067487700565,computed_full_formula_3_1_to_3_6,,0,0.0815359940709081,0
1,2,1,12,0.713351540277933,0.00037293740263,paper_formula,0.0001,0.00037293740263,computed_full_formula_3_1_to_3_6,,0,0.130107194366244,0
1,2,1,13,0.747792567683895,0.00061188960502,paper_formula,0.0001,0.00061188960502,computed_full_formula_3_1_to_3_6,,0,0.443088551446085,0
1,2,1,14,0.543939820516747,0.00048691460377,paper_formula,0.0001,0.00048691460377,computed_full_formula_3_1_to_3_6,,0,0.922423753829099,0
1,2,1,15,0.435971214745289,0.00013298540023,paper_formula,0.0001,0.00013298540023,computed_full_formula_3_1_to_3_6,,0,0.272873052514082,0
1,2,1,16,0.461490011911451,0.00013298540023,paper_formula,0.0001,0.00013298540023,computed_full_formula_3_1_to_3_6,,0,0.613581294471816,0
1,2,1,17,0.439430091983496,0.00079485300685,paper_formula,0.0001,0.00079485300685,computed_full_formula_3_1_to_3_6,,0,0.0896647894312289,0
1,2,1,18,0.620281587237513,0.00033294540223,paper_formula,0.0001,0.00033294540223,computed_full_formula_3_1_to_3_6,,0,0.34356607571754,0
1,2,1,19,0.476843128584579,0.00079485300685,paper_formula,0.0001,0.00079485300685,computed_full_formula_3_1_to_3_6,,0,0.0135272914816942,0
1,2,1,20,0.775146432602964,0.00066287940553,paper_formula,0.0001,0.00066287940553,computed_full_formula_3_1_to_3_6,,0,0.00611653542112445,0
1,2,1,21,0.0869044025107542,0.00053690460427,paper_formula,0.0001,0.00053690460427,computed_full_formula_3_1_to_3_6,,0,0.38089324173664,0
1,2,1,22,0.0941313882204501,0.00052390720414,paper_formula,0.0001,0.00052390720414,computed_full_formula_3_1_to_3_6,,0,0.479802105958452,0
1,2,1,23,0.44305020502271,0.00054390320434,paper_formula,0.0001,0.00054390320434,computed_full_formula_3_1_to_3_6,,0,0.642173247221507,0
1,2,1,24,0.0655687643936659,0.00048691460377,paper_formula,0.0001,0.00048691460377,computed_full_formula_3_1_to_3_6,,0,0.245194865715626,0
1,2,1,25,0.548822172388474,0.00057789640468,paper_formula,0.0001,0.00057789640468,computed_full_formula_3_1_to_3_6,,0,0.976859708541152,0
1,2,1,26,0.251122618668712,0.00041592880306,paper_formula,0.0001,0.00041592880306,computed_full_formula_3_1_to_3_6,,0,0.194529045233652,0
1,2,1,27,0.795721891618119,0.00012098780011,paper_formula,0.0001,0.00012098780011,computed_full_formula_3_1_to_3_6,,0,0.203908185682039,0
1,2,1,28,0.535190678238495,0.00058289540473,paper_formula,0.0001,0.00058289540473,computed_full_formula_3_1_to_3_6,,0,0.880351487720883,0
1,2,1,29,0.099078671300846,0.000709870006,paper_formula,0.0001,0.000709870006,computed_full_formula_3_1_to_3_6,,0,0.619753258137357,0
1,2,1,30,0.21746052706209,0.0007598600065,paper_formula,0.0001,0.0007598600065,computed_full_formula_3_1_to_3_6,,0,0.855998056156526,0
1,2,1,31,0.0683341101841675,0.00069187360582,paper_formula,0.0001,0.00069187360582,computed_full_formula_3_1_to_3_6,,0,0.170489981285963,0
1,2,1,32,0.165684225669958,0.00062488700515,paper_formula,0.0001,0.00062488700515,computed_full_formula_3_1_to_3_6,,0,0.676935109635379,0
1,2,1,33,0.709697000281514,0.00013498500025,paper_formula,0.0001,0.00013498500025,computed_full_formula_3_1_to_3_6,,0,0.936017471074627,0
1,2,1,34,0.621313340630398,0.00013498500025,paper_formula,0.0001,0.00013498500025,computed_full_formula_3_1_to_3_6,,0,0.492381079229322,0
1,2,1,35,0.653351442662463,0.00062388720514,paper_formula,0.0001,0.00062388720514,computed_full_formula_3_1_to_3_6,,0,0.230907086463152,0
1,2,1,36,0.14509252308059,0.00069187360582,paper_formula,0.0001,0.00069187360582,computed_full_formula_3_1_to_3_6,,0,0.901087896662658,0
1,2,1,37,0.708770582914823,0.00061188960502,paper_formula,0.0001,0.00061188960502,computed_full_formula_3_1_to_3_6,,0,0.936751082930815,0
1,2,1,38,0.574727774207931,0.00048691460377,paper_formula,0.0001,0.00048691460377,computed_full_formula_3_1_to_3_6,,0,0.868755212083348,0
1,2,1,39,0.627947987389031,0.00055490100445,paper_formula,0.0001,0.00055490100445,computed_full_formula_3_1_to_3_6,,0,0.837066708648664,0
1,2,1,40,0.307847675583741,0.0005998920049,paper_formula,0.0001,0.0005998920049,computed_full_formula_3_1_to_3_6,,0,0.443447361418861,0
1,2,1,41,0.61578884557256,0.00056689860457,paper_formula,0.0001,0.00056689860457,computed_full_formula_3_1_to_3_6,,0,0.45792763859962,0
1,2,1,42,0.448485134845309,0.00071286940603,paper_formula,0.0001,0.00071286940603,computed_full_formula_3_1_to_3_6,,0,0.405935009770215,0
1,2,1,43,0.158105581219144,0.00058689460477,paper_formula,0.0001,0.00058689460477,computed_full_formula_3_1_to_3_6,,0,0.354409622777031,0
1,2,1,44,0.243533542975639,0.00013498500025,paper_formula,0.0001,0.00013498500025,computed_full_formula_3_1_to_3_6,,0,0.532376542727097,0
1,2,1,45,0.489166444938391,0.00056189960452,paper_formula,0.0001,0.00056189960452,computed_full_formula_3_1_to_3_6,,0,0.583848207614297,0
1,2,1,46,0.59601146371266,0.00052390720414,paper_formula,0.0001,0.00052390720414,computed_full_formula_3_1_to_3_6,,0,0.143214943580778,0
1,2,2,2,0.107141961901022,0.00069187360582,paper_formula,0.0001,0.00069187360582,computed_full_formula_3_1_to_3_6,,0,0.988680570957047,0
1,2,2,4,0.792449246000005,0.00055490100445,paper_formula,0.0001,0.00055490100445,computed_full_formula_3_1_to_3_6,,0,0.971151419769862,0
1,2,2,5,0.441975834928141,0.00058689460477,paper_formula,0.0001,0.00058689460477,computed_full_formula_3_1_to_3_6,,0,0.248891973039755,0
1,2,2,6,0.0773368031820977,0.00065788040548,paper_formula,0.0001,0.00065788040548,computed_full_formula_3_1_to_3_6,,0,0.724817252860233,0
1,2,2,7,0.72182016349359,0.00054390320434,paper_formula,0.0001,0.00054390320434,computed_full_formula_3_1_to_3_6,,0,0.288661656919094,0
1,2,2,8,0.257135467705716,0.00014398320034,paper_formula,0.0001,0.00014398320034,computed_full_formula_3_1_to_3_6,,0,0.162901266077897,0
1,2,2,9,0.696132210754212,0.00072586680616,paper_formula,0.0001,0.00072586680616,computed_full_formula_3_1_to_3_6,,0,0.631149493266145,0
1,2,2,10,0.565961907114782,0.00069187360582,paper_formula,0.0001,0.00069187360582,computed_full_formula_3_1_to_3_6,,0,0.626469089955735,0
1,2,2,11,0.595894509148453,0.00067487700565,paper_formula,0.0001,0.00067487700565,computed_full_formula_3_1_to_3_6,,0,0.962433656223496,0
1,2,2,12,0.718860249098029,0.00037293740263,paper_formula,0.0001,0.00037293740263,computed_full_formula_3_1_to_3_6,,0,0.259105287786841,0
1,2,2,13,0.783085331944579,0.00061188960502,paper_formula,0.0001,0.00061188960502,computed_full_formula_3_1_to_3_6,,0,0.69675976586361,0
1,2,2,14,0.578304830958323,0.00048691460377,paper_formula,0.0001,0.00048691460377,computed_full_formula_3_1_to_3_6,,0,0.190207142722324,0
1,2,2,15,0.441745524518712,0.00013298540023,paper_formula,0.0001,0.00013298540023,computed_full_formula_3_1_to_3_6,,0,0.0135914527842329,0
1,2,2,16,0.468797746540774,0.00013298540023,paper_formula,0.0001,0.00013298540023,computed_full_formula_3_1_to_3_6,,0,0.71861071438071,0
1,2,2,17,0.443084606726607,0.00079485300685,paper_formula,0.0001,0.00079485300685,computed_full_formula_3_1_to_3_6,,0,0.934345248100976,0
1,2,2,18,0.648096663601433,0.00033294540223,paper_formula,0.0001,0.00033294540223,computed_full_formula_3_1_to_3_6,,0,0.395174504409164,0
1,2,2,19,0.485116269411815,0.00079485300685,paper_formula,0.0001,0.00079485300685,computed_full_formula_3_1_to_3_6,,0,0.473952180254896,0
1,2,2,20,0.807707935040964,0.00066287940553,paper_formula,0.00395011355296169,0.00066287940553,computed_full_formula_3_1_to_3_6,,0,0.401487556422289,0
1,2,2,21,0.0900138839667108,0.00053690460427,paper_formula,0.0001,0.00053690460427,computed_full_formula_3_1_to_3_6,,0,0.243632086305701,0
1,2,2,22,0.0917899203554514,0.00052390720414,paper_formula,0.0001,0.00052390720414,computed_full_formula_3_1_to_3_6,,0,0.219846561754181,0
1,2,2,23,0.44203955117978,0.00054390320434,paper_formula,0.0001,0.00054390320434,computed_full_formula_3_1_to_3_6,,0,0.0788522047602753,0
1,2,2,24,0.183854839038062,0.00048691460377,paper_formula,0.0001,0.00048691460377,computed_full_formula_3_1_to_3_6,,0,0.953594836676931,0
1,2,2,25,0.716530825839423,0.00057789640468,paper_formula,0.0001,0.00057789640468,computed_full_formula_3_1_to_3_6,,0,0.0939592681432899,0
1,2,2,26,0.228035133034967,0.00041592880306,paper_formula,0.0001,0.00041592880306,computed_full_formula_3_1_to_3_6,,0,0.188924865241417,0
1,2,2,27,0.83826330824125,0.00012098780011,paper_formula,0.0192125224665042,0.00012098780011,computed_full_formula_3_1_to_3_6,,0,0.863442836831594,0
1,2,2,28,0.519660409312153,0.00058289540473,paper_formula,0.0001,0.00058289540473,computed_full_formula_3_1_to_3_6,,0,0.376592114973514,0
1,2,2,29,0.142346083590937,0.000709870006,paper_formula,0.0001,0.000709870006,computed_full_formula_3_1_to_3_6,,0,0.683761443720752,0
1,2,2,30,0.869806448262725,0.0007598600065,paper_formula,0.0349683209072311,0.0007598600065,computed_full_formula_3_1_to_3_6,,0,0.396945643848482,0
1,2,2,31,0.819493238471134,0.00069187360582,paper_formula,0.00983687261633146,0.00069187360582,computed_full_formula_3_1_to_3_6,,0,0.85963467471611,0
1,2,2,32,0.168441290808468,0.00062488700515,paper_formula,0.0001,0.00062488700515,computed_full_formula_3_1_to_3_6,,0,0.878581698603214,0
1,2,2,33,0.729475669466819,0.00013498500025,paper_formula,0.0001,0.00013498500025,computed_full_formula_3_1_to_3_6,,0,0.282577930027136,0
1,2,2,34,0.629221089616946,0.00013498500025,paper_formula,0.0001,0.00013498500025,computed_full_formula_3_1_to_3_6,,0,0.28731537477851,0
1,2,2,35,0.659951698233961,0.00062388720514,paper_formula,0.0001,0.00062388720514,computed_full_formula_3_1_to_3_6,,0,0.536268256379787,0
1,2,2,36,0.148403242660566,0.00069187360582,paper_formula,0.0001,0.00069187360582,computed_full_formula_3_1_to_3_6,,0,0.752868392002661,0
1,2,2,37,0.726947126549299,0.00061188960502,paper_formula,0.0001,0.00061188960502,computed_full_formula_3_1_to_3_6,,0,0.283126392775864,0
1,2,2,38,0.5706546844898,0.00048691460377,paper_formula,0.0001,0.00048691460377,computed_full_formula_3_1_to_3_6,,0,0.62866364121559,0
1,2,2,39,0.631504311798097,0.00055490100445,paper_formula,0.0001,0.00055490100445,computed_full_formula_3_1_to_3_6,,0,0.936648860264739,0
1,2,2,40,1.18817711755641,1,paper_formula,0.946797029003858,1,computed_full_formula_3_1_to_3_6,,0,0.922009130708156,1
1,2,2,41,0.637408012789505,0.00056689860457,paper_formula,0.0001,0.00056689860457,computed_full_formula_3_1_to_3_6,,0,0.534928997655639,0
1,2,2,42,1.29526460980635,1,paper_formula,1,1,computed_full_formula_3_1_to_3_6,,0,0.457235575224784,1
1,2,2,43,0.189361075884559,0.00058689460477,paper_formula,0.0001,0.00058689460477,computed_full_formula_3_1_to_3_6,,0,0.927679408917494,0
1,2,2,44,0.259036223472059,0.00013498500025,paper_formula,0.0001,0.00013498500025,computed_full_formula_3_1_to_3_6,,0,0.264608146217687,0
1,2,2,45,0.488740354253187,0.00056189960452,paper_formula,0.0001,0.00056189960452,computed_full_formula_3_1_to_3_6,,0,0.916963659442385,0
1,2,2,46,0.603894744432339,0.00052390720414,paper_formula,0.0001,0.00052390720414,computed_full_formula_3_1_to_3_6,,0,0.934903182075812,0
1,2,3,2,0.107141961901021,0.00069187360582,paper_formula,0.0001,0.00069187360582,computed_full_formula_3_1_to_3_6,,0,0.88599414866422,0
1,2,3,6,0.685364943940545,0.00065788040548,paper_formula,0.0001,0.00065788040548,computed_full_formula_3_1_to_3_6,,0,0.636623717373365,0
1,2,3,7,0.150007031141399,0.00054390320434,paper_formula,0.0001,0.00054390320434,computed_full_formula_3_1_to_3_6,,0,0.675283229158045,0
1,2,3,8,0.97007769104026,0.700756923578723,paper_formula,0.08505380667461,0.700756923578723,computed_full_formula_3_1_to_3_6,,0,0.284483002526485,1
1,2,3,9,0.57995888389295,0.00072586680616,paper_formula,0.0001,0.00072586680616,computed_full_formula_3_1_to_3_6,,0,0.600776184290853,0
1,2,3,10,0.899820444304211,0.00069187360582,paper_formula,0.0499603119299535,0.00069187360582,computed_full_formula_3_1_to_3_6,,0,0.794928671607233,0
1,2,3,11,0.547144856019869,0.00067487700565,paper_formula,0.0001,0.00067487700565,computed_full_formula_3_1_to_3_6,,0,0.861720117587542,0
1,2,3,12,0.762015049360126,0.00037293740263,paper_formula,0.0001,0.00037293740263,computed_full_formula_3_1_to_3_6,,0,0.972904280403224,0
1,2,3,13,0.476308464556959,0.00061188960502,paper_formula,0.0001,0.00061188960502,computed_full_formula_3_1_to_3_6,,0,0.208147317458145,0
1,2,3,14,1.08710828267092,1,paper_formula,0.491987272019143,1,computed_full_formula_3_1_to_3_6,,0,0.58235589602897,1
1,2,3,15,0.488745985862253,0.00013298540023,paper_formula,0.0001,0.00013298540023,computed_full_formula_3_1_to_3_6,,0,0.521541451150483,0
1,2,3,16,0.498876343926396,0.00013298540023,paper_formula,0.0001,0.00013298540023,computed_full_formula_3_1_to_3_6,,0,0.902140443969018,0
1,2,3,17,0.462788526363009,0.00079485300685,paper_formula,0.0001,0.00079485300685,computed_full_formula_3_1_to_3_6,,0,0.0399745441854472,0
1,2,3,18,0.446335147827344,0.00033294540223,paper_formula,0.0001,0.00033294540223,computed_full_formula_3_1_to_3_6,,0,0.617925540362208,0
1,2,3,19,0.936392528209357,0.364398114720291,paper_formula,0.0682280678405738,0.364398114720291,computed_full_formula_3_1_to_3_6,,0,0.335042392265014,1
1,2,3,20,0.909844608153278,0.0990348429109681,paper_formula,0.0549673817725623,0.0990348429109681,computed_full_formula_3_1_to_3_6,,0,0.550213097695979,0
1,2,3,21,0.0984847719120204,0.00053690460427,paper_formula,0.0001,0.00053690460427,computed_full_formula_3_1_to_3_6,,0,0.612859731602072,0
1,2,3,22,0.105042607337665,0.00052390720414,paper_formula,0.0001,0.00052390720414,computed_full_formula_3_1_to_3_6,,0,0.0585015045930941,0
1,2,3,23,0.942762556824188,0.427898398228253,paper_formula,0.0714098971336819,0.427898398228253,computed_full_formula_3_1_to_3_6,,0,0.719200602045499,0
1,2,3,24,0.498653424446869,0.00048691460377,paper_formula,0.0001,0.00048691460377,computed_full_formula_3_1_to_3_6,,0,0.981861892605878,0
1,2,3,25,0.32839623100017,0.00057789640468,paper_formula,0.0001,0.00057789640468,computed_full_formula_3_1_to_3_6,,0,0.304181033755344,0
1,2,3,26,0.756205727317845,0.00041592880306,paper_formula,0.0001,0.00041592880306,computed_full_formula_3_1_to_3_6,,0,0.922021476299209,0
1,2,3,27,0.88385657623012,0.00012098780011,paper_formula,0.0419863598269448,0.00012098780011,computed_full_formula_3_1_to_3_6,,0,0.180863823295928,0
1,2,3,28,0.514698279117023,0.00058289540473,paper_formula,0.0001,0.00058289540473,computed_full_formula_3_1_to_3_6,,0,0.0941623929638924,0
1,2,3,29,0.179919934571426,0.000709870006,paper_formula,0.0001,0.000709870006,computed_full_formula_3_1_to_3_6,,0,0.265971005685277,0
1,2,3,30,0.280689360876108,0.0007598600065,paper_formula,0.0001,0.0007598600065,computed_full_formula_3_1_to_3_6,,0,0.750286777536657,0
1,2,3,31,0.484943438855387,0.00069187360582,paper_formula,0.0001,0.00069187360582,computed_full_formula_3_1_to_3_6,,0,0.637383419907431,0
1,2,3,32,0.173346788398568,0.00062488700515,paper_formula,0.0001,0.00062488700515,computed_full_formula_3_1_to_3_6,,0,0.722669668937774,0
1,2,3,33,0.749305760665946,0.00013498500025,paper_formula,0.0001,0.00013498500025,computed_full_formula_3_1_to_3_6,,0,0.146414004005736,0
1,2,3,34,0.636741508867554,0.00013498500025,paper_formula,0.0001,0.00013498500025,computed_full_formula_3_1_to_3_6,,0,0.721901872798153,0
1,2,3,35,0.668767854209998,0.00062388720514,paper_formula,0.0001,0.00062388720514,computed_full_formula_3_1_to_3_6,,0,0.0698760824957089,0
1,2,3,36,0.151204798843155,0.00069187360582,paper_formula,0.0001,0.00069187360582,computed_full_formula_3_1_to_3_6,,0,0.798677584781401,0
1,2,3,37,0.745973398219303,0.00061188960502,paper_formula,0.0001,0.00061188960502,computed_full_formula_3_1_to_3_6,,0,0.569640436575847,0
1,2,3,38,0.570796687798016,0.00048691460377,paper_formula,0.0001,0.00048691460377,computed_full_formula_3_1_to_3_6,,0,0.538793269410941,0
1,2,3,39,0.635924989340374,0.00055490100445,paper_formula,0.0001,0.00055490100445,computed_full_formula_3_1_to_3_6,,0,0.326353073451639,0
1,2,4,2,0.0869259067164243,0.00069187360582,paper_formula,0.0001,0.00069187360582,computed_full_formula_3_1_to_3_6,,0,0.820972678529856,0
1,2,4,6,0.255136196610853,0.00065788040548,paper_formula,0.0001,0.00065788040548,computed_full_formula_3_1_to_3_6,,0,0.911903330322584,0
1,2,4,7,0.451913045160424,0.00054390320434,paper_formula,0.0001,0.00054390320434,computed_full_formula_3_1_to_3_6,,0,0.576887843269394,0
1,2,4,9,0.92574818136452,0.257997609586412,paper_formula,0.0629112165915775,0.257997609586412,computed_full_formula_3_1_to_3_6,,0,0.0690059390342144,0
1,2,4,10,0.0502912243217896,0.00069187360582,paper_formula,0.0001,0.00069187360582,computed_full_formula_3_1_to_3_6,,0,0.323555878946907,0
1,2,4,11,0.0784143933896277,0.00067487700565,paper_formula,0.0001,0.00067487700565,computed_full_formula_3_1_to_3_6,,0,0.500229289772611,0
1,2,4,12,0.140209964761415,0.00037293740263,paper_formula,0.0001,0.00037293740263,computed_full_formula_3_1_to_3_6,,0,0.351076986678293,0
1,2,4,13,0.369758846628751,0.00061188960502,paper_formula,0.0001,0.00061188960502,computed_full_formula_3_1_to_3_6,,0,0.91558166187548,0
1,2,4,15,0.0983728170765122,0.00013298540023,paper_formula,0.0001,0.00013298540023,computed_full_formula_3_1_to_3_6,,0,0.134647749980049,0
1,2,4,16,0.542198780479948,0.00013298540023,paper_formula,0.0001,0.00013298540023,computed_full_formula_3_1_to_3_6,,0,0.849134826259588,0
1,2,4,17,0.536348649938637,0.00079485300685,paper_formula,0.0001,0.00079485300685,computed_full_formula_3_1_to_3_6,,0,0.849696246084691,0
1,2,4,18,1.1884366355307,1,paper_formula,0.947964859888173,1,computed_full_formula_3_1_to_3_6,,0,0.469643642565812,0
1,2,4,20,0.869318374975963,0.00066287940553,paper_formula,0.0347245283004933,0.00066287940553,computed_full_formula_3_1_to_3_6,,0,0.579405608427369,0
1,2,4,21,1.06615192862057,1,paper_formula,0.39768367879256,1,computed_full_formula_3_1_to_3_6,,0,0.394641127282103,0
1,2,4,22,0.931515725056558,0.315487680463157,paper_formula,0.0657921046657505,0.315487680463157,computed_full_formula_3_1_to_3_6,,0,0.057180409044946,0
1,2,4,23,0.77742673288567,0.00054390320434,paper_formula,0.0001,0.00054390320434,computed_full_formula_3_1_to_3_6,,0,0.697391910410891,0
1,2,4,24,0.26920567823055,0.00048691460377,paper_formula,0.0001,0.00048691460377,computed_full_formula_3_1_to_3_6,,0,0.284213635671869,0
1,2,4,25,0.616667421932429,0.00057789640468,paper_formula,0.0001,0.00057789640468,computed_full_formula_3_1_to_3_6,,0,0.976558340038089,0
1,2,4,26,0.980384628568228,0.803855525496183,paper_formula,0.09020212196983,0.803855525496183,computed_full_formula_3_1_to_3_6,,0,0.842636767732309,0
1,2,4,27,1.14880482433685,1,paper_formula,0.769621709515831,1,computed_full_formula_3_1_to_3_6,,0,0.837231992568142,0
1,2,4,28,0.648735955236841,0.00058289540473,paper_formula,0.0001,0.00058289540473,computed_full_formula_3_1_to_3_6,,0,0.19321403092053,0
1,2,4,29,0.278823195263586,0.000709870006,paper_formula,0.0001,0.000709870006,computed_full_formula_3_1_to_3_6,,0,0.29311559755965,0
1,2,4,30,0.583492347288783,0.0007598600065,paper_formula,0.0001,0.0007598600065,computed_full_formula_3_1_to_3_6,,0,0.0660748883377673,0
1,2,4,31,0.387954751076506,0.00069187360582,paper_formula,0.0001,0.00069187360582,computed_full_formula_3_1_to_3_6,,0,0.146302251285794,0
1,2,4,32,0.0869749543025669,0.00062488700515,paper_formula,0.0001,0.00062488700515,computed_full_formula_3_1_to_3_6,,0,0.0628575834724594,0
1,2,4,33,0.777820037921125,0.00013498500025,paper_formula,0.0001,0.00013498500025,computed_full_formula_3_1_to_3_6,,0,0.0055587641405469,0
1,2,4,34,0.641434398633906,0.00013498500025,paper_formula,0.0001,0.00013498500025,computed_full_formula_3_1_to_3_6,,0,0.141592560776205,0
1,2,4,35,0.706025006813298,0.00062388720514,paper_formula,0.0001,0.00062388720514,computed_full_formula_3_1_to_3_6,,0,0.397804146503844,0
1,2,4,36,0.144124615319063,0.00069187360582,paper_formula,0.0001,0.00069187360582,computed_full_formula_3_1_to_3_6,,0,0.686353491709406,0
1,2,4,37,0.77203648518483,0.00061188960502,paper_formula,0.0001,0.00061188960502,computed_full_formula_3_1_to_3_6,,0,0.424510892816486,0
1,2,4,38,0.624566875001715,0.00048691460377,paper_formula,0.0001,0.00048691460377,computed_full_formula_3_1_to_3_6,,0,0.889293555824548,0
1,2,4,39,0.642381160270757,0.00055490100445,paper_formula,0.0001,0.00055490100445,computed_full_formula_3_1_to_3_6,,0,0.843465810926485,0
2,1,1,1,0.178569936501703,0.00054790240438,paper_formula,0.0001,0.00054790240438,computed_full_formula_3_1_to_3_6,,0,0.584332646673801,0
2,1,1,3,0.927462420748831,0.274953412606952,paper_formula,0.0637674791640409,0.274953412606952,computed_full_formula_3_1_to_3_6,,0,0.590001683945841,0
2,1,1,4,0.34128080952223,0.00055490100445,paper_formula,0.0001,0.00055490100445,computed_full_formula_3_1_to_3_6,,0,0.459087511827551,0
2,1,1,5,0.448933525338047,0.00058689460477,paper_formula,0.0001,0.00058689460477,computed_full_formula_3_1_to_3_6,,0,0.879752585245454,0
2,1,1,6,0.273761039302678,0.00065788040548,paper_formula,0.0001,0.00065788040548,computed_full_formula_3_1_to_3_6,,0,0.707658843872789,0
2,1,1,7,0.057276079542317,0.00054390320434,paper_formula,0.0001,0.00054390320434,computed_full_formula_3_1_to_3_6,,0,0.413145997822635,0
2,1,1,8,0.241296161006245,0.00014398320034,paper_formula,0.0001,0.00014398320034,computed_full_formula_3_1_to_3_6,,0,0.824136580828395,0
2,1,1,9,0.510328132651439,0.00072586680616,paper_formula,0.0001,0.00072586680616,computed_full_formula_3_1_to_3_6,,0,0.319707865394741,0
2,1,1,10,0.5246260702515,0.00069187360582,paper_formula,0.0001,0.00069187360582,computed_full_formula_3_1_to_3_6,,0,0.00223626495582485,0
2,1,1,11,0.539605844292016,0.00067487700565,paper_formula,0.0001,0.00067487700565,computed_full_formula_3_1_to_3_6,,0,0.745910272816427,0
2,1,1,12,0.662284781825769,0.00037293740263,paper_formula,0.0001,0.00037293740263,computed_full_formula_3_1_to_3_6,,0,0.795609382662818,0
2,1,1,13,0.679401033048363,0.00061188960502,paper_formula,0.0001,0.00061188960502,computed_full_formula_3_1_to_3_6,,0,0.108073706314171,0
2,1,1,14,0.53757361733607,0.00048691460377,paper_formula,0.0001,0.00048691460377,computed_full_formula_3_1_to_3_6,,0,0.593182530530096,0
2,1,1,15,0.386669084220722,0.00013298540023,paper_formula,0.0001,0.00013298540023,computed_full_formula_3_1_to_3_6,,0,0.346784788389673,0
2,1,1,16,0.353300010518198,0.00013298540023,paper_formula,0.0001,0.00013298540023,computed_full_formula_3_1_to_3_6,,0,0.0779066857344516,0
2,1,1,17,0.334937614660915,0.00079485300685,paper_formula,0.0001,0.00079485300685,computed_full_formula_3_1_to_3_6,,0,0.559169791496758,0
2,1,1,18,0.5694568487398,0.00033294540223,paper_formula,0.0001,0.00033294540223,computed_full_formula_3_1_to_3_6,,0,0.242302187068583,0
2,1,1,19,0.520573554645031,0.00079485300685,paper_formula,0.0001,0.00079485300685,computed_full_formula_3_1_to_3_6,,0,0.325255088990748,0
2,1,1,20,0.767784943255741,0.00066287940553,paper_formula,0.0001,0.00066287940553,computed_full_formula_3_1_to_3_6,,0,0.614751139112239,0
2,1,1,21,0.0880810041489524,0.00053690460427,paper_formula,0.0001,0.00053690460427,computed_full_formula_3_1_to_3_6,,0,0.674190820919409,0
2,1,1,22,0.0922982691843082,0.00052390720414,paper_formula,0.0001,0.00052390720414,computed_full_formula_3_1_to_3_6,,0,0.440249899227549,0
2,1,1,23,0.492916663179993,0.00054390320434,paper_formula,0.0001,0.00054390320434,computed_full_formula_3_1_to_3_6,,0,0.616646206329821,0
2,1,1,24,0.0953835897444782,0.00048691460377,paper_formula,0.0001,0.00048691460377,computed_full_formula_3_1_to_3_6,,0,0.607415173481948,0
2,1,1,25,0.501090743752921,0.00057789640468,paper_formula,0.0001,0.00057789640468,computed_full_formula_3_1_to_3_6,,0,0.875947308550008,0
2,1,1,26,0.303187142649034,0.00041592880306,paper_formula,0.0001,0.00041592880306,computed_full_formula_3_1_to_3_6,,0,0.15991115762684,0
2,1,1,27,0.792758025260382,0.00012098780011,paper_formula,0.0001,0.00012098780011,computed_full_formula_3_1_to_3_6,,0,0.458529311960778,0
2,1,1,28,0.536963620068724,0.00058289540473,paper_formula,0.0001,0.00058289540473,computed_full_formula_3_1_to_3_6,,0,0.286365096223101,0
2,1,1,29,0.0955991876212148,0.000709870006,paper_formula,0.0001,0.000709870006,computed_full_formula_3_1_to_3_6,,0,0.668619663362001,0
2,1,1,30,0.233252125000229,0.0007598600065,paper_formula,0.0001,0.0007598600065,computed_full_formula_3_1_to_3_6,,0,0.366454881542906,0
2,1,1,31,0.091891794198765,0.00069187360582,paper_formula,0.0001,0.00069187360582,computed_full_formula_3_1_to_3_6,,0,0.622771306447717,0
2,1,1,32,0.165640274802999,0.00062488700515,paper_formula,0.0001,0.00062488700515,computed_full_formula_3_1_to_3_6,,0,0.0164157098594326,0
2,1,1,33,0.708215416327138,0.00013498500025,paper_formula,0.0001,0.00013498500025,computed_full_formula_3_1_to_3_6,,0,0.713200881529349,0
2,1,1,34,0.620695445337585,0.00013498500025,paper_formula,0.0001,0.00013498500025,computed_full_formula_3_1_to_3_6,,0,0.120243763915301,0
2,1,1,35,0.652987476056737,0.00062388720514,paper_formula,0.0001,0.00062388720514,computed_full_formula_3_1_to_3_6,,0,0.164483705995522,0
2,1,1,36,0.144813884855965,0.00069187360582,paper_formula,0.0001,0.00069187360582,computed_full_formula_3_1_to_3_6,,0,0.324933990823593,0
2,1,1,37,0.707455617001205,0.00061188960502,paper_formula,0.0001,0.00061188960502,computed_full_formula_3_1_to_3_6,,0,0.233271945553827,0
2,1,1,38,0.575277145085196,0.00048691460377,paper_formula,0.0001,0.00048691460377,computed_full_formula_3_1_to_3_6,,0,0.862591980255547,0
2,1,1,39,0.627728965397236,0.00055490100445,paper_formula,0.0001,0.00055490100445,computed_full_formula_3_1_to_3_6,,0,0.896611398285269,0
2,1,1,40,0.275909643951713,0.0005998920049,paper_formula,0.0001,0.0005998920049,computed_full_formula_3_1_to_3_6,,0,0.916585646871445,0
2,1,1,41,0.614791267669314,0.00056689860457,paper_formula,0.0001,0.00056689860457,computed_full_formula_3_1_to_3_6,,0,0.997379865274366,0
2,1,1,42,0.41960156219803,0.00071286940603,paper_formula,0.0001,0.00071286940603,computed_full_formula_3_1_to_3_6,,0,0.227806934035052,0
2,1,1,43,0.159878773128228,0.00058689460477,paper_formula,0.0001,0.00058689460477,computed_full_formula_3_1_to_3_6,,0,0.0804761821056145,0
2,1,1,44,0.24513799783112,0.00013498500025,paper_formula,0.0001,0.00013498500025,computed_full_formula_3_1_to_3_6,,0,0.862279006330452,0
2,1,1,45,0.489532590814435,0.00056189960452,paper_formula,0.0001,0.00056189960452,computed_full_formula_3_1_to_3_6,,0,0.329186548044732,0
2,1,1,46,0.595894597586229,0.00052390720414,paper_formula,0.0001,0.00052390720414,computed_full_formula_3_1_to_3_6,,0,0.695355278616227,0
2,2,1,1,0.178569936501703,0.00054790240438,paper_formula,0.0001,0.00054790240438,computed_full_formula_3_1_to_3_6,,0,0.869339991935155,0
2,2,1,3,0.927462420748831,0.274953412606952,paper_formula,0.0637674791640409,0.274953412606952,computed_full_formula_3_1_to_3_6,,0,0.243140036670285,1
2,2,1,4,0.34128080952223,0.00055490100445,paper_formula,0.0001,0.00055490100445,computed_full_formula_3_1_to_3_6,,0,0.650891601656882,0
2,2,1,5,0.448933525338047,0.00058689460477,paper_formula,0.0001,0.00058689460477,computed_full_formula_3_1_to_3_6,,0,0.445113931200274,0
2,2,1,6,0.273761039302678,0.00065788040548,paper_formula,0.0001,0.00065788040548,computed_full_formula_3_1_to_3_6,,0,0.395796315658138,0
2,2,1,7,0.057276079542317,0.00054390320434,paper_formula,0.0001,0.00054390320434,computed_full_formula_3_1_to_3_6,,0,0.473345569371184,0
2,2,1,8,0.241296161006245,0.00014398320034,paper_formula,0.0001,0.00014398320034,computed_full_formula_3_1_to_3_6,,0,0.937543662790963,0
2,2,1,9,0.510328132651439,0.00072586680616,paper_formula,0.0001,0.00072586680616,computed_full_formula_3_1_to_3_6,,0,0.5360080282458,0
2,2,1,10,0.5246260702515,0.00069187360582,paper_formula,0.0001,0.00069187360582,computed_full_formula_3_1_to_3_6,,0,0.610286277890402,0
2,2,1,11,0.539605844292016,0.00067487700565,paper_formula,0.0001,0.00067487700565,computed_full_formula_3_1_to_3_6,,0,0.828933053398282,0
2,2,1,12,0.662284781825769,0.00037293740263,paper_formula,0.0001,0.00037293740263,computed_full_formula_3_1_to_3_6,,0,0.800754086590719,0
2,2,1,13,0.679401033048363,0.00061188960502,paper_formula,0.0001,0.00061188960502,computed_full_formula_3_1_to_3_6,,0,0.222497631792237,0
2,2,1,14,0.53757361733607,0.00048691460377,paper_formula,0.0001,0.00048691460377,computed_full_formula_3_1_to_3_6,,0,0.671391107264832,0
2,2,1,15,0.386669084220722,0.00013298540023,paper_formula,0.0001,0.00013298540023,computed_full_formula_3_1_to_3_6,,0,0.885110415237859,0
2,2,1,16,0.353300010518198,0.00013298540023,paper_formula,0.0001,0.00013298540023,computed_full_formula_3_1_to_3_6,,0,0.601941883980906,0
2,2,1,17,0.334937614660915,0.00079485300685,paper_formula,0.0001,0.00079485300685,computed_full_formula_3_1_to_3_6,,0,0.079443376191516,0
2,2,1,18,0.5694568487398,0.00033294540223,paper_formula,0.0001,0.00033294540223,computed_full_formula_3_1_to_3_6,,0,0.958495182729381,0
2,2,1,19,0.520573554645031,0.00079485300685,paper_formula,0.0001,0.00079485300685,computed_full_formula_3_1_to_3_6,,0,0.59862176200467,0
2,2,1,20,0.767784943255741,0.00066287940553,paper_formula,0.0001,0.00066287940553,computed_full_formula_3_1_to_3_6,,0,0.0561392056528124,0
2,2,1,21,0.0880810041489524,0.00053690460427,paper_formula,0.0001,0.00053690460427,computed_full_formula_3_1_to_3_6,,0,0.307447494239851,0
2,2,1,22,0.0922982691843082,0.00052390720414,paper_formula,0.0001,0.00052390720414,computed_full_formula_3_1_to_3_6,,0,0.418461088409683,0
2,2,1,23,0.492916663179993,0.00054390320434,paper_formula,0.0001,0.00054390320434,computed_full_formula_3_1_to_3_6,,0,0.679849998559559,0
2,2,1,24,0.0953835897444782,0.00048691460377,paper_formula,0.0001,0.00048691460377,computed_full_formula_3_1_to_3_6,,0,0.99484866526007,0
2,2,1,25,0.501090743752921,0.00057789640468,paper_formula,0.0001,0.00057789640468,computed_full_formula_3_1_to_3_6,,0,0.952894951937557,0
2,2,1,26,0.303187142649034,0.00041592880306,paper_formula,0.0001,0.00041592880306,computed_full_formula_3_1_to_3_6,,0,0.993578517206502,0
2,2,1,27,0.792758025260382,0.00012098780011,paper_formula,0.0001,0.00012098780011,computed_full_formula_3_1_to_3_6,,0,0.182745533696256,0
2,2,1,28,0.536963620068724,0.00058289540473,paper_formula,0.0001,0.00058289540473,computed_full_formula_3_1_to_3_6,,0,0.238252321123979,0
2,2,1,29,0.0955991876212148,0.000709870006,paper_formula,0.0001,0.000709870006,computed_full_formula_3_1_to_3_6,,0,0.72499723468333,0
2,2,1,30,0.233252125000229,0.0007598600065,paper_formula,0.0001,0.0007598600065,computed_full_formula_3_1_to_3_6,,0,0.470967195356479,0
2,2,1,31,0.091891794198765,0.00069187360582,paper_formula,0.0001,0.00069187360582,computed_full_formula_3_1_to_3_6,,0,0.267591312831423,0
2,2,1,32,0.165640274802999,0.00062488700515,paper_formula,0.0001,0.00062488700515,computed_full_formula_3_1_to_3_6,,0,0.40075841486225,0
2,2,1,33,0.708215416327138,0.00013498500025,paper_formula,0.0001,0.00013498500025,computed_full_formula_3_1_to_3_6,,0,0.0191709079010711,0
2,2,1,34,0.620695445337585,0.00013498500025,paper_formula,0.0001,0.00013498500025,computed_full_formula_3_1_to_3_6,,0,0.110501925695919,0
2,2,1,35,0.652987476056737,0.00062388720514,paper_formula,0.0001,0.00062388720514,computed_full_formula_3_1_to_3_6,,0,0.263513697109088,0
2,2,1,36,0.144813884855965,0.00069187360582,paper_formula,0.0001,0.00069187360582,computed_full_formula_3_1_to_3_6,,0,0.280212368440017,0
2,2,1,37,0.707455617001205,0.00061188960502,paper_formula,0.0001,0.00061188960502,computed_full_formula_3_1_to_3_6,,0,0.583990757813888,0
2,2,1,38,0.575277145085196,0.00048691460377,paper_formula,0.0001,0.00048691460377,computed_full_formula_3_1_to_3_6,,0,0.36541732842565,0
2,2,1,39,0.627728965397236,0.00055490100445,paper_formula,0.0001,0.00055490100445,computed_full_formula_3_1_to_3_6,,0,0.612017210099856,0
2,2,1,40,0.275909643951713,0.0005998920049,paper_formula,0.0001,0.0005998920049,computed_full_formula_3_1_to_3_6,,0,0.279623038788392,0
2,2,1,41,0.614791267669314,0.00056689860457,paper_formula,0.0001,0.00056689860457,computed_full_formula_3_1_to_3_6,,0,0.631953684115935,0
2,2,1,42,0.41960156219803,0.00071286940603,paper_formula,0.0001,0.00071286940603,computed_full_formula_3_1_to_3_6,,0,0.278236124249029,0
2,2,1,43,0.159878773128228,0.00058689460477,paper_formula,0.0001,0.00058689460477,computed_full_formula_3_1_to_3_6,,0,0.387373432121355,0
2,2,1,44,0.24513799783112,0.00013498500025,paper_formula,0.0001,0.00013498500025,computed_full_formula_3_1_to_3_6,,0,0.00461117547265888,0
2,2,1,45,0.489532590814435,0.00056189960452,paper_formula,0.0001,0.00056189960452,computed_full_formula_3_1_to_3_6,,0,0.706825917067968,0
2,2,1,46,0.595894597586229,0.00052390720414,paper_formula,0.0001,0.00052390720414,computed_full_formula_3_1_to_3_6,,0,0.812072489449731,0
2,2,2,1,0.178569936501681,0.00054790240438,paper_formula,0.0001,0.00054790240438,computed_full_formula_3_1_to_3_6,,0,0.427320302383452,0
2,2,2,4,0.597127311677563,0.00055490100445,paper_formula,0.0001,0.00055490100445,computed_full_formula_3_1_to_3_6,,0,0.862293526507301,0
2,2,2,5,0.440615885848344,0.00058689460477,paper_formula,0.0001,0.00058689460477,computed_full_formula_3_1_to_3_6,,0,0.830588399116801,0
2,2,2,6,0.0408077419179015,0.00065788040548,paper_formula,0.0001,0.00065788040548,computed_full_formula_3_1_to_3_6,,0,0.525747114149801,0
2,2,2,7,0.638180168883017,0.00054390320434,paper_formula,0.0001,0.00054390320434,computed_full_formula_3_1_to_3_6,,0,0.870869333337038,0
2,2,2,8,0.3297241223811,0.00014398320034,paper_formula,0.0001,0.00014398320034,computed_full_formula_3_1_to_3_6,,0,0.555952056226191,0
2,2,2,9,0.671484688205007,0.00072586680616,paper_formula,0.0001,0.00072586680616,computed_full_formula_3_1_to_3_6,,0,0.341431596877055,0
2,2,2,10,0.561062801513447,0.00069187360582,paper_formula,0.0001,0.00069187360582,computed_full_formula_3_1_to_3_6,,0,0.83061889123598,0
2,2,2,11,0.533394509333432,0.00067487700565,paper_formula,0.0001,0.00067487700565,computed_full_formula_3_1_to_3_6,,0,0.0975223537210035,0
2,2,2,12,0.666449134303733,0.00037293740263,paper_formula,0.0001,0.00037293740263,computed_full_formula_3_1_to_3_6,,0,0.479421590642322,0
2,2,2,13,0.714004487318269,0.00061188960502,paper_formula,0.0001,0.00061188960502,computed_full_formula_3_1_to_3_6,,0,0.318059408507596,0
2,2,2,14,0.562043722844657,0.00048691460377,paper_formula,0.0001,0.00048691460377,computed_full_formula_3_1_to_3_6,,0,0.306047712137861,0
2,2,2,15,0.391139505904843,0.00013298540023,paper_formula,0.0001,0.00013298540023,computed_full_formula_3_1_to_3_6,,0,0.223118688507789,0
2,2,2,16,0.358976758866089,0.00013298540023,paper_formula,0.0001,0.00013298540023,computed_full_formula_3_1_to_3_6,,0,0.967133605245927,0
2,2,2,17,0.33096013337785,0.00079485300685,paper_formula,0.0001,0.00079485300685,computed_full_formula_3_1_to_3_6,,0,0.375107047581205,0
2,2,2,18,0.596421419870027,0.00033294540223,paper_formula,0.0001,0.00033294540223,computed_full_formula_3_1_to_3_6,,0,0.356577299072509,0
2,2,2,19,0.519592129346802,0.00079485300685,paper_formula,0.0001,0.00079485300685,computed_full_formula_3_1_to_3_6,,0,0.877332229965619,0
2,2,2,20,0.793408142603363,0.00066287940553,paper_formula,0.0001,0.00066287940553,computed_full_formula_3_1_to_3_6,,0,0.960653494028585,0
2,2,2,21,0.090438949295958,0.00053690460427,paper_formula,0.0001,0.00053690460427,computed_full_formula_3_1_to_3_6,,0,0.0403179283266375,0
2,2,2,22,0.0902942822510421,0.00052390720414,paper_formula,0.0001,0.00052390720414,computed_full_formula_3_1_to_3_6,,0,0.661536520596088,0
2,2,2,23,0.483558456062228,0.00054390320434,paper_formula,0.0001,0.00054390320434,computed_full_formula_3_1_to_3_6,,0,0.899989671472795,0
2,2,2,24,0.123940436212672,0.00048691460377,paper_formula,0.0001,0.00048691460377,computed_full_formula_3_1_to_3_6,,0,0.395659796950889,0
2,2,2,25,0.64632783498983,0.00057789640468,paper_formula,0.0001,0.00057789640468,computed_full_formula_3_1_to_3_6,,0,0.641321774125514,0
2,2,2,26,0.209265704036913,0.00041592880306,paper_formula,0.0001,0.00041592880306,computed_full_formula_3_1_to_3_6,,0,0.386532605605312,0
2,2,2,27,0.824531979695506,0.00012098780011,paper_formula,0.012353723857905,0.00012098780011,computed_full_formula_3_1_to_3_6,,0,0.607381702612401,0
2,2,2,28,0.523113361649874,0.00058289540473,paper_formula,0.0001,0.00058289540473,computed_full_formula_3_1_to_3_6,,0,0.661590617944769,0
2,2,2,29,0.129515229203793,0.000709870006,paper_formula,0.0001,0.000709870006,computed_full_formula_3_1_to_3_6,,0,0.691262336631512,0
2,2,2,30,0.799800002205425,0.0007598600065,paper_formula,0.0001,0.0007598600065,computed_full_formula_3_1_to_3_6,,0,0.373175784805536,0
2,2,2,31,0.671462228199485,0.00069187360582,paper_formula,0.0001,0.00069187360582,computed_full_formula_3_1_to_3_6,,0,0.277914443246684,0
2,2,2,32,0.167283827721985,0.00062488700515,paper_formula,0.0001,0.00062488700515,computed_full_formula_3_1_to_3_6,,0,0.734814474492101,0
2,2,2,33,0.723304197588987,0.00013498500025,paper_formula,0.0001,0.00013498500025,computed_full_formula_3_1_to_3_6,,0,0.244745868737625,0
2,2,2,34,0.626809928469698,0.00013498500025,paper_formula,0.0001,0.00013498500025,computed_full_formula_3_1_to_3_6,,0,0.283881510124039,0
2,2,2,35,0.657598619187097,0.00062388720514,paper_formula,0.0001,0.00062388720514,computed_full_formula_3_1_to_3_6,,0,0.924762458837738,0
2,2,2,36,0.147439179809749,0.00069187360582,paper_formula,0.0001,0.00069187360582,computed_full_formula_3_1_to_3_6,,0,0.662625761695144,0
2,2,2,37,0.721169712219001,0.00061188960502,paper_formula,0.0001,0.00061188960502,computed_full_formula_3_1_to_3_6,,0,0.0475365156017306,0
2,2,2,38,0.571369902995375,0.00048691460377,paper_formula,0.0001,0.00048691460377,computed_full_formula_3_1_to_3_6,,0,0.140186875998114,0
2,2,2,39,0.63028509748857,0.00055490100445,paper_formula,0.0001,0.00055490100445,computed_full_formula_3_1_to_3_6,,0,0.504108222937566,0
2,2,2,40,1.03111266391158,1,paper_formula,0.240006987602109,1,computed_full_formula_3_1_to_3_6,,0,0.296666420003833,1
2,2,2,41,0.626928502152175,0.00056689860457,paper_formula,0.0001,0.00056689860457,computed_full_formula_3_1_to_3_6,,0,0.383537005782226,0
2,2,2,42,1.14757068694307,1,paper_formula,0.764068091243829,1,computed_full_formula_3_1_to_3_6,,0,0.801310299674828,1
2,2,2,43,0.177110426338038,0.00058689460477,paper_formula,0.0001,0.00058689460477,computed_full_formula_3_1_to_3_6,,0,0.382077683978563,0
2,2,2,44,0.250177729366811,0.00013498500025,paper_formula,0.0001,0.00013498500025,computed_full_formula_3_1_to_3_6,,0,0.206266239804732,0
2,2,2,45,0.487544388161469,0.00056189960452,paper_formula,0.0001,0.00056189960452,computed_full_formula_3_1_to_3_6,,0,0.654347988453827,0
2,2,2,46,0.6004113335565,0.00052390720414,paper_formula,0.0001,0.00052390720414,computed_full_formula_3_1_to_3_6,,0,0.689919701618345,0
2,2,3,6,0.683831567419507,0.00065788040548,paper_formula,0.0001,0.00065788040548,computed_full_formula_3_1_to_3_6,,0,0.413443647360687,0
2,2,3,7,0.130064487970705,0.00054390320434,paper_formula,0.0001,0.00054390320434,computed_full_formula_3_1_to_3_6,,0,0.401000932894487,0
2,2,3,8,0.978141528365204,0.781376428803514,paper_formula,0.0890816934184193,0.781376428803514,computed_full_formula_3_1_to_3_6,,0,0.502871081229048,1
2,2,3,9,0.566050951229822,0.00072586680616,paper_formula,0.0001,0.00072586680616,computed_full_formula_3_1_to_3_6,,0,0.845489236762489,0
2,2,3,10,0.860423501756319,0.00069187360582,paper_formula,0.0302815391272813,0.00069187360582,computed_full_formula_3_1_to_3_6,,0,0.824959828185137,0
2,2,3,11,0.489330067574858,0.00067487700565,paper_formula,0.0001,0.00067487700565,computed_full_formula_3_1_to_3_6,,0,0.681197258925616,0
2,2,3,12,0.704921425264753,0.00037293740263,paper_formula,0.0001,0.00037293740263,computed_full_formula_3_1_to_3_6,,0,0.947216494206834,0
2,2,3,13,0.417329926975599,0.00061188960502,paper_formula,0.0001,0.00061188960502,computed_full_formula_3_1_to_3_6,,0,0.977581840749043,0
2,2,3,14,1.00742067524542,1,paper_formula,0.133393038604382,1,computed_full_formula_3_1_to_3_6,,0,0.608170137457198,1
2,2,3,15,0.433365604450207,0.00013298540023,paper_formula,0.0001,0.00013298540023,computed_full_formula_3_1_to_3_6,,0,0.1821257413487,0
2,2,3,16,0.38560396550837,0.00013298540023,paper_formula,0.0001,0.00013298540023,computed_full_formula_3_1_to_3_6,,0,0.976094916808143,0
2,2,3,17,0.347679579759114,0.00079485300685,paper_formula,0.0001,0.00079485300685,computed_full_formula_3_1_to_3_6,,0,0.393980229526778,0
2,2,3,18,0.400237560075168,0.00033294540223,paper_formula,0.0001,0.00033294540223,computed_full_formula_3_1_to_3_6,,0,0.958536488209101,0
2,2,3,19,0.929411519202305,0.29464979631788,paper_formula,0.0647410538415515,0.29464979631788,computed_full_formula_3_1_to_3_6,,0,0.234785735940211,1
2,2,3,20,0.880179366642771,0.00066287940553,paper_formula,0.0401495936380641,0.00066287940553,computed_full_formula_3_1_to_3_6,,0,0.944134829195804,0
2,2,3,21,0.100448826055134,0.00053690460427,paper_formula,0.0001,0.00053690460427,computed_full_formula_3_1_to_3_6,,0,0.491858272028483,0
2,2,3,22,0.101962328546501,0.00052390720414,paper_formula,0.0001,0.00052390720414,computed_full_formula_3_1_to_3_6,,0,0.910781958219149,0
2,2,3,23,0.935926467538589,0.359580839561296,paper_formula,0.0679952705355252,0.359580839561296,computed_full_formula_3_1_to_3_6,,0,0.492755679854772,0
2,2,3,24,0.492777582828965,0.00048691460377,paper_formula,0.0001,0.00048691460377,computed_full_formula_3_1_to_3_6,,0,0.441245448899923,0
2,2,3,25,0.305715295649541,0.00057789640468,paper_formula,0.0001,0.00057789640468,computed_full_formula_3_1_to_3_6,,0,0.500815701082215,0
2,2,3,26,0.747789361987653,0.00041592880306,paper_formula,0.0001,0.00041592880306,computed_full_formula_3_1_to_3_6,,0,0.116584514006382,0
2,2,3,27,0.871760899017967,0.00012098780011,paper_formula,0.0359445690594745,0.00012098780011,computed_full_formula_3_1_to_3_6,,0,0.975339042575478,0
2,2,3,28,0.515227022811895,0.00058289540473,paper_formula,0.0001,0.00058289540473,computed_full_formula_3_1_to_3_6,,0,0.167351562864411,0
2,2,3,29,0.170563008804884,0.000709870006,paper_formula,0.0001,0.000709870006,computed_full_formula_3_1_to_3_6,,0,0.659897062856058,0
2,2,3,30,0.270293308706583,0.0007598600065,paper_formula,0.0001,0.0007598600065,computed_full_formula_3_1_to_3_6,,0,0.725205736734437,0
2,2,3,31,0.484943438855389,0.00069187360582,paper_formula,0.0001,0.00069187360582,computed_full_formula_3_1_to_3_6,,0,0.0492816566744969,0
2,2,3,32,0.171915816088956,0.00062488700515,paper_formula,0.0001,0.00062488700515,computed_full_formula_3_1_to_3_6,,0,0.505412226387395,0
2,2,3,33,0.74410984529471,0.00013498500025,paper_formula,0.0001,0.00013498500025,computed_full_formula_3_1_to_3_6,,0,0.652575270762398,0
2,2,3,34,0.634798253312347,0.00013498500025,paper_formula,0.0001,0.00013498500025,computed_full_formula_3_1_to_3_6,,0,0.695047544029366,0
2,2,3,35,0.666301852242166,0.00062388720514,paper_formula,0.0001,0.00062388720514,computed_full_formula_3_1_to_3_6,,0,0.517316494450072,0
2,2,3,36,0.150507697616792,0.00069187360582,paper_formula,0.0001,0.00069187360582,computed_full_formula_3_1_to_3_6,,0,0.21399667730785,0
2,2,3,37,0.740929965571651,0.00061188960502,paper_formula,0.0001,0.00061188960502,computed_full_formula_3_1_to_3_6,,0,0.304203911700877,0
2,2,3,38,0.570451707114285,0.00048691460377,paper_formula,0.0001,0.00048691460377,computed_full_formula_3_1_to_3_6,,0,0.357761682050263,0
2,2,3,39,0.634701508109634,0.00055490100445,paper_formula,0.0001,0.00055490100445,computed_full_formula_3_1_to_3_6,,0,0.130869811172671,0
2,2,4,6,0.255136196610853,0.00065788040548,paper_formula,0.0001,0.00065788040548,computed_full_formula_3_1_to_3_6,,0,0.490181035064638,0
2,2,4,7,0.451913045160424,0.00054390320434,paper_formula,0.0001,0.00054390320434,computed_full_formula_3_1_to_3_6,,0,0.954701506559837,0
2,2,4,9,0.92574818136452,0.257997609586412,paper_formula,0.0629112165915775,0.257997609586412,computed_full_formula_3_1_to_3_6,,0,0.178598315312299,0
2,2,4,10,0.0502912243217896,0.00069187360582,paper_formula,0.0001,0.00069187360582,computed_full_formula_3_1_to_3_6,,0,0.72852074576552,0
2,2,4,11,0.0784143933896277,0.00067487700565,paper_formula,0.0001,0.00067487700565,computed_full_formula_3_1_to_3_6,,0,0.532563203130096,0
2,2,4,12,0.140209964761415,0.00037293740263,paper_formula,0.0001,0.00037293740263,computed_full_formula_3_1_to_3_6,,0,0.621661934986009,0
2,2,4,13,0.369758846628751,0.00061188960502,paper_formula,0.0001,0.00061188960502,computed_full_formula_3_1_to_3_6,,0,0.729856971864582,0
2,2,4,15,0.0983728170765122,0.00013298540023,paper_formula,0.0001,0.00013298540023,computed_full_formula_3_1_to_3_6,,0,0.0878961960146376,0
2,2,4,16,0.542198780479948,0.00013298540023,paper_formula,0.0001,0.00013298540023,computed_full_formula_3_1_to_3_6,,0,0.641169975227802,0
2,2,4,17,0.536348649938637,0.00079485300685,paper_formula,0.0001,0.00079485300685,computed_full_formula_3_1_to_3_6,,0,0.134299713462902,0
2,2,4,18,1.1884366355307,1,paper_formula,0.947964859888173,1,computed_full_formula_3_1_to_3_6,,0,0.570752621689517,0
2,2,4,20,0.869318374975963,0.00066287940553,paper_formula,0.0347245283004933,0.00066287940553,computed_full_formula_3_1_to_3_6,,0,0.909391992737418,0
2,2,4,21,1.06615192862057,1,paper_formula,0.39768367879256,1,computed_full_formula_3_1_to_3_6,,0,0.125884677497283,0
2,2,4,22,0.931515725056558,0.315487680463157,paper_formula,0.0657921046657505,0.315487680463157,computed_full_formula_3_1_to_3_6,,0,0.0571466927124371,0
2,2,4,23,0.77742673288567,0.00054390320434,paper_formula,0.0001,0.00054390320434,computed_full_formula_3_1_to_3_6,,0,0.316442438980824,0
2,2,4,24,0.26920567823055,0.00048691460377,paper_formula,0.0001,0.00048691460377,computed_full_formula_3_1_to_3_6,,0,0.504332458079714,0
2,2,4,25,0.616667421932429,0.00057789640468,paper_formula,0.0001,0.00057789640468,computed_full_formula_3_1_to_3_6,,0,0.283029842133805,0
2,2,4,26,0.980384628568228,0.803855525496183,paper_formula,0.09020212196983,0.803855525496183,computed_full_formula_3_1_to_3_6,,0,0.395865842238226,0
2,2,4,27,1.14880482433685,1,paper_formula,0.769621709515831,1,computed_full_formula_3_1_to_3_6,,0,0.806978574192753,0
2,2,4,28,0.648735955236841,0.00058289540473,paper_formula,0.0001,0.00058289540473,computed_full_formula_3_1_to_3_6,,0,0.499926535679648,0
2,2,4,29,0.278823195263586,0.000709870006,paper_formula,0.0001,0.000709870006,computed_full_formula_3_1_to_3_6,,0,0.606768702566954,0
2,2,4,30,0.583492347288783,0.0007598600065,paper_formula,0.0001,0.0007598600065,computed_full_formula_3_1_to_3_6,,0,0.682632748384661,0
2,2,4,31,0.387954751076506,0.00069187360582,paper_formula,0.0001,0.00069187360582,computed_full_formula_3_1_to_3_6,,0,0.909928740960423,0
2,2,4,32,0.0869749543025669,0.00062488700515,paper_formula,0.0001,0.00062488700515,computed_full_formula_3_1_to_3_6,,0,0.123123152483814,0
2,2,4,33,0.777820037921125,0.00013498500025,paper_formula,0.0001,0.00013498500025,computed_full_formula_3_1_to_3_6,,0,0.345494042064685,0
2,2,4,34,0.641434398633906,0.00013498500025,paper_formula,0.0001,0.00013498500025,computed_full_formula_3_1_to_3_6,,0,0.689969290481969,0
2,2,4,35,0.706025006813298,0.00062388720514,paper_formula,0.0001,0.00062388720514,computed_full_formula_3_1_to_3_6,,0,0.456552538245105,0
2,2,4,36,0.144124615319063,0.00069187360582,paper_formula,0.0001,0.00069187360582,computed_full_formula_3_1_to_3_6,,0,0.757732983713859,0
2,2,4,37,0.77203648518483,0.00061188960502,paper_formula,0.0001,0.00061188960502,computed_full_formula_3_1_to_3_6,,0,0.448490151361982,0
2,2,4,38,0.624566875001715,0.00048691460377,paper_formula,0.0001,0.00048691460377,computed_full_formula_3_1_to_3_6,,0,0.797157556613189,0
2,2,4,39,0.642381160270757,0.00055490100445,paper_formula,0.0001,0.00055490100445,computed_full_formula_3_1_to_3_6,,0,0.867218784364705,0
3,1,1,1,0.633650288211307,0.00054790240438,paper_formula,0.0001,0.00054790240438,computed_full_formula_3_1_to_3_6,,0,0.407432735812499,0
3,1,1,2,0.279215695138598,0.00069187360582,paper_formula,0.0001,0.00069187360582,computed_full_formula_3_1_to_3_6,,0,0.573603447690502,0
3,1,1,4,0.0704687103088431,0.00055490100445,paper_formula,0.0001,0.00055490100445,computed_full_formula_3_1_to_3_6,,0,0.742297829935795,0
3,1,1,5,0.443187710199903,0.00058689460477,paper_formula,0.0001,0.00058689460477,computed_full_formula_3_1_to_3_6,,0,0.599632809115631,0
3,1,1,6,0.278157375908355,0.00065788040548,paper_formula,0.0001,0.00065788040548,computed_full_formula_3_1_to_3_6,,0,0.983433749335367,0
3,1,1,7,0.382641469603146,0.00054390320434,paper_formula,0.0001,0.00054390320434,computed_full_formula_3_1_to_3_6,,0,0.405016287813805,0
3,1,1,8,0.581974148564141,0.00014398320034,paper_formula,0.0001,0.00014398320034,computed_full_formula_3_1_to_3_6,,0,0.819456883931685,0
3,1,1,9,0.603541746434713,0.00072586680616,paper_formula,0.0001,0.00072586680616,computed_full_formula_3_1_to_3_6,,0,0.463833309615631,0
3,1,1,10,0.562696831845765,0.00069187360582,paper_formula,0.0001,0.00069187360582,computed_full_formula_3_1_to_3_6,,0,0.428414776218033,0
3,1,1,11,0.359793884787167,0.00067487700565,paper_formula,0.0001,0.00067487700565,computed_full_formula_3_1_to_3_6,,0,0.230798935215715,0
3,1,1,12,0.525688044440766,0.00037293740263,paper_formula,0.0001,0.00037293740263,computed_full_formula_3_1_to_3_6,,0,0.991734566749188,0
3,1,1,13,0.514295960600757,0.00061188960502,paper_formula,0.0001,0.00061188960502,computed_full_formula_3_1_to_3_6,,0,0.257933516390441,0
3,1,1,14,0.540146554109634,0.00048691460377,paper_formula,0.0001,0.00048691460377,computed_full_formula_3_1_to_3_6,,0,0.426769637741065,0
3,1,1,15,0.252072726666267,0.00013298540023,paper_formula,0.0001,0.00013298540023,computed_full_formula_3_1_to_3_6,,0,0.255112851654176,0
3,1,1,16,0.122174468788229,0.00013298540023,paper_formula,0.0001,0.00013298540023,computed_full_formula_3_1_to_3_6,,0,0.105481435686309,0
3,1,1,17,0.128627825144339,0.00079485300685,paper_formula,0.0001,0.00079485300685,computed_full_formula_3_1_to_3_6,,0,0.326061432371393,0
3,1,1,18,0.451110653021093,0.00033294540223,paper_formula,0.0001,0.00033294540223,computed_full_formula_3_1_to_3_6,,0,0.299193601357512,0
3,1,1,19,0.647139762046641,0.00079485300685,paper_formula,0.0001,0.00079485300685,computed_full_formula_3_1_to_3_6,,0,0.502235930677247,0
3,1,1,20,0.773798885268894,0.00066287940553,paper_formula,0.0001,0.00066287940553,computed_full_formula_3_1_to_3_6,,0,0.183143068184544,0
3,1,1,21,0.0933870089562803,0.00053690460427,paper_formula,0.0001,0.00053690460427,computed_full_formula_3_1_to_3_6,,0,0.598378373839328,0
3,1,1,22,0.0885753520556125,0.00052390720414,paper_formula,0.0001,0.00052390720414,computed_full_formula_3_1_to_3_6,,0,0.216548007632169,0
3,1,1,23,0.630592852365264,0.00054390320434,paper_formula,0.0001,0.00054390320434,computed_full_formula_3_1_to_3_6,,0,0.926789756064762,0
3,1,1,24,0.142959590534213,0.00048691460377,paper_formula,0.0001,0.00048691460377,computed_full_formula_3_1_to_3_6,,0,0.662953359286193,0
3,1,1,25,0.448218639894547,0.00057789640468,paper_formula,0.0001,0.00057789640468,computed_full_formula_3_1_to_3_6,,0,0.533936624941441,0
3,1,1,26,0.358950329649187,0.00041592880306,paper_formula,0.0001,0.00041592880306,computed_full_formula_3_1_to_3_6,,0,0.0321522213081809,0
3,1,1,27,0.804487606937684,0.00012098780011,paper_formula,0.00234155966537322,0.00012098780011,computed_full_formula_3_1_to_3_6,,0,0.321769852446111,0
3,1,1,28,0.530633249002716,0.00058289540473,paper_formula,0.0001,0.00058289540473,computed_full_formula_3_1_to_3_6,,0,0.619794173145561,0
3,1,1,29,0.108945426478659,0.000709870006,paper_formula,0.0001,0.000709870006,computed_full_formula_3_1_to_3_6,,0,0.312029776793977,0
3,1,1,30,0.584704059867577,0.0007598600065,paper_formula,0.0001,0.0007598600065,computed_full_formula_3_1_to_3_6,,0,0.911804265767152,0
3,1,1,31,0.22578931167647,0.00069187360582,paper_formula,0.0001,0.00069187360582,computed_full_formula_3_1_to_3_6,,0,0.81046866603615,0
3,1,1,32,0.165993438723668,0.00062488700515,paper_formula,0.0001,0.00062488700515,computed_full_formula_3_1_to_3_6,,0,0.627058159264055,0
3,1,1,33,0.713968522259004,0.00013498500025,paper_formula,0.0001,0.00013498500025,computed_full_formula_3_1_to_3_6,,0,0.427301963329113,0
3,1,1,34,0.623070825203606,0.00013498500025,paper_formula,0.0001,0.00013498500025,computed_full_formula_3_1_to_3_6,,0,0.407170912899847,0
3,1,1,35,0.654520974250435,0.00062388720514,paper_formula,0.0001,0.00062388720514,computed_full_formula_3_1_to_3_6,,0,0.0144693888671257,0
3,1,1,36,0.145867622563044,0.00069187360582,paper_formula,0.0001,0.00069187360582,computed_full_formula_3_1_to_3_6,,0,0.996796065860642,0
3,1,1,37,0.712604339282761,0.00061188960502,paper_formula,0.0001,0.00061188960502,computed_full_formula_3_1_to_3_6,,0,0.192080705893562,0
3,1,1,38,0.573366906770934,0.00048691460377,paper_formula,0.0001,0.00048691460377,computed_full_formula_3_1_to_3_6,,0,0.27291481443449,0
3,1,1,39,0.628622106116609,0.00055490100445,paper_formula,0.0001,0.00055490100445,computed_full_formula_3_1_to_3_6,,0,0.259679692148829,0
3,1,1,40,0.572101752612633,0.0005998920049,paper_formula,0.0001,0.0005998920049,computed_full_formula_3_1_to_3_6,,0,0.155088944807888,0
3,1,1,41,0.616965573222123,0.00056689860457,paper_formula,0.0001,0.00056689860457,computed_full_formula_3_1_to_3_6,,0,0.0345809322351989,0
3,1,1,42,0.70528406808675,0.00071286940603,paper_formula,0.0001,0.00071286940603,computed_full_formula_3_1_to_3_6,,0,0.0774610505616437,0
3,1,1,43,0.158518208028347,0.00058689460477,paper_formula,0.0001,0.00058689460477,computed_full_formula_3_1_to_3_6,,0,0.125816274957826,0
3,1,1,44,0.238385029856993,0.00013498500025,paper_formula,0.0001,0.00013498500025,computed_full_formula_3_1_to_3_6,,0,0.788028010671612,0
3,1,1,45,0.488153681385447,0.00056189960452,paper_formula,0.0001,0.00056189960452,computed_full_formula_3_1_to_3_6,,0,0.209505326900533,0
3,1,1,46,0.596640004062941,0.00052390720414,paper_formula,0.0001,0.00052390720414,computed_full_formula_3_1_to_3_6,,0,0.508430834601138,0
3,2,1,1,0.633650288211307,0.00054790240438,paper_formula,0.0001,0.00054790240438,computed_full_formula_3_1_to_3_6,,0,0.823838213965265,0
3,2,1,2,0.279215695138598,0.00069187360582,paper_formula,0.0001,0.00069187360582,computed_full_formula_3_1_to_3_6,,0,0.474144990521023,0
3,2,1,4,0.0704687103088431,0.00055490100445,paper_formula,0.0001,0.00055490100445,computed_full_formula_3_1_to_3_6,,0,0.404804815423778,0
3,2,1,5,0.443187710199903,0.00058689460477,paper_formula,0.0001,0.00058689460477,computed_full_formula_3_1_to_3_6,,0,0.0635099437931487,0
3,2,1,6,0.278157375908355,0.00065788040548,paper_formula,0.0001,0.00065788040548,computed_full_formula_3_1_to_3_6,,0,0.141004451686441,0
3,2,1,7,0.382641469603146,0.00054390320434,paper_formula,0.0001,0.00054390320434,computed_full_formula_3_1_to_3_6,,0,0.632898679637485,0
3,2,1,8,0.581974148564141,0.00014398320034,paper_formula,0.0001,0.00014398320034,computed_full_formula_3_1_to_3_6,,0,0.597805915400226,0
3,2,1,9,0.603541746434713,0.00072586680616,paper_formula,0.0001,0.00072586680616,computed_full_formula_3_1_to_3_6,,0,0.629180441166105,0
3,2,1,10,0.562696831845765,0.00069187360582,paper_formula,0.0001,0.00069187360582,computed_full_formula_3_1_to_3_6,,0,0.818415182224392,0
3,2,1,11,0.359793884787167,0.00067487700565,paper_formula,0.0001,0.00067487700565,computed_full_formula_3_1_to_3_6,,0,0.199242980067434,0
3,2,1,12,0.525688044440766,0.00037293740263,paper_formula,0.0001,0.00037293740263,computed_full_formula_3_1_to_3_6,,0,0.951576958252974,0
3,2,1,13,0.514295960600757,0.00061188960502,paper_formula,0.0001,0.00061188960502,computed_full_formula_3_1_to_3_6,,0,0.317063147859548,0
3,2,1,14,0.540146554109634,0.00048691460377,paper_formula,0.0001,0.00048691460377,computed_full_formula_3_1_to_3_6,,0,0.524268522014231,0
3,2,1,15,0.252072726666267,0.00013298540023,paper_formula,0.0001,0.00013298540023,computed_full_formula_3_1_to_3_6,,0,0.57888176721804,0
3,2,1,16,0.122174468788229,0.00013298540023,paper_formula,0.0001,0.00013298540023,computed_full_formula_3_1_to_3_6,,0,0.339301908077821,0
3,2,1,17,0.128627825144339,0.00079485300685,paper_formula,0.0001,0.00079485300685,computed_full_formula_3_1_to_3_6,,0,0.850887360895882,0
3,2,1,18,0.451110653021093,0.00033294540223,paper_formula,0.0001,0.00033294540223,computed_full_formula_3_1_to_3_6,,0,0.0937846446361609,0
3,2,1,19,0.647139762046641,0.00079485300685,paper_formula,0.0001,0.00079485300685,computed_full_formula_3_1_to_3_6,,0,0.656572636050161,0
3,2,1,20,0.773798885268894,0.00066287940553,paper_formula,0.0001,0.00066287940553,computed_full_formula_3_1_to_3_6,,0,0.767249707764218,0
3,2,1,21,0.0933870089562803,0.00053690460427,paper_formula,0.0001,0.00053690460427,computed_full_formula_3_1_to_3_6,,0,0.901863542418693,0
3,2,1,22,0.0885753520556125,0.00052390720414,paper_formula,0.0001,0.00052390720414,computed_full_formula_3_1_to_3_6,,0,0.268237384643147,0
3,2,1,23,0.630592852365264,0.00054390320434,paper_formula,0.0001,0.00054390320434,computed_full_formula_3_1_to_3_6,,0,0.306656206102355,0
3,2,1,24,0.142959590534213,0.00048691460377,paper_formula,0.0001,0.00048691460377,computed_full_formula_3_1_to_3_6,,0,0.553073986389556,0
3,2,1,25,0.448218639894547,0.00057789640468,paper_formula,0.0001,0.00057789640468,computed_full_formula_3_1_to_3_6,,0,0.0135439649732326,0
3,2,1,26,0.358950329649187,0.00041592880306,paper_formula,0.0001,0.00041592880306,computed_full_formula_3_1_to_3_6,,0,0.172241212212774,0
3,2,1,27,0.804487606937684,0.00012098780011,paper_formula,0.00234155966537322,0.00012098780011,computed_full_formula_3_1_to_3_6,,0,0.440162941644381,0
3,2,1,28,0.530633249002716,0.00058289540473,paper_formula,0.0001,0.00058289540473,computed_full_formula_3_1_to_3_6,,0,0.840821649689623,0
3,2,1,29,0.108945426478659,0.000709870006,paper_formula,0.0001,0.000709870006,computed_full_formula_3_1_to_3_6,,0,0.76177731073573,0
3,2,1,30,0.584704059867577,0.0007598600065,paper_formula,0.0001,0.0007598600065,computed_full_formula_3_1_to_3_6,,0,0.270432804331697,0
3,2,1,31,0.22578931167647,0.00069187360582,paper_formula,0.0001,0.00069187360582,computed_full_formula_3_1_to_3_6,,0,0.820821769778755,0
3,2,1,32,0.165993438723668,0.00062488700515,paper_formula,0.0001,0.00062488700515,computed_full_formula_3_1_to_3_6,,0,0.0192776149328513,0
3,2,1,33,0.713968522259004,0.00013498500025,paper_formula,0.0001,0.00013498500025,computed_full_formula_3_1_to_3_6,,0,0.7927630066272,0
3,2,1,34,0.623070825203606,0.00013498500025,paper_formula,0.0001,0.00013498500025,computed_full_formula_3_1_to_3_6,,0,0.551250549644828,0
3,2,1,35,0.654520974250435,0.00062388720514,paper_formula,0.0001,0.00062388720514,computed_full_formula_3_1_to_3_6,,0,0.771114946616641,0
3,2,1,36,0.145867622563044,0.00069187360582,paper_formula,0.0001,0.00069187360582,computed_full_formula_3_1_to_3_6,,0,0.880202998187477,0
3,2,1,37,0.712604339282761,0.00061188960502,paper_formula,0.0001,0.00061188960502,computed_full_formula_3_1_to_3_6,,0,0.0534470360748288,0
3,2,1,38,0.573366906770934,0.00048691460377,paper_formula,0.0001,0.00048691460377,computed_full_formula_3_1_to_3_6,,0,0.99655666957404,0
3,2,1,39,0.628622106116609,0.00055490100445,paper_formula,0.0001,0.00055490100445,computed_full_formula_3_1_to_3_6,,0,0.170028114691894,0
3,2,1,40,0.572101752612633,0.0005998920049,paper_formula,0.0001,0.0005998920049,computed_full_formula_3_1_to_3_6,,0,0.763809665509139,0
3,2,1,41,0.616965573222123,0.00056689860457,paper_formula,0.0001,0.00056689860457,computed_full_formula_3_1_to_3_6,,0,0.307039865502615,0
3,2,1,42,0.70528406808675,0.00071286940603,paper_formula,0.0001,0.00071286940603,computed_full_formula_3_1_to_3_6,,0,0.237778420978759,0
3,2,1,43,0.158518208028347,0.00058689460477,paper_formula,0.0001,0.00058689460477,computed_full_formula_3_1_to_3_6,,0,0.633418146699896,0
3,2,1,44,0.238385029856993,0.00013498500025,paper_formula,0.0001,0.00013498500025,computed_full_formula_3_1_to_3_6,,0,0.519032413562019,0
3,2,1,45,0.488153681385447,0.00056189960452,paper_formula,0.0001,0.00056189960452,computed_full_formula_3_1_to_3_6,,0,0.732097853363391,0
3,2,1,46,0.596640004062941,0.00052390720414,paper_formula,0.0001,0.00052390720414,computed_full_formula_3_1_to_3_6,,0,0.210555626103981,0
