parameter_set_id,scenario_id,sigma,metric_name,var_value,sample_count,valid_sample_count,stage_probability_mode,wind_power_curve_profile,note
high_hidden_failure,wind_speed_11_28,0.9,SLLR,0.177832699128877,1380,1380,bernoulli_full_event,paper_2_12_20,wind-speed-only component diagnostic rerun; not formal benchmark
high_hidden_failure,wind_speed_11_28,0.9,SLFOR,0.15297837732774,1380,1380,bernoulli_full_event,paper_2_12_20,wind-speed-only component diagnostic rerun; not formal benchmark
high_hidden_failure,wind_speed_11_28,0.9,SNVOR,0.0488509484174089,1380,1380,bernoulli_full_event,paper_2_12_20,wind-speed-only component diagnostic rerun; not formal benchmark
high_hidden_failure,wind_speed_11_28,0.9,CRI,0.194389282969086,1380,1380,bernoulli_full_event,paper_2_12_20,wind-speed-only component diagnostic rerun; not formal benchmark
high_hidden_failure,wind_speed_11_28,0.95,SLLR,0.365484763546393,1380,1380,bernoulli_full_event,paper_2_12_20,wind-speed-only component diagnostic rerun; not formal benchmark
high_hidden_failure,wind_speed_11_28,0.95,SLFOR,0.640383840913884,1380,1380,bernoulli_full_event,paper_2_12_20,wind-speed-only component diagnostic rerun; not formal benchmark
high_hidden_failure,wind_speed_11_28,0.95,SNVOR,0.305166713790335,1380,1380,bernoulli_full_event,paper_2_12_20,wind-speed-only component diagnostic rerun; not formal benchmark
high_hidden_failure,wind_speed_11_28,0.95,CRI,0.391257795596975,1380,1380,bernoulli_full_event,paper_2_12_20,wind-speed-only component diagnostic rerun; not formal benchmark
high_hidden_failure,wind_speed_11_28,0.98,SLLR,0.671632488456392,1380,1380,bernoulli_full_event,paper_2_12_20,wind-speed-only component diagnostic rerun; not formal benchmark
high_hidden_failure,wind_speed_11_28,0.98,SLFOR,2.1791739278071,1380,1380,bernoulli_full_event,paper_2_12_20,wind-speed-only component diagnostic rerun; not formal benchmark
high_hidden_failure,wind_speed_11_28,0.98,SNVOR,0.668507623702137,1380,1380,bernoulli_full_event,paper_2_12_20,wind-speed-only component diagnostic rerun; not formal benchmark
high_hidden_failure,wind_speed_11_28,0.98,CRI,1.28309528393703,1380,1380,bernoulli_full_event,paper_2_12_20,wind-speed-only component diagnostic rerun; not formal benchmark
high_hidden_failure,wind_speed_12_00,0.9,SLLR,0.292925804599632,1380,1380,bernoulli_full_event,paper_2_12_20,wind-speed-only component diagnostic rerun; not formal benchmark
high_hidden_failure,wind_speed_12_00,0.9,SLFOR,0.252065946844116,1380,1380,bernoulli_full_event,paper_2_12_20,wind-speed-only component diagnostic rerun; not formal benchmark
high_hidden_failure,wind_speed_12_00,0.9,SNVOR,0.116470833060585,1380,1380,bernoulli_full_event,paper_2_12_20,wind-speed-only component diagnostic rerun; not formal benchmark
high_hidden_failure,wind_speed_12_00,0.9,CRI,0.290886454455907,1380,1380,bernoulli_full_event,paper_2_12_20,wind-speed-only component diagnostic rerun; not formal benchmark
high_hidden_failure,wind_speed_12_00,0.95,SLLR,0.609938384262594,1380,1380,bernoulli_full_event,paper_2_12_20,wind-speed-only component diagnostic rerun; not formal benchmark
high_hidden_failure,wind_speed_12_00,0.95,SLFOR,0.93199725195447,1380,1380,bernoulli_full_event,paper_2_12_20,wind-speed-only component diagnostic rerun; not formal benchmark
high_hidden_failure,wind_speed_12_00,0.95,SNVOR,0.545047356899122,1380,1380,bernoulli_full_event,paper_2_12_20,wind-speed-only component diagnostic rerun; not formal benchmark
high_hidden_failure,wind_speed_12_00,0.95,CRI,0.81599996512916,1380,1380,bernoulli_full_event,paper_2_12_20,wind-speed-only component diagnostic rerun; not formal benchmark
high_hidden_failure,wind_speed_12_00,0.98,SLLR,1.13255469123322,1380,1380,bernoulli_full_event,paper_2_12_20,wind-speed-only component diagnostic rerun; not formal benchmark
high_hidden_failure,wind_speed_12_00,0.98,SLFOR,4.13348998558305,1380,1380,bernoulli_full_event,paper_2_12_20,wind-speed-only component diagnostic rerun; not formal benchmark
high_hidden_failure,wind_speed_12_00,0.98,SNVOR,1.13255469123322,1380,1380,bernoulli_full_event,paper_2_12_20,wind-speed-only component diagnostic rerun; not formal benchmark
high_hidden_failure,wind_speed_12_00,0.98,CRI,1.66803437473681,1380,1380,bernoulli_full_event,paper_2_12_20,wind-speed-only component diagnostic rerun; not formal benchmark
benchmark_calibrated_seed,wind_speed_11_28,0.9,SLLR,0.548247311409947,1380,1380,bernoulli_full_event,paper_2_12_20,wind-speed-only component diagnostic rerun; not formal benchmark
benchmark_calibrated_seed,wind_speed_11_28,0.9,SLFOR,0.768448020714538,1380,1380,bernoulli_full_event,paper_2_12_20,wind-speed-only component diagnostic rerun; not formal benchmark
benchmark_calibrated_seed,wind_speed_11_28,0.9,SNVOR,0.476155081934452,1380,1380,bernoulli_full_event,paper_2_12_20,wind-speed-only component diagnostic rerun; not formal benchmark
benchmark_calibrated_seed,wind_speed_11_28,0.9,CRI,0.570513610475234,1380,1380,bernoulli_full_event,paper_2_12_20,wind-speed-only component diagnostic rerun; not formal benchmark
benchmark_calibrated_seed,wind_speed_11_28,0.95,SLLR,0.862998509662281,1380,1380,bernoulli_full_event,paper_2_12_20,wind-speed-only component diagnostic rerun; not formal benchmark
benchmark_calibrated_seed,wind_speed_11_28,0.95,SLFOR,1.5048451252199,1380,1380,bernoulli_full_event,paper_2_12_20,wind-speed-only component diagnostic rerun; not formal benchmark
benchmark_calibrated_seed,wind_speed_11_28,0.95,SNVOR,0.974612644514954,1380,1380,bernoulli_full_event,paper_2_12_20,wind-speed-only component diagnostic rerun; not formal benchmark
benchmark_calibrated_seed,wind_speed_11_28,0.95,CRI,1.18168567956709,1380,1380,bernoulli_full_event,paper_2_12_20,wind-speed-only component diagnostic rerun; not formal benchmark
benchmark_calibrated_seed,wind_speed_11_28,0.98,SLLR,2.31418574375825,1380,1380,bernoulli_full_event,paper_2_12_20,wind-speed-only component diagnostic rerun; not formal benchmark
benchmark_calibrated_seed,wind_speed_11_28,0.98,SLFOR,6.71111302447729,1380,1380,bernoulli_full_event,paper_2_12_20,wind-speed-only component diagnostic rerun; not formal benchmark
benchmark_calibrated_seed,wind_speed_11_28,0.98,SNVOR,2.31418574375825,1380,1380,bernoulli_full_event,paper_2_12_20,wind-speed-only component diagnostic rerun; not formal benchmark
benchmark_calibrated_seed,wind_speed_11_28,0.98,CRI,2.73848650671089,1380,1380,bernoulli_full_event,paper_2_12_20,wind-speed-only component diagnostic rerun; not formal benchmark
benchmark_calibrated_seed,wind_speed_12_00,0.9,SLLR,0.856882874741266,1380,1380,bernoulli_full_event,paper_2_12_20,wind-speed-only component diagnostic rerun; not formal benchmark
benchmark_calibrated_seed,wind_speed_12_00,0.9,SLFOR,1.55972680812105,1380,1380,bernoulli_full_event,paper_2_12_20,wind-speed-only component diagnostic rerun; not formal benchmark
benchmark_calibrated_seed,wind_speed_12_00,0.9,SNVOR,0.739732114115328,1380,1380,bernoulli_full_event,paper_2_12_20,wind-speed-only component diagnostic rerun; not formal benchmark
benchmark_calibrated_seed,wind_speed_12_00,0.9,CRI,1.0823785547544,1380,1380,bernoulli_full_event,paper_2_12_20,wind-speed-only component diagnostic rerun; not formal benchmark
benchmark_calibrated_seed,wind_speed_12_00,0.95,SLLR,1.60548982499603,1380,1380,bernoulli_full_event,paper_2_12_20,wind-speed-only component diagnostic rerun; not formal benchmark
benchmark_calibrated_seed,wind_speed_12_00,0.95,SLFOR,2.61266968818087,1380,1380,bernoulli_full_event,paper_2_12_20,wind-speed-only component diagnostic rerun; not formal benchmark
benchmark_calibrated_seed,wind_speed_12_00,0.95,SNVOR,1.8534514195668,1380,1380,bernoulli_full_event,paper_2_12_20,wind-speed-only component diagnostic rerun; not formal benchmark
benchmark_calibrated_seed,wind_speed_12_00,0.95,CRI,1.95374415453932,1380,1380,bernoulli_full_event,paper_2_12_20,wind-speed-only component diagnostic rerun; not formal benchmark
benchmark_calibrated_seed,wind_speed_12_00,0.98,SLLR,1.95546365938053,1380,1380,bernoulli_full_event,paper_2_12_20,wind-speed-only component diagnostic rerun; not formal benchmark
benchmark_calibrated_seed,wind_speed_12_00,0.98,SLFOR,7.02967156934144,1380,1380,bernoulli_full_event,paper_2_12_20,wind-speed-only component diagnostic rerun; not formal benchmark
benchmark_calibrated_seed,wind_speed_12_00,0.98,SNVOR,3.2408832052022,1380,1380,bernoulli_full_event,paper_2_12_20,wind-speed-only component diagnostic rerun; not formal benchmark
benchmark_calibrated_seed,wind_speed_12_00,0.98,CRI,3.09560868881318,1380,1380,bernoulli_full_event,paper_2_12_20,wind-speed-only component diagnostic rerun; not formal benchmark
