initial_branch,trial_id,stage_id,terminated_reason,stage_probability_mode,candidate_count,selected_candidate_count,unselected_candidate_count,selected_probability_product,unselected_probability_product,stage_transition_probability,probability_status,terminal_stage_flag,should_multiply_candidate_complements,missing_reason,selected_branch_ids,random_u_selected,candidate_probability_basis,note
1,1,1,powerflow_not_converged,bernoulli_full_event,0,0,0,NaN,NaN,1,terminal_stage_probability_one,1,0,,"","",,Terminal recording stage excluded from Bernoulli complement product.
1,2,1,powerflow_not_converged,bernoulli_full_event,0,0,0,NaN,NaN,1,terminal_stage_probability_one,1,0,,"","",,Terminal recording stage excluded from Bernoulli complement product.
1,3,1,powerflow_not_converged,bernoulli_full_event,0,0,0,NaN,NaN,1,terminal_stage_probability_one,1,0,,"","",,Terminal recording stage excluded from Bernoulli complement product.
1,4,1,powerflow_not_converged,bernoulli_full_event,0,0,0,NaN,NaN,1,terminal_stage_probability_one,1,0,,"","",,Terminal recording stage excluded from Bernoulli complement product.
1,5,1,powerflow_not_converged,bernoulli_full_event,0,0,0,NaN,NaN,1,terminal_stage_probability_one,1,0,,"","",,Terminal recording stage excluded from Bernoulli complement product.
1,6,1,powerflow_not_converged,bernoulli_full_event,0,0,0,NaN,NaN,1,terminal_stage_probability_one,1,0,,"","",,Terminal recording stage excluded from Bernoulli complement product.
1,7,1,powerflow_not_converged,bernoulli_full_event,0,0,0,NaN,NaN,1,terminal_stage_probability_one,1,0,,"","",,Terminal recording stage excluded from Bernoulli complement product.
1,8,1,powerflow_not_converged,bernoulli_full_event,0,0,0,NaN,NaN,1,terminal_stage_probability_one,1,0,,"","",,Terminal recording stage excluded from Bernoulli complement product.
1,9,1,powerflow_not_converged,bernoulli_full_event,0,0,0,NaN,NaN,1,terminal_stage_probability_one,1,0,,"","",,Terminal recording stage excluded from Bernoulli complement product.
1,10,1,powerflow_not_converged,bernoulli_full_event,0,0,0,NaN,NaN,1,terminal_stage_probability_one,1,0,,"","",,Terminal recording stage excluded from Bernoulli complement product.
2,1,1,powerflow_not_converged,bernoulli_full_event,0,0,0,NaN,NaN,1,terminal_stage_probability_one,1,0,,"","",,Terminal recording stage excluded from Bernoulli complement product.
2,2,1,powerflow_not_converged,bernoulli_full_event,0,0,0,NaN,NaN,1,terminal_stage_probability_one,1,0,,"","",,Terminal recording stage excluded from Bernoulli complement product.
2,3,1,powerflow_not_converged,bernoulli_full_event,0,0,0,NaN,NaN,1,terminal_stage_probability_one,1,0,,"","",,Terminal recording stage excluded from Bernoulli complement product.
2,4,1,powerflow_not_converged,bernoulli_full_event,0,0,0,NaN,NaN,1,terminal_stage_probability_one,1,0,,"","",,Terminal recording stage excluded from Bernoulli complement product.
2,5,1,powerflow_not_converged,bernoulli_full_event,0,0,0,NaN,NaN,1,terminal_stage_probability_one,1,0,,"","",,Terminal recording stage excluded from Bernoulli complement product.
2,6,1,powerflow_not_converged,bernoulli_full_event,0,0,0,NaN,NaN,1,terminal_stage_probability_one,1,0,,"","",,Terminal recording stage excluded from Bernoulli complement product.
2,7,1,powerflow_not_converged,bernoulli_full_event,0,0,0,NaN,NaN,1,terminal_stage_probability_one,1,0,,"","",,Terminal recording stage excluded from Bernoulli complement product.
2,8,1,powerflow_not_converged,bernoulli_full_event,0,0,0,NaN,NaN,1,terminal_stage_probability_one,1,0,,"","",,Terminal recording stage excluded from Bernoulli complement product.
2,9,1,powerflow_not_converged,bernoulli_full_event,0,0,0,NaN,NaN,1,terminal_stage_probability_one,1,0,,"","",,Terminal recording stage excluded from Bernoulli complement product.
2,10,1,powerflow_not_converged,bernoulli_full_event,0,0,0,NaN,NaN,1,terminal_stage_probability_one,1,0,,"","",,Terminal recording stage excluded from Bernoulli complement product.
3,1,1,powerflow_not_converged,bernoulli_full_event,0,0,0,NaN,NaN,1,terminal_stage_probability_one,1,0,,"","",,Terminal recording stage excluded from Bernoulli complement product.
3,2,1,powerflow_not_converged,bernoulli_full_event,0,0,0,NaN,NaN,1,terminal_stage_probability_one,1,0,,"","",,Terminal recording stage excluded from Bernoulli complement product.
3,3,1,powerflow_not_converged,bernoulli_full_event,0,0,0,NaN,NaN,1,terminal_stage_probability_one,1,0,,"","",,Terminal recording stage excluded from Bernoulli complement product.
3,4,1,powerflow_not_converged,bernoulli_full_event,0,0,0,NaN,NaN,1,terminal_stage_probability_one,1,0,,"","",,Terminal recording stage excluded from Bernoulli complement product.
3,5,1,powerflow_not_converged,bernoulli_full_event,0,0,0,NaN,NaN,1,terminal_stage_probability_one,1,0,,"","",,Terminal recording stage excluded from Bernoulli complement product.
3,6,1,powerflow_not_converged,bernoulli_full_event,0,0,0,NaN,NaN,1,terminal_stage_probability_one,1,0,,"","",,Terminal recording stage excluded from Bernoulli complement product.
3,7,1,powerflow_not_converged,bernoulli_full_event,0,0,0,NaN,NaN,1,terminal_stage_probability_one,1,0,,"","",,Terminal recording stage excluded from Bernoulli complement product.
3,8,1,powerflow_not_converged,bernoulli_full_event,0,0,0,NaN,NaN,1,terminal_stage_probability_one,1,0,,"","",,Terminal recording stage excluded from Bernoulli complement product.
3,9,1,powerflow_not_converged,bernoulli_full_event,0,0,0,NaN,NaN,1,terminal_stage_probability_one,1,0,,"","",,Terminal recording stage excluded from Bernoulli complement product.
3,10,1,powerflow_not_converged,bernoulli_full_event,0,0,0,NaN,NaN,1,terminal_stage_probability_one,1,0,,"","",,Terminal recording stage excluded from Bernoulli complement product.
4,1,1,powerflow_not_converged,bernoulli_full_event,0,0,0,NaN,NaN,1,terminal_stage_probability_one,1,0,,"","",,Terminal recording stage excluded from Bernoulli complement product.
4,2,1,powerflow_not_converged,bernoulli_full_event,0,0,0,NaN,NaN,1,terminal_stage_probability_one,1,0,,"","",,Terminal recording stage excluded from Bernoulli complement product.
4,3,1,powerflow_not_converged,bernoulli_full_event,0,0,0,NaN,NaN,1,terminal_stage_probability_one,1,0,,"","",,Terminal recording stage excluded from Bernoulli complement product.
4,4,1,powerflow_not_converged,bernoulli_full_event,0,0,0,NaN,NaN,1,terminal_stage_probability_one,1,0,,"","",,Terminal recording stage excluded from Bernoulli complement product.
4,5,1,powerflow_not_converged,bernoulli_full_event,0,0,0,NaN,NaN,1,terminal_stage_probability_one,1,0,,"","",,Terminal recording stage excluded from Bernoulli complement product.
4,6,1,powerflow_not_converged,bernoulli_full_event,0,0,0,NaN,NaN,1,terminal_stage_probability_one,1,0,,"","",,Terminal recording stage excluded from Bernoulli complement product.
4,7,1,powerflow_not_converged,bernoulli_full_event,0,0,0,NaN,NaN,1,terminal_stage_probability_one,1,0,,"","",,Terminal recording stage excluded from Bernoulli complement product.
4,8,1,powerflow_not_converged,bernoulli_full_event,0,0,0,NaN,NaN,1,terminal_stage_probability_one,1,0,,"","",,Terminal recording stage excluded from Bernoulli complement product.
4,9,1,powerflow_not_converged,bernoulli_full_event,0,0,0,NaN,NaN,1,terminal_stage_probability_one,1,0,,"","",,Terminal recording stage excluded from Bernoulli complement product.
4,10,1,powerflow_not_converged,bernoulli_full_event,0,0,0,NaN,NaN,1,terminal_stage_probability_one,1,0,,"","",,Terminal recording stage excluded from Bernoulli complement product.
5,1,1,powerflow_not_converged,bernoulli_full_event,0,0,0,NaN,NaN,1,terminal_stage_probability_one,1,0,,"","",,Terminal recording stage excluded from Bernoulli complement product.
5,2,1,powerflow_not_converged,bernoulli_full_event,0,0,0,NaN,NaN,1,terminal_stage_probability_one,1,0,,"","",,Terminal recording stage excluded from Bernoulli complement product.
5,3,1,powerflow_not_converged,bernoulli_full_event,0,0,0,NaN,NaN,1,terminal_stage_probability_one,1,0,,"","",,Terminal recording stage excluded from Bernoulli complement product.
5,4,1,powerflow_not_converged,bernoulli_full_event,0,0,0,NaN,NaN,1,terminal_stage_probability_one,1,0,,"","",,Terminal recording stage excluded from Bernoulli complement product.
5,5,1,powerflow_not_converged,bernoulli_full_event,0,0,0,NaN,NaN,1,terminal_stage_probability_one,1,0,,"","",,Terminal recording stage excluded from Bernoulli complement product.
5,6,1,powerflow_not_converged,bernoulli_full_event,0,0,0,NaN,NaN,1,terminal_stage_probability_one,1,0,,"","",,Terminal recording stage excluded from Bernoulli complement product.
5,7,1,powerflow_not_converged,bernoulli_full_event,0,0,0,NaN,NaN,1,terminal_stage_probability_one,1,0,,"","",,Terminal recording stage excluded from Bernoulli complement product.
5,8,1,powerflow_not_converged,bernoulli_full_event,0,0,0,NaN,NaN,1,terminal_stage_probability_one,1,0,,"","",,Terminal recording stage excluded from Bernoulli complement product.
5,9,1,powerflow_not_converged,bernoulli_full_event,0,0,0,NaN,NaN,1,terminal_stage_probability_one,1,0,,"","",,Terminal recording stage excluded from Bernoulli complement product.
5,10,1,powerflow_not_converged,bernoulli_full_event,0,0,0,NaN,NaN,1,terminal_stage_probability_one,1,0,,"","",,Terminal recording stage excluded from Bernoulli complement product.
6,1,1,powerflow_not_converged,bernoulli_full_event,0,0,0,NaN,NaN,1,terminal_stage_probability_one,1,0,,"","",,Terminal recording stage excluded from Bernoulli complement product.
6,2,1,powerflow_not_converged,bernoulli_full_event,0,0,0,NaN,NaN,1,terminal_stage_probability_one,1,0,,"","",,Terminal recording stage excluded from Bernoulli complement product.
6,3,1,powerflow_not_converged,bernoulli_full_event,0,0,0,NaN,NaN,1,terminal_stage_probability_one,1,0,,"","",,Terminal recording stage excluded from Bernoulli complement product.
6,4,1,powerflow_not_converged,bernoulli_full_event,0,0,0,NaN,NaN,1,terminal_stage_probability_one,1,0,,"","",,Terminal recording stage excluded from Bernoulli complement product.
6,5,1,powerflow_not_converged,bernoulli_full_event,0,0,0,NaN,NaN,1,terminal_stage_probability_one,1,0,,"","",,Terminal recording stage excluded from Bernoulli complement product.
6,6,1,powerflow_not_converged,bernoulli_full_event,0,0,0,NaN,NaN,1,terminal_stage_probability_one,1,0,,"","",,Terminal recording stage excluded from Bernoulli complement product.
6,7,1,powerflow_not_converged,bernoulli_full_event,0,0,0,NaN,NaN,1,terminal_stage_probability_one,1,0,,"","",,Terminal recording stage excluded from Bernoulli complement product.
6,8,1,powerflow_not_converged,bernoulli_full_event,0,0,0,NaN,NaN,1,terminal_stage_probability_one,1,0,,"","",,Terminal recording stage excluded from Bernoulli complement product.
6,9,1,powerflow_not_converged,bernoulli_full_event,0,0,0,NaN,NaN,1,terminal_stage_probability_one,1,0,,"","",,Terminal recording stage excluded from Bernoulli complement product.
6,10,1,powerflow_not_converged,bernoulli_full_event,0,0,0,NaN,NaN,1,terminal_stage_probability_one,1,0,,"","",,Terminal recording stage excluded from Bernoulli complement product.
7,1,1,powerflow_not_converged,bernoulli_full_event,0,0,0,NaN,NaN,1,terminal_stage_probability_one,1,0,,"","",,Terminal recording stage excluded from Bernoulli complement product.
7,2,1,powerflow_not_converged,bernoulli_full_event,0,0,0,NaN,NaN,1,terminal_stage_probability_one,1,0,,"","",,Terminal recording stage excluded from Bernoulli complement product.
7,3,1,powerflow_not_converged,bernoulli_full_event,0,0,0,NaN,NaN,1,terminal_stage_probability_one,1,0,,"","",,Terminal recording stage excluded from Bernoulli complement product.
7,4,1,powerflow_not_converged,bernoulli_full_event,0,0,0,NaN,NaN,1,terminal_stage_probability_one,1,0,,"","",,Terminal recording stage excluded from Bernoulli complement product.
7,5,1,powerflow_not_converged,bernoulli_full_event,0,0,0,NaN,NaN,1,terminal_stage_probability_one,1,0,,"","",,Terminal recording stage excluded from Bernoulli complement product.
7,6,1,powerflow_not_converged,bernoulli_full_event,0,0,0,NaN,NaN,1,terminal_stage_probability_one,1,0,,"","",,Terminal recording stage excluded from Bernoulli complement product.
7,7,1,powerflow_not_converged,bernoulli_full_event,0,0,0,NaN,NaN,1,terminal_stage_probability_one,1,0,,"","",,Terminal recording stage excluded from Bernoulli complement product.
7,8,1,powerflow_not_converged,bernoulli_full_event,0,0,0,NaN,NaN,1,terminal_stage_probability_one,1,0,,"","",,Terminal recording stage excluded from Bernoulli complement product.
7,9,1,powerflow_not_converged,bernoulli_full_event,0,0,0,NaN,NaN,1,terminal_stage_probability_one,1,0,,"","",,Terminal recording stage excluded from Bernoulli complement product.
7,10,1,powerflow_not_converged,bernoulli_full_event,0,0,0,NaN,NaN,1,terminal_stage_probability_one,1,0,,"","",,Terminal recording stage excluded from Bernoulli complement product.
8,1,1,powerflow_not_converged,bernoulli_full_event,0,0,0,NaN,NaN,1,terminal_stage_probability_one,1,0,,"","",,Terminal recording stage excluded from Bernoulli complement product.
8,2,1,powerflow_not_converged,bernoulli_full_event,0,0,0,NaN,NaN,1,terminal_stage_probability_one,1,0,,"","",,Terminal recording stage excluded from Bernoulli complement product.
8,3,1,powerflow_not_converged,bernoulli_full_event,0,0,0,NaN,NaN,1,terminal_stage_probability_one,1,0,,"","",,Terminal recording stage excluded from Bernoulli complement product.
8,4,1,powerflow_not_converged,bernoulli_full_event,0,0,0,NaN,NaN,1,terminal_stage_probability_one,1,0,,"","",,Terminal recording stage excluded from Bernoulli complement product.
8,5,1,powerflow_not_converged,bernoulli_full_event,0,0,0,NaN,NaN,1,terminal_stage_probability_one,1,0,,"","",,Terminal recording stage excluded from Bernoulli complement product.
8,6,1,powerflow_not_converged,bernoulli_full_event,0,0,0,NaN,NaN,1,terminal_stage_probability_one,1,0,,"","",,Terminal recording stage excluded from Bernoulli complement product.
8,7,1,powerflow_not_converged,bernoulli_full_event,0,0,0,NaN,NaN,1,terminal_stage_probability_one,1,0,,"","",,Terminal recording stage excluded from Bernoulli complement product.
8,8,1,powerflow_not_converged,bernoulli_full_event,0,0,0,NaN,NaN,1,terminal_stage_probability_one,1,0,,"","",,Terminal recording stage excluded from Bernoulli complement product.
8,9,1,powerflow_not_converged,bernoulli_full_event,0,0,0,NaN,NaN,1,terminal_stage_probability_one,1,0,,"","",,Terminal recording stage excluded from Bernoulli complement product.
8,10,1,powerflow_not_converged,bernoulli_full_event,0,0,0,NaN,NaN,1,terminal_stage_probability_one,1,0,,"","",,Terminal recording stage excluded from Bernoulli complement product.
9,1,1,powerflow_not_converged,bernoulli_full_event,0,0,0,NaN,NaN,1,terminal_stage_probability_one,1,0,,"","",,Terminal recording stage excluded from Bernoulli complement product.
9,2,1,powerflow_not_converged,bernoulli_full_event,0,0,0,NaN,NaN,1,terminal_stage_probability_one,1,0,,"","",,Terminal recording stage excluded from Bernoulli complement product.
9,3,1,powerflow_not_converged,bernoulli_full_event,0,0,0,NaN,NaN,1,terminal_stage_probability_one,1,0,,"","",,Terminal recording stage excluded from Bernoulli complement product.
9,4,1,powerflow_not_converged,bernoulli_full_event,0,0,0,NaN,NaN,1,terminal_stage_probability_one,1,0,,"","",,Terminal recording stage excluded from Bernoulli complement product.
9,5,1,powerflow_not_converged,bernoulli_full_event,0,0,0,NaN,NaN,1,terminal_stage_probability_one,1,0,,"","",,Terminal recording stage excluded from Bernoulli complement product.
9,6,1,powerflow_not_converged,bernoulli_full_event,0,0,0,NaN,NaN,1,terminal_stage_probability_one,1,0,,"","",,Terminal recording stage excluded from Bernoulli complement product.
9,7,1,powerflow_not_converged,bernoulli_full_event,0,0,0,NaN,NaN,1,terminal_stage_probability_one,1,0,,"","",,Terminal recording stage excluded from Bernoulli complement product.
9,8,1,powerflow_not_converged,bernoulli_full_event,0,0,0,NaN,NaN,1,terminal_stage_probability_one,1,0,,"","",,Terminal recording stage excluded from Bernoulli complement product.
9,9,1,powerflow_not_converged,bernoulli_full_event,0,0,0,NaN,NaN,1,terminal_stage_probability_one,1,0,,"","",,Terminal recording stage excluded from Bernoulli complement product.
9,10,1,powerflow_not_converged,bernoulli_full_event,0,0,0,NaN,NaN,1,terminal_stage_probability_one,1,0,,"","",,Terminal recording stage excluded from Bernoulli complement product.
10,1,1,powerflow_not_converged,bernoulli_full_event,0,0,0,NaN,NaN,1,terminal_stage_probability_one,1,0,,"","",,Terminal recording stage excluded from Bernoulli complement product.
10,2,1,powerflow_not_converged,bernoulli_full_event,0,0,0,NaN,NaN,1,terminal_stage_probability_one,1,0,,"","",,Terminal recording stage excluded from Bernoulli complement product.
10,3,1,powerflow_not_converged,bernoulli_full_event,0,0,0,NaN,NaN,1,terminal_stage_probability_one,1,0,,"","",,Terminal recording stage excluded from Bernoulli complement product.
10,4,1,powerflow_not_converged,bernoulli_full_event,0,0,0,NaN,NaN,1,terminal_stage_probability_one,1,0,,"","",,Terminal recording stage excluded from Bernoulli complement product.
10,5,1,powerflow_not_converged,bernoulli_full_event,0,0,0,NaN,NaN,1,terminal_stage_probability_one,1,0,,"","",,Terminal recording stage excluded from Bernoulli complement product.
10,6,1,powerflow_not_converged,bernoulli_full_event,0,0,0,NaN,NaN,1,terminal_stage_probability_one,1,0,,"","",,Terminal recording stage excluded from Bernoulli complement product.
10,7,1,powerflow_not_converged,bernoulli_full_event,0,0,0,NaN,NaN,1,terminal_stage_probability_one,1,0,,"","",,Terminal recording stage excluded from Bernoulli complement product.
10,8,1,powerflow_not_converged,bernoulli_full_event,0,0,0,NaN,NaN,1,terminal_stage_probability_one,1,0,,"","",,Terminal recording stage excluded from Bernoulli complement product.
10,9,1,powerflow_not_converged,bernoulli_full_event,0,0,0,NaN,NaN,1,terminal_stage_probability_one,1,0,,"","",,Terminal recording stage excluded from Bernoulli complement product.
10,10,1,powerflow_not_converged,bernoulli_full_event,0,0,0,NaN,NaN,1,terminal_stage_probability_one,1,0,,"","",,Terminal recording stage excluded from Bernoulli complement product.
11,1,1,powerflow_not_converged,bernoulli_full_event,0,0,0,NaN,NaN,1,terminal_stage_probability_one,1,0,,"","",,Terminal recording stage excluded from Bernoulli complement product.
11,2,1,powerflow_not_converged,bernoulli_full_event,0,0,0,NaN,NaN,1,terminal_stage_probability_one,1,0,,"","",,Terminal recording stage excluded from Bernoulli complement product.
11,3,1,powerflow_not_converged,bernoulli_full_event,0,0,0,NaN,NaN,1,terminal_stage_probability_one,1,0,,"","",,Terminal recording stage excluded from Bernoulli complement product.
11,4,1,powerflow_not_converged,bernoulli_full_event,0,0,0,NaN,NaN,1,terminal_stage_probability_one,1,0,,"","",,Terminal recording stage excluded from Bernoulli complement product.
11,5,1,powerflow_not_converged,bernoulli_full_event,0,0,0,NaN,NaN,1,terminal_stage_probability_one,1,0,,"","",,Terminal recording stage excluded from Bernoulli complement product.
11,6,1,powerflow_not_converged,bernoulli_full_event,0,0,0,NaN,NaN,1,terminal_stage_probability_one,1,0,,"","",,Terminal recording stage excluded from Bernoulli complement product.
11,7,1,powerflow_not_converged,bernoulli_full_event,0,0,0,NaN,NaN,1,terminal_stage_probability_one,1,0,,"","",,Terminal recording stage excluded from Bernoulli complement product.
11,8,1,powerflow_not_converged,bernoulli_full_event,0,0,0,NaN,NaN,1,terminal_stage_probability_one,1,0,,"","",,Terminal recording stage excluded from Bernoulli complement product.
11,9,1,powerflow_not_converged,bernoulli_full_event,0,0,0,NaN,NaN,1,terminal_stage_probability_one,1,0,,"","",,Terminal recording stage excluded from Bernoulli complement product.
11,10,1,powerflow_not_converged,bernoulli_full_event,0,0,0,NaN,NaN,1,terminal_stage_probability_one,1,0,,"","",,Terminal recording stage excluded from Bernoulli complement product.
12,1,1,powerflow_not_converged,bernoulli_full_event,0,0,0,NaN,NaN,1,terminal_stage_probability_one,1,0,,"","",,Terminal recording stage excluded from Bernoulli complement product.
12,2,1,powerflow_not_converged,bernoulli_full_event,0,0,0,NaN,NaN,1,terminal_stage_probability_one,1,0,,"","",,Terminal recording stage excluded from Bernoulli complement product.
12,3,1,powerflow_not_converged,bernoulli_full_event,0,0,0,NaN,NaN,1,terminal_stage_probability_one,1,0,,"","",,Terminal recording stage excluded from Bernoulli complement product.
12,4,1,powerflow_not_converged,bernoulli_full_event,0,0,0,NaN,NaN,1,terminal_stage_probability_one,1,0,,"","",,Terminal recording stage excluded from Bernoulli complement product.
12,5,1,powerflow_not_converged,bernoulli_full_event,0,0,0,NaN,NaN,1,terminal_stage_probability_one,1,0,,"","",,Terminal recording stage excluded from Bernoulli complement product.
12,6,1,powerflow_not_converged,bernoulli_full_event,0,0,0,NaN,NaN,1,terminal_stage_probability_one,1,0,,"","",,Terminal recording stage excluded from Bernoulli complement product.
12,7,1,powerflow_not_converged,bernoulli_full_event,0,0,0,NaN,NaN,1,terminal_stage_probability_one,1,0,,"","",,Terminal recording stage excluded from Bernoulli complement product.
12,8,1,powerflow_not_converged,bernoulli_full_event,0,0,0,NaN,NaN,1,terminal_stage_probability_one,1,0,,"","",,Terminal recording stage excluded from Bernoulli complement product.
12,9,1,powerflow_not_converged,bernoulli_full_event,0,0,0,NaN,NaN,1,terminal_stage_probability_one,1,0,,"","",,Terminal recording stage excluded from Bernoulli complement product.
12,10,1,powerflow_not_converged,bernoulli_full_event,0,0,0,NaN,NaN,1,terminal_stage_probability_one,1,0,,"","",,Terminal recording stage excluded from Bernoulli complement product.
13,1,1,powerflow_not_converged,bernoulli_full_event,0,0,0,NaN,NaN,1,terminal_stage_probability_one,1,0,,"","",,Terminal recording stage excluded from Bernoulli complement product.
13,2,1,powerflow_not_converged,bernoulli_full_event,0,0,0,NaN,NaN,1,terminal_stage_probability_one,1,0,,"","",,Terminal recording stage excluded from Bernoulli complement product.
13,3,1,powerflow_not_converged,bernoulli_full_event,0,0,0,NaN,NaN,1,terminal_stage_probability_one,1,0,,"","",,Terminal recording stage excluded from Bernoulli complement product.
13,4,1,powerflow_not_converged,bernoulli_full_event,0,0,0,NaN,NaN,1,terminal_stage_probability_one,1,0,,"","",,Terminal recording stage excluded from Bernoulli complement product.
13,5,1,powerflow_not_converged,bernoulli_full_event,0,0,0,NaN,NaN,1,terminal_stage_probability_one,1,0,,"","",,Terminal recording stage excluded from Bernoulli complement product.
13,6,1,powerflow_not_converged,bernoulli_full_event,0,0,0,NaN,NaN,1,terminal_stage_probability_one,1,0,,"","",,Terminal recording stage excluded from Bernoulli complement product.
13,7,1,powerflow_not_converged,bernoulli_full_event,0,0,0,NaN,NaN,1,terminal_stage_probability_one,1,0,,"","",,Terminal recording stage excluded from Bernoulli complement product.
13,8,1,powerflow_not_converged,bernoulli_full_event,0,0,0,NaN,NaN,1,terminal_stage_probability_one,1,0,,"","",,Terminal recording stage excluded from Bernoulli complement product.
13,9,1,powerflow_not_converged,bernoulli_full_event,0,0,0,NaN,NaN,1,terminal_stage_probability_one,1,0,,"","",,Terminal recording stage excluded from Bernoulli complement product.
13,10,1,powerflow_not_converged,bernoulli_full_event,0,0,0,NaN,NaN,1,terminal_stage_probability_one,1,0,,"","",,Terminal recording stage excluded from Bernoulli complement product.
14,1,1,load_loss_threshold,bernoulli_full_event,0,0,0,NaN,NaN,1,terminal_stage_probability_one,1,0,,"","",,Terminal recording stage excluded from Bernoulli complement product.
14,2,1,load_loss_threshold,bernoulli_full_event,0,0,0,NaN,NaN,1,terminal_stage_probability_one,1,0,,"","",,Terminal recording stage excluded from Bernoulli complement product.
14,3,1,load_loss_threshold,bernoulli_full_event,0,0,0,NaN,NaN,1,terminal_stage_probability_one,1,0,,"","",,Terminal recording stage excluded from Bernoulli complement product.
14,4,1,load_loss_threshold,bernoulli_full_event,0,0,0,NaN,NaN,1,terminal_stage_probability_one,1,0,,"","",,Terminal recording stage excluded from Bernoulli complement product.
14,5,1,load_loss_threshold,bernoulli_full_event,0,0,0,NaN,NaN,1,terminal_stage_probability_one,1,0,,"","",,Terminal recording stage excluded from Bernoulli complement product.
14,6,1,load_loss_threshold,bernoulli_full_event,0,0,0,NaN,NaN,1,terminal_stage_probability_one,1,0,,"","",,Terminal recording stage excluded from Bernoulli complement product.
14,7,1,load_loss_threshold,bernoulli_full_event,0,0,0,NaN,NaN,1,terminal_stage_probability_one,1,0,,"","",,Terminal recording stage excluded from Bernoulli complement product.
14,8,1,load_loss_threshold,bernoulli_full_event,0,0,0,NaN,NaN,1,terminal_stage_probability_one,1,0,,"","",,Terminal recording stage excluded from Bernoulli complement product.
14,9,1,load_loss_threshold,bernoulli_full_event,0,0,0,NaN,NaN,1,terminal_stage_probability_one,1,0,,"","",,Terminal recording stage excluded from Bernoulli complement product.
14,10,1,load_loss_threshold,bernoulli_full_event,0,0,0,NaN,NaN,1,terminal_stage_probability_one,1,0,,"","",,Terminal recording stage excluded from Bernoulli complement product.
15,1,1,powerflow_not_converged,bernoulli_full_event,0,0,0,NaN,NaN,1,terminal_stage_probability_one,1,0,,"","",,Terminal recording stage excluded from Bernoulli complement product.
15,2,1,powerflow_not_converged,bernoulli_full_event,0,0,0,NaN,NaN,1,terminal_stage_probability_one,1,0,,"","",,Terminal recording stage excluded from Bernoulli complement product.
15,3,1,powerflow_not_converged,bernoulli_full_event,0,0,0,NaN,NaN,1,terminal_stage_probability_one,1,0,,"","",,Terminal recording stage excluded from Bernoulli complement product.
15,4,1,powerflow_not_converged,bernoulli_full_event,0,0,0,NaN,NaN,1,terminal_stage_probability_one,1,0,,"","",,Terminal recording stage excluded from Bernoulli complement product.
15,5,1,powerflow_not_converged,bernoulli_full_event,0,0,0,NaN,NaN,1,terminal_stage_probability_one,1,0,,"","",,Terminal recording stage excluded from Bernoulli complement product.
15,6,1,powerflow_not_converged,bernoulli_full_event,0,0,0,NaN,NaN,1,terminal_stage_probability_one,1,0,,"","",,Terminal recording stage excluded from Bernoulli complement product.
15,7,1,powerflow_not_converged,bernoulli_full_event,0,0,0,NaN,NaN,1,terminal_stage_probability_one,1,0,,"","",,Terminal recording stage excluded from Bernoulli complement product.
15,8,1,powerflow_not_converged,bernoulli_full_event,0,0,0,NaN,NaN,1,terminal_stage_probability_one,1,0,,"","",,Terminal recording stage excluded from Bernoulli complement product.
15,9,1,powerflow_not_converged,bernoulli_full_event,0,0,0,NaN,NaN,1,terminal_stage_probability_one,1,0,,"","",,Terminal recording stage excluded from Bernoulli complement product.
15,10,1,powerflow_not_converged,bernoulli_full_event,0,0,0,NaN,NaN,1,terminal_stage_probability_one,1,0,,"","",,Terminal recording stage excluded from Bernoulli complement product.
16,1,1,powerflow_not_converged,bernoulli_full_event,0,0,0,NaN,NaN,1,terminal_stage_probability_one,1,0,,"","",,Terminal recording stage excluded from Bernoulli complement product.
16,2,1,powerflow_not_converged,bernoulli_full_event,0,0,0,NaN,NaN,1,terminal_stage_probability_one,1,0,,"","",,Terminal recording stage excluded from Bernoulli complement product.
16,3,1,powerflow_not_converged,bernoulli_full_event,0,0,0,NaN,NaN,1,terminal_stage_probability_one,1,0,,"","",,Terminal recording stage excluded from Bernoulli complement product.
16,4,1,powerflow_not_converged,bernoulli_full_event,0,0,0,NaN,NaN,1,terminal_stage_probability_one,1,0,,"","",,Terminal recording stage excluded from Bernoulli complement product.
16,5,1,powerflow_not_converged,bernoulli_full_event,0,0,0,NaN,NaN,1,terminal_stage_probability_one,1,0,,"","",,Terminal recording stage excluded from Bernoulli complement product.
16,6,1,powerflow_not_converged,bernoulli_full_event,0,0,0,NaN,NaN,1,terminal_stage_probability_one,1,0,,"","",,Terminal recording stage excluded from Bernoulli complement product.
16,7,1,powerflow_not_converged,bernoulli_full_event,0,0,0,NaN,NaN,1,terminal_stage_probability_one,1,0,,"","",,Terminal recording stage excluded from Bernoulli complement product.
16,8,1,powerflow_not_converged,bernoulli_full_event,0,0,0,NaN,NaN,1,terminal_stage_probability_one,1,0,,"","",,Terminal recording stage excluded from Bernoulli complement product.
16,9,1,powerflow_not_converged,bernoulli_full_event,0,0,0,NaN,NaN,1,terminal_stage_probability_one,1,0,,"","",,Terminal recording stage excluded from Bernoulli complement product.
16,10,1,powerflow_not_converged,bernoulli_full_event,0,0,0,NaN,NaN,1,terminal_stage_probability_one,1,0,,"","",,Terminal recording stage excluded from Bernoulli complement product.
17,1,1,powerflow_not_converged,bernoulli_full_event,0,0,0,NaN,NaN,1,terminal_stage_probability_one,1,0,,"","",,Terminal recording stage excluded from Bernoulli complement product.
17,2,1,powerflow_not_converged,bernoulli_full_event,0,0,0,NaN,NaN,1,terminal_stage_probability_one,1,0,,"","",,Terminal recording stage excluded from Bernoulli complement product.
17,3,1,powerflow_not_converged,bernoulli_full_event,0,0,0,NaN,NaN,1,terminal_stage_probability_one,1,0,,"","",,Terminal recording stage excluded from Bernoulli complement product.
17,4,1,powerflow_not_converged,bernoulli_full_event,0,0,0,NaN,NaN,1,terminal_stage_probability_one,1,0,,"","",,Terminal recording stage excluded from Bernoulli complement product.
17,5,1,powerflow_not_converged,bernoulli_full_event,0,0,0,NaN,NaN,1,terminal_stage_probability_one,1,0,,"","",,Terminal recording stage excluded from Bernoulli complement product.
17,6,1,powerflow_not_converged,bernoulli_full_event,0,0,0,NaN,NaN,1,terminal_stage_probability_one,1,0,,"","",,Terminal recording stage excluded from Bernoulli complement product.
17,7,1,powerflow_not_converged,bernoulli_full_event,0,0,0,NaN,NaN,1,terminal_stage_probability_one,1,0,,"","",,Terminal recording stage excluded from Bernoulli complement product.
17,8,1,powerflow_not_converged,bernoulli_full_event,0,0,0,NaN,NaN,1,terminal_stage_probability_one,1,0,,"","",,Terminal recording stage excluded from Bernoulli complement product.
17,9,1,powerflow_not_converged,bernoulli_full_event,0,0,0,NaN,NaN,1,terminal_stage_probability_one,1,0,,"","",,Terminal recording stage excluded from Bernoulli complement product.
17,10,1,powerflow_not_converged,bernoulli_full_event,0,0,0,NaN,NaN,1,terminal_stage_probability_one,1,0,,"","",,Terminal recording stage excluded from Bernoulli complement product.
18,1,1,powerflow_not_converged,bernoulli_full_event,0,0,0,NaN,NaN,1,terminal_stage_probability_one,1,0,,"","",,Terminal recording stage excluded from Bernoulli complement product.
18,2,1,powerflow_not_converged,bernoulli_full_event,0,0,0,NaN,NaN,1,terminal_stage_probability_one,1,0,,"","",,Terminal recording stage excluded from Bernoulli complement product.
18,3,1,powerflow_not_converged,bernoulli_full_event,0,0,0,NaN,NaN,1,terminal_stage_probability_one,1,0,,"","",,Terminal recording stage excluded from Bernoulli complement product.
18,4,1,powerflow_not_converged,bernoulli_full_event,0,0,0,NaN,NaN,1,terminal_stage_probability_one,1,0,,"","",,Terminal recording stage excluded from Bernoulli complement product.
18,5,1,powerflow_not_converged,bernoulli_full_event,0,0,0,NaN,NaN,1,terminal_stage_probability_one,1,0,,"","",,Terminal recording stage excluded from Bernoulli complement product.
18,6,1,powerflow_not_converged,bernoulli_full_event,0,0,0,NaN,NaN,1,terminal_stage_probability_one,1,0,,"","",,Terminal recording stage excluded from Bernoulli complement product.
18,7,1,powerflow_not_converged,bernoulli_full_event,0,0,0,NaN,NaN,1,terminal_stage_probability_one,1,0,,"","",,Terminal recording stage excluded from Bernoulli complement product.
18,8,1,powerflow_not_converged,bernoulli_full_event,0,0,0,NaN,NaN,1,terminal_stage_probability_one,1,0,,"","",,Terminal recording stage excluded from Bernoulli complement product.
18,9,1,powerflow_not_converged,bernoulli_full_event,0,0,0,NaN,NaN,1,terminal_stage_probability_one,1,0,,"","",,Terminal recording stage excluded from Bernoulli complement product.
18,10,1,powerflow_not_converged,bernoulli_full_event,0,0,0,NaN,NaN,1,terminal_stage_probability_one,1,0,,"","",,Terminal recording stage excluded from Bernoulli complement product.
19,1,1,powerflow_not_converged,bernoulli_full_event,0,0,0,NaN,NaN,1,terminal_stage_probability_one,1,0,,"","",,Terminal recording stage excluded from Bernoulli complement product.
19,2,1,powerflow_not_converged,bernoulli_full_event,0,0,0,NaN,NaN,1,terminal_stage_probability_one,1,0,,"","",,Terminal recording stage excluded from Bernoulli complement product.
19,3,1,powerflow_not_converged,bernoulli_full_event,0,0,0,NaN,NaN,1,terminal_stage_probability_one,1,0,,"","",,Terminal recording stage excluded from Bernoulli complement product.
19,4,1,powerflow_not_converged,bernoulli_full_event,0,0,0,NaN,NaN,1,terminal_stage_probability_one,1,0,,"","",,Terminal recording stage excluded from Bernoulli complement product.
19,5,1,powerflow_not_converged,bernoulli_full_event,0,0,0,NaN,NaN,1,terminal_stage_probability_one,1,0,,"","",,Terminal recording stage excluded from Bernoulli complement product.
19,6,1,powerflow_not_converged,bernoulli_full_event,0,0,0,NaN,NaN,1,terminal_stage_probability_one,1,0,,"","",,Terminal recording stage excluded from Bernoulli complement product.
19,7,1,powerflow_not_converged,bernoulli_full_event,0,0,0,NaN,NaN,1,terminal_stage_probability_one,1,0,,"","",,Terminal recording stage excluded from Bernoulli complement product.
19,8,1,powerflow_not_converged,bernoulli_full_event,0,0,0,NaN,NaN,1,terminal_stage_probability_one,1,0,,"","",,Terminal recording stage excluded from Bernoulli complement product.
19,9,1,powerflow_not_converged,bernoulli_full_event,0,0,0,NaN,NaN,1,terminal_stage_probability_one,1,0,,"","",,Terminal recording stage excluded from Bernoulli complement product.
19,10,1,powerflow_not_converged,bernoulli_full_event,0,0,0,NaN,NaN,1,terminal_stage_probability_one,1,0,,"","",,Terminal recording stage excluded from Bernoulli complement product.
20,1,1,powerflow_not_converged,bernoulli_full_event,0,0,0,NaN,NaN,1,terminal_stage_probability_one,1,0,,"","",,Terminal recording stage excluded from Bernoulli complement product.
20,2,1,powerflow_not_converged,bernoulli_full_event,0,0,0,NaN,NaN,1,terminal_stage_probability_one,1,0,,"","",,Terminal recording stage excluded from Bernoulli complement product.
20,3,1,powerflow_not_converged,bernoulli_full_event,0,0,0,NaN,NaN,1,terminal_stage_probability_one,1,0,,"","",,Terminal recording stage excluded from Bernoulli complement product.
20,4,1,powerflow_not_converged,bernoulli_full_event,0,0,0,NaN,NaN,1,terminal_stage_probability_one,1,0,,"","",,Terminal recording stage excluded from Bernoulli complement product.
20,5,1,powerflow_not_converged,bernoulli_full_event,0,0,0,NaN,NaN,1,terminal_stage_probability_one,1,0,,"","",,Terminal recording stage excluded from Bernoulli complement product.
20,6,1,powerflow_not_converged,bernoulli_full_event,0,0,0,NaN,NaN,1,terminal_stage_probability_one,1,0,,"","",,Terminal recording stage excluded from Bernoulli complement product.
20,7,1,powerflow_not_converged,bernoulli_full_event,0,0,0,NaN,NaN,1,terminal_stage_probability_one,1,0,,"","",,Terminal recording stage excluded from Bernoulli complement product.
20,8,1,powerflow_not_converged,bernoulli_full_event,0,0,0,NaN,NaN,1,terminal_stage_probability_one,1,0,,"","",,Terminal recording stage excluded from Bernoulli complement product.
20,9,1,powerflow_not_converged,bernoulli_full_event,0,0,0,NaN,NaN,1,terminal_stage_probability_one,1,0,,"","",,Terminal recording stage excluded from Bernoulli complement product.
20,10,1,powerflow_not_converged,bernoulli_full_event,0,0,0,NaN,NaN,1,terminal_stage_probability_one,1,0,,"","",,Terminal recording stage excluded from Bernoulli complement product.
21,1,1,powerflow_not_converged,bernoulli_full_event,0,0,0,NaN,NaN,1,terminal_stage_probability_one,1,0,,"","",,Terminal recording stage excluded from Bernoulli complement product.
21,2,1,powerflow_not_converged,bernoulli_full_event,0,0,0,NaN,NaN,1,terminal_stage_probability_one,1,0,,"","",,Terminal recording stage excluded from Bernoulli complement product.
21,3,1,powerflow_not_converged,bernoulli_full_event,0,0,0,NaN,NaN,1,terminal_stage_probability_one,1,0,,"","",,Terminal recording stage excluded from Bernoulli complement product.
21,4,1,powerflow_not_converged,bernoulli_full_event,0,0,0,NaN,NaN,1,terminal_stage_probability_one,1,0,,"","",,Terminal recording stage excluded from Bernoulli complement product.
21,5,1,powerflow_not_converged,bernoulli_full_event,0,0,0,NaN,NaN,1,terminal_stage_probability_one,1,0,,"","",,Terminal recording stage excluded from Bernoulli complement product.
21,6,1,powerflow_not_converged,bernoulli_full_event,0,0,0,NaN,NaN,1,terminal_stage_probability_one,1,0,,"","",,Terminal recording stage excluded from Bernoulli complement product.
21,7,1,powerflow_not_converged,bernoulli_full_event,0,0,0,NaN,NaN,1,terminal_stage_probability_one,1,0,,"","",,Terminal recording stage excluded from Bernoulli complement product.
21,8,1,powerflow_not_converged,bernoulli_full_event,0,0,0,NaN,NaN,1,terminal_stage_probability_one,1,0,,"","",,Terminal recording stage excluded from Bernoulli complement product.
21,9,1,powerflow_not_converged,bernoulli_full_event,0,0,0,NaN,NaN,1,terminal_stage_probability_one,1,0,,"","",,Terminal recording stage excluded from Bernoulli complement product.
21,10,1,powerflow_not_converged,bernoulli_full_event,0,0,0,NaN,NaN,1,terminal_stage_probability_one,1,0,,"","",,Terminal recording stage excluded from Bernoulli complement product.
22,1,1,powerflow_not_converged,bernoulli_full_event,0,0,0,NaN,NaN,1,terminal_stage_probability_one,1,0,,"","",,Terminal recording stage excluded from Bernoulli complement product.
22,2,1,powerflow_not_converged,bernoulli_full_event,0,0,0,NaN,NaN,1,terminal_stage_probability_one,1,0,,"","",,Terminal recording stage excluded from Bernoulli complement product.
22,3,1,powerflow_not_converged,bernoulli_full_event,0,0,0,NaN,NaN,1,terminal_stage_probability_one,1,0,,"","",,Terminal recording stage excluded from Bernoulli complement product.
22,4,1,powerflow_not_converged,bernoulli_full_event,0,0,0,NaN,NaN,1,terminal_stage_probability_one,1,0,,"","",,Terminal recording stage excluded from Bernoulli complement product.
22,5,1,powerflow_not_converged,bernoulli_full_event,0,0,0,NaN,NaN,1,terminal_stage_probability_one,1,0,,"","",,Terminal recording stage excluded from Bernoulli complement product.
22,6,1,powerflow_not_converged,bernoulli_full_event,0,0,0,NaN,NaN,1,terminal_stage_probability_one,1,0,,"","",,Terminal recording stage excluded from Bernoulli complement product.
22,7,1,powerflow_not_converged,bernoulli_full_event,0,0,0,NaN,NaN,1,terminal_stage_probability_one,1,0,,"","",,Terminal recording stage excluded from Bernoulli complement product.
22,8,1,powerflow_not_converged,bernoulli_full_event,0,0,0,NaN,NaN,1,terminal_stage_probability_one,1,0,,"","",,Terminal recording stage excluded from Bernoulli complement product.
22,9,1,powerflow_not_converged,bernoulli_full_event,0,0,0,NaN,NaN,1,terminal_stage_probability_one,1,0,,"","",,Terminal recording stage excluded from Bernoulli complement product.
22,10,1,powerflow_not_converged,bernoulli_full_event,0,0,0,NaN,NaN,1,terminal_stage_probability_one,1,0,,"","",,Terminal recording stage excluded from Bernoulli complement product.
23,1,1,powerflow_not_converged,bernoulli_full_event,0,0,0,NaN,NaN,1,terminal_stage_probability_one,1,0,,"","",,Terminal recording stage excluded from Bernoulli complement product.
23,2,1,powerflow_not_converged,bernoulli_full_event,0,0,0,NaN,NaN,1,terminal_stage_probability_one,1,0,,"","",,Terminal recording stage excluded from Bernoulli complement product.
23,3,1,powerflow_not_converged,bernoulli_full_event,0,0,0,NaN,NaN,1,terminal_stage_probability_one,1,0,,"","",,Terminal recording stage excluded from Bernoulli complement product.
23,4,1,powerflow_not_converged,bernoulli_full_event,0,0,0,NaN,NaN,1,terminal_stage_probability_one,1,0,,"","",,Terminal recording stage excluded from Bernoulli complement product.
23,5,1,powerflow_not_converged,bernoulli_full_event,0,0,0,NaN,NaN,1,terminal_stage_probability_one,1,0,,"","",,Terminal recording stage excluded from Bernoulli complement product.
23,6,1,powerflow_not_converged,bernoulli_full_event,0,0,0,NaN,NaN,1,terminal_stage_probability_one,1,0,,"","",,Terminal recording stage excluded from Bernoulli complement product.
23,7,1,powerflow_not_converged,bernoulli_full_event,0,0,0,NaN,NaN,1,terminal_stage_probability_one,1,0,,"","",,Terminal recording stage excluded from Bernoulli complement product.
23,8,1,powerflow_not_converged,bernoulli_full_event,0,0,0,NaN,NaN,1,terminal_stage_probability_one,1,0,,"","",,Terminal recording stage excluded from Bernoulli complement product.
23,9,1,powerflow_not_converged,bernoulli_full_event,0,0,0,NaN,NaN,1,terminal_stage_probability_one,1,0,,"","",,Terminal recording stage excluded from Bernoulli complement product.
23,10,1,powerflow_not_converged,bernoulli_full_event,0,0,0,NaN,NaN,1,terminal_stage_probability_one,1,0,,"","",,Terminal recording stage excluded from Bernoulli complement product.
24,1,1,powerflow_not_converged,bernoulli_full_event,0,0,0,NaN,NaN,1,terminal_stage_probability_one,1,0,,"","",,Terminal recording stage excluded from Bernoulli complement product.
24,2,1,powerflow_not_converged,bernoulli_full_event,0,0,0,NaN,NaN,1,terminal_stage_probability_one,1,0,,"","",,Terminal recording stage excluded from Bernoulli complement product.
24,3,1,powerflow_not_converged,bernoulli_full_event,0,0,0,NaN,NaN,1,terminal_stage_probability_one,1,0,,"","",,Terminal recording stage excluded from Bernoulli complement product.
24,4,1,powerflow_not_converged,bernoulli_full_event,0,0,0,NaN,NaN,1,terminal_stage_probability_one,1,0,,"","",,Terminal recording stage excluded from Bernoulli complement product.
24,5,1,powerflow_not_converged,bernoulli_full_event,0,0,0,NaN,NaN,1,terminal_stage_probability_one,1,0,,"","",,Terminal recording stage excluded from Bernoulli complement product.
24,6,1,powerflow_not_converged,bernoulli_full_event,0,0,0,NaN,NaN,1,terminal_stage_probability_one,1,0,,"","",,Terminal recording stage excluded from Bernoulli complement product.
24,7,1,powerflow_not_converged,bernoulli_full_event,0,0,0,NaN,NaN,1,terminal_stage_probability_one,1,0,,"","",,Terminal recording stage excluded from Bernoulli complement product.
24,8,1,powerflow_not_converged,bernoulli_full_event,0,0,0,NaN,NaN,1,terminal_stage_probability_one,1,0,,"","",,Terminal recording stage excluded from Bernoulli complement product.
24,9,1,powerflow_not_converged,bernoulli_full_event,0,0,0,NaN,NaN,1,terminal_stage_probability_one,1,0,,"","",,Terminal recording stage excluded from Bernoulli complement product.
24,10,1,powerflow_not_converged,bernoulli_full_event,0,0,0,NaN,NaN,1,terminal_stage_probability_one,1,0,,"","",,Terminal recording stage excluded from Bernoulli complement product.
25,1,1,powerflow_not_converged,bernoulli_full_event,0,0,0,NaN,NaN,1,terminal_stage_probability_one,1,0,,"","",,Terminal recording stage excluded from Bernoulli complement product.
25,2,1,powerflow_not_converged,bernoulli_full_event,0,0,0,NaN,NaN,1,terminal_stage_probability_one,1,0,,"","",,Terminal recording stage excluded from Bernoulli complement product.
25,3,1,powerflow_not_converged,bernoulli_full_event,0,0,0,NaN,NaN,1,terminal_stage_probability_one,1,0,,"","",,Terminal recording stage excluded from Bernoulli complement product.
25,4,1,powerflow_not_converged,bernoulli_full_event,0,0,0,NaN,NaN,1,terminal_stage_probability_one,1,0,,"","",,Terminal recording stage excluded from Bernoulli complement product.
25,5,1,powerflow_not_converged,bernoulli_full_event,0,0,0,NaN,NaN,1,terminal_stage_probability_one,1,0,,"","",,Terminal recording stage excluded from Bernoulli complement product.
25,6,1,powerflow_not_converged,bernoulli_full_event,0,0,0,NaN,NaN,1,terminal_stage_probability_one,1,0,,"","",,Terminal recording stage excluded from Bernoulli complement product.
25,7,1,powerflow_not_converged,bernoulli_full_event,0,0,0,NaN,NaN,1,terminal_stage_probability_one,1,0,,"","",,Terminal recording stage excluded from Bernoulli complement product.
25,8,1,powerflow_not_converged,bernoulli_full_event,0,0,0,NaN,NaN,1,terminal_stage_probability_one,1,0,,"","",,Terminal recording stage excluded from Bernoulli complement product.
25,9,1,powerflow_not_converged,bernoulli_full_event,0,0,0,NaN,NaN,1,terminal_stage_probability_one,1,0,,"","",,Terminal recording stage excluded from Bernoulli complement product.
25,10,1,powerflow_not_converged,bernoulli_full_event,0,0,0,NaN,NaN,1,terminal_stage_probability_one,1,0,,"","",,Terminal recording stage excluded from Bernoulli complement product.
26,1,1,powerflow_not_converged,bernoulli_full_event,0,0,0,NaN,NaN,1,terminal_stage_probability_one,1,0,,"","",,Terminal recording stage excluded from Bernoulli complement product.
26,2,1,powerflow_not_converged,bernoulli_full_event,0,0,0,NaN,NaN,1,terminal_stage_probability_one,1,0,,"","",,Terminal recording stage excluded from Bernoulli complement product.
26,3,1,powerflow_not_converged,bernoulli_full_event,0,0,0,NaN,NaN,1,terminal_stage_probability_one,1,0,,"","",,Terminal recording stage excluded from Bernoulli complement product.
26,4,1,powerflow_not_converged,bernoulli_full_event,0,0,0,NaN,NaN,1,terminal_stage_probability_one,1,0,,"","",,Terminal recording stage excluded from Bernoulli complement product.
26,5,1,powerflow_not_converged,bernoulli_full_event,0,0,0,NaN,NaN,1,terminal_stage_probability_one,1,0,,"","",,Terminal recording stage excluded from Bernoulli complement product.
26,6,1,powerflow_not_converged,bernoulli_full_event,0,0,0,NaN,NaN,1,terminal_stage_probability_one,1,0,,"","",,Terminal recording stage excluded from Bernoulli complement product.
26,7,1,powerflow_not_converged,bernoulli_full_event,0,0,0,NaN,NaN,1,terminal_stage_probability_one,1,0,,"","",,Terminal recording stage excluded from Bernoulli complement product.
26,8,1,powerflow_not_converged,bernoulli_full_event,0,0,0,NaN,NaN,1,terminal_stage_probability_one,1,0,,"","",,Terminal recording stage excluded from Bernoulli complement product.
26,9,1,powerflow_not_converged,bernoulli_full_event,0,0,0,NaN,NaN,1,terminal_stage_probability_one,1,0,,"","",,Terminal recording stage excluded from Bernoulli complement product.
26,10,1,powerflow_not_converged,bernoulli_full_event,0,0,0,NaN,NaN,1,terminal_stage_probability_one,1,0,,"","",,Terminal recording stage excluded from Bernoulli complement product.
27,1,1,continue,bernoulli_full_event,42,10,32,0.742462118164084,0.951752656679605,0.706640293446634,full_event_available,0,1,,"6,8,10,13,14,18,19,23,24,25","0.071145,0.80843,0.26972,0.87929,0.8163,0.28443,0.6965,0.15532,0.52895,0.24645",paper_formula,Full Bernoulli event probability uses selected probabilities and non-selected complement probabilities.
27,1,2,load_loss_threshold,bernoulli_full_event,28,0,28,NaN,NaN,1,terminal_stage_probability_one,1,0,,"","",,Terminal recording stage excluded from Bernoulli complement product.
27,2,1,continue,bernoulli_full_event,42,9,33,1,0.245112363232971,0.245112363232971,full_event_available,0,1,,"6,8,10,13,14,18,19,23,24","0.64293,0.26266,0.34053,0.86507,0.5644,0.23707,0.36927,0.18445,0.21885",paper_formula,Full Bernoulli event probability uses selected probabilities and non-selected complement probabilities.
27,2,2,load_loss_threshold,bernoulli_full_event,29,0,29,NaN,NaN,1,terminal_stage_probability_one,1,0,,"","",,Terminal recording stage excluded from Bernoulli complement product.
27,3,1,continue,bernoulli_full_event,42,10,32,0.742462118164084,0.951752656679605,0.706640293446634,full_event_available,0,1,,"6,8,10,13,14,18,19,23,24,25","0.3715,0.33855,0.29064,0.41622,0.60297,0.58373,0.87435,0.81524,0.82327,0.081536",paper_formula,Full Bernoulli event probability uses selected probabilities and non-selected complement probabilities.
27,3,2,load_loss_threshold,bernoulli_full_event,28,0,28,NaN,NaN,1,terminal_stage_probability_one,1,0,,"","",,Terminal recording stage excluded from Bernoulli complement product.
27,4,1,continue,bernoulli_full_event,42,10,32,0.742462118164084,0.951752656679605,0.706640293446634,full_event_available,0,1,,"6,8,10,13,14,18,19,23,24,25","0.39517,0.40149,0.21985,0.093959,0.18892,0.39695,0.85963,0.53627,0.75287,0.28313",paper_formula,Full Bernoulli event probability uses selected probabilities and non-selected complement probabilities.
27,4,2,load_loss_threshold,bernoulli_full_event,28,0,28,NaN,NaN,1,terminal_stage_probability_one,1,0,,"","",,Terminal recording stage excluded from Bernoulli complement product.
27,5,1,continue,bernoulli_full_event,42,10,32,0.742462118164084,0.951752656679605,0.706640293446634,full_event_available,0,1,,"6,8,10,13,14,18,19,23,24,25","0.35108,0.13465,0.8497,0.39464,0.05718,0.84264,0.83723,0.1463,0.062858,0.0055588",paper_formula,Full Bernoulli event probability uses selected probabilities and non-selected complement probabilities.
27,5,2,load_loss_threshold,bernoulli_full_event,28,0,28,NaN,NaN,1,terminal_stage_probability_one,1,0,,"","",,Terminal recording stage excluded from Bernoulli complement product.
27,6,1,continue,bernoulli_full_event,42,10,32,0.742462118164084,0.951752656679605,0.706640293446634,full_event_available,0,1,,"6,8,10,13,14,18,19,23,24,25","0.69536,0.24314,0.44511,0.93754,0.53601,0.2225,0.67139,0.9585,0.59862,0.056139",paper_formula,Full Bernoulli event probability uses selected probabilities and non-selected complement probabilities.
27,6,2,load_loss_threshold,bernoulli_full_event,28,0,28,NaN,NaN,1,terminal_stage_probability_one,1,0,,"","",,Terminal recording stage excluded from Bernoulli complement product.
27,7,1,continue,bernoulli_full_event,42,10,32,0.742462118164084,0.951752656679605,0.706640293446634,full_event_available,0,1,,"6,8,10,13,14,18,19,23,24,25","0.60738,0.69126,0.27791,0.28388,0.92476,0.50411,0.29667,0.20627,0.65435,0.68992",paper_formula,Full Bernoulli event probability uses selected probabilities and non-selected complement probabilities.
27,7,2,load_loss_threshold,bernoulli_full_event,28,0,28,NaN,NaN,1,terminal_stage_probability_one,1,0,,"","",,Terminal recording stage excluded from Bernoulli complement product.
27,8,1,continue,bernoulli_full_event,42,9,33,1,0.245112363232971,0.245112363232971,full_event_available,0,1,,"6,8,10,13,14,18,19,23,24","0.28303,0.80698,0.60677,0.12312,0.34549,0.44849,0.79716,0.7423,0.59963",paper_formula,Full Bernoulli event probability uses selected probabilities and non-selected complement probabilities.
27,8,2,load_loss_threshold,bernoulli_full_event,29,0,29,NaN,NaN,1,terminal_stage_probability_one,1,0,,"","",,Terminal recording stage excluded from Bernoulli complement product.
27,9,1,continue,bernoulli_full_event,42,10,32,0.742462118164084,0.951752656679605,0.706640293446634,full_event_available,0,1,,"6,8,10,13,14,18,19,23,24,25","0.31706,0.57888,0.85089,0.76725,0.90186,0.013544,0.17224,0.27043,0.82082,0.019278",paper_formula,Full Bernoulli event probability uses selected probabilities and non-selected complement probabilities.
27,9,2,load_loss_threshold,bernoulli_full_event,28,0,28,NaN,NaN,1,terminal_stage_probability_one,1,0,,"","",,Terminal recording stage excluded from Bernoulli complement product.
27,10,1,continue,bernoulli_full_event,42,10,32,0.742462118164084,0.951752656679605,0.706640293446634,full_event_available,0,1,,"6,8,10,13,14,18,19,23,24,25","0.54503,0.97037,0.25531,0.1518,0.70917,0.41861,0.52515,0.046224,0.28001,0.10795",paper_formula,Full Bernoulli event probability uses selected probabilities and non-selected complement probabilities.
27,10,2,load_loss_threshold,bernoulli_full_event,28,0,28,NaN,NaN,1,terminal_stage_probability_one,1,0,,"","",,Terminal recording stage excluded from Bernoulli complement product.
28,1,1,powerflow_not_converged,bernoulli_full_event,0,0,0,NaN,NaN,1,terminal_stage_probability_one,1,0,,"","",,Terminal recording stage excluded from Bernoulli complement product.
28,2,1,powerflow_not_converged,bernoulli_full_event,0,0,0,NaN,NaN,1,terminal_stage_probability_one,1,0,,"","",,Terminal recording stage excluded from Bernoulli complement product.
28,3,1,powerflow_not_converged,bernoulli_full_event,0,0,0,NaN,NaN,1,terminal_stage_probability_one,1,0,,"","",,Terminal recording stage excluded from Bernoulli complement product.
28,4,1,powerflow_not_converged,bernoulli_full_event,0,0,0,NaN,NaN,1,terminal_stage_probability_one,1,0,,"","",,Terminal recording stage excluded from Bernoulli complement product.
28,5,1,powerflow_not_converged,bernoulli_full_event,0,0,0,NaN,NaN,1,terminal_stage_probability_one,1,0,,"","",,Terminal recording stage excluded from Bernoulli complement product.
28,6,1,powerflow_not_converged,bernoulli_full_event,0,0,0,NaN,NaN,1,terminal_stage_probability_one,1,0,,"","",,Terminal recording stage excluded from Bernoulli complement product.
28,7,1,powerflow_not_converged,bernoulli_full_event,0,0,0,NaN,NaN,1,terminal_stage_probability_one,1,0,,"","",,Terminal recording stage excluded from Bernoulli complement product.
28,8,1,powerflow_not_converged,bernoulli_full_event,0,0,0,NaN,NaN,1,terminal_stage_probability_one,1,0,,"","",,Terminal recording stage excluded from Bernoulli complement product.
28,9,1,powerflow_not_converged,bernoulli_full_event,0,0,0,NaN,NaN,1,terminal_stage_probability_one,1,0,,"","",,Terminal recording stage excluded from Bernoulli complement product.
28,10,1,powerflow_not_converged,bernoulli_full_event,0,0,0,NaN,NaN,1,terminal_stage_probability_one,1,0,,"","",,Terminal recording stage excluded from Bernoulli complement product.
29,1,1,powerflow_not_converged,bernoulli_full_event,0,0,0,NaN,NaN,1,terminal_stage_probability_one,1,0,,"","",,Terminal recording stage excluded from Bernoulli complement product.
29,2,1,powerflow_not_converged,bernoulli_full_event,0,0,0,NaN,NaN,1,terminal_stage_probability_one,1,0,,"","",,Terminal recording stage excluded from Bernoulli complement product.
29,3,1,powerflow_not_converged,bernoulli_full_event,0,0,0,NaN,NaN,1,terminal_stage_probability_one,1,0,,"","",,Terminal recording stage excluded from Bernoulli complement product.
29,4,1,powerflow_not_converged,bernoulli_full_event,0,0,0,NaN,NaN,1,terminal_stage_probability_one,1,0,,"","",,Terminal recording stage excluded from Bernoulli complement product.
29,5,1,powerflow_not_converged,bernoulli_full_event,0,0,0,NaN,NaN,1,terminal_stage_probability_one,1,0,,"","",,Terminal recording stage excluded from Bernoulli complement product.
29,6,1,powerflow_not_converged,bernoulli_full_event,0,0,0,NaN,NaN,1,terminal_stage_probability_one,1,0,,"","",,Terminal recording stage excluded from Bernoulli complement product.
29,7,1,powerflow_not_converged,bernoulli_full_event,0,0,0,NaN,NaN,1,terminal_stage_probability_one,1,0,,"","",,Terminal recording stage excluded from Bernoulli complement product.
29,8,1,powerflow_not_converged,bernoulli_full_event,0,0,0,NaN,NaN,1,terminal_stage_probability_one,1,0,,"","",,Terminal recording stage excluded from Bernoulli complement product.
29,9,1,powerflow_not_converged,bernoulli_full_event,0,0,0,NaN,NaN,1,terminal_stage_probability_one,1,0,,"","",,Terminal recording stage excluded from Bernoulli complement product.
29,10,1,powerflow_not_converged,bernoulli_full_event,0,0,0,NaN,NaN,1,terminal_stage_probability_one,1,0,,"","",,Terminal recording stage excluded from Bernoulli complement product.
30,1,1,powerflow_not_converged,bernoulli_full_event,0,0,0,NaN,NaN,1,terminal_stage_probability_one,1,0,,"","",,Terminal recording stage excluded from Bernoulli complement product.
30,2,1,powerflow_not_converged,bernoulli_full_event,0,0,0,NaN,NaN,1,terminal_stage_probability_one,1,0,,"","",,Terminal recording stage excluded from Bernoulli complement product.
30,3,1,powerflow_not_converged,bernoulli_full_event,0,0,0,NaN,NaN,1,terminal_stage_probability_one,1,0,,"","",,Terminal recording stage excluded from Bernoulli complement product.
30,4,1,powerflow_not_converged,bernoulli_full_event,0,0,0,NaN,NaN,1,terminal_stage_probability_one,1,0,,"","",,Terminal recording stage excluded from Bernoulli complement product.
30,5,1,powerflow_not_converged,bernoulli_full_event,0,0,0,NaN,NaN,1,terminal_stage_probability_one,1,0,,"","",,Terminal recording stage excluded from Bernoulli complement product.
30,6,1,powerflow_not_converged,bernoulli_full_event,0,0,0,NaN,NaN,1,terminal_stage_probability_one,1,0,,"","",,Terminal recording stage excluded from Bernoulli complement product.
30,7,1,powerflow_not_converged,bernoulli_full_event,0,0,0,NaN,NaN,1,terminal_stage_probability_one,1,0,,"","",,Terminal recording stage excluded from Bernoulli complement product.
30,8,1,powerflow_not_converged,bernoulli_full_event,0,0,0,NaN,NaN,1,terminal_stage_probability_one,1,0,,"","",,Terminal recording stage excluded from Bernoulli complement product.
30,9,1,powerflow_not_converged,bernoulli_full_event,0,0,0,NaN,NaN,1,terminal_stage_probability_one,1,0,,"","",,Terminal recording stage excluded from Bernoulli complement product.
30,10,1,powerflow_not_converged,bernoulli_full_event,0,0,0,NaN,NaN,1,terminal_stage_probability_one,1,0,,"","",,Terminal recording stage excluded from Bernoulli complement product.
31,1,1,powerflow_not_converged,bernoulli_full_event,0,0,0,NaN,NaN,1,terminal_stage_probability_one,1,0,,"","",,Terminal recording stage excluded from Bernoulli complement product.
31,2,1,powerflow_not_converged,bernoulli_full_event,0,0,0,NaN,NaN,1,terminal_stage_probability_one,1,0,,"","",,Terminal recording stage excluded from Bernoulli complement product.
31,3,1,powerflow_not_converged,bernoulli_full_event,0,0,0,NaN,NaN,1,terminal_stage_probability_one,1,0,,"","",,Terminal recording stage excluded from Bernoulli complement product.
31,4,1,powerflow_not_converged,bernoulli_full_event,0,0,0,NaN,NaN,1,terminal_stage_probability_one,1,0,,"","",,Terminal recording stage excluded from Bernoulli complement product.
31,5,1,powerflow_not_converged,bernoulli_full_event,0,0,0,NaN,NaN,1,terminal_stage_probability_one,1,0,,"","",,Terminal recording stage excluded from Bernoulli complement product.
31,6,1,powerflow_not_converged,bernoulli_full_event,0,0,0,NaN,NaN,1,terminal_stage_probability_one,1,0,,"","",,Terminal recording stage excluded from Bernoulli complement product.
31,7,1,powerflow_not_converged,bernoulli_full_event,0,0,0,NaN,NaN,1,terminal_stage_probability_one,1,0,,"","",,Terminal recording stage excluded from Bernoulli complement product.
31,8,1,powerflow_not_converged,bernoulli_full_event,0,0,0,NaN,NaN,1,terminal_stage_probability_one,1,0,,"","",,Terminal recording stage excluded from Bernoulli complement product.
31,9,1,powerflow_not_converged,bernoulli_full_event,0,0,0,NaN,NaN,1,terminal_stage_probability_one,1,0,,"","",,Terminal recording stage excluded from Bernoulli complement product.
31,10,1,powerflow_not_converged,bernoulli_full_event,0,0,0,NaN,NaN,1,terminal_stage_probability_one,1,0,,"","",,Terminal recording stage excluded from Bernoulli complement product.
32,1,1,continue,bernoulli_full_event,44,9,35,1,0.948140518910612,0.948140518910612,full_event_available,0,1,,"6,8,10,13,14,18,19,23,24","0.49661,0.65865,0.47555,0.77276,0.93282,0.29071,0.42564,0.41623,0.61786",paper_formula,Full Bernoulli event probability uses selected probabilities and non-selected complement probabilities.
32,1,2,load_loss_threshold,bernoulli_full_event,31,0,31,NaN,NaN,1,terminal_stage_probability_one,1,0,,"","",,Terminal recording stage excluded from Bernoulli complement product.
32,2,1,continue,bernoulli_full_event,44,9,35,1,0.948140518910612,0.948140518910612,full_event_available,0,1,,"6,8,10,13,14,18,19,23,24","0.61744,0.98253,0.89122,0.39516,0.81941,0.95579,0.10219,0.92953,0.28686",paper_formula,Full Bernoulli event probability uses selected probabilities and non-selected complement probabilities.
32,2,2,load_loss_threshold,bernoulli_full_event,31,0,31,NaN,NaN,1,terminal_stage_probability_one,1,0,,"","",,Terminal recording stage excluded from Bernoulli complement product.
32,3,1,continue,bernoulli_full_event,44,9,35,1,0.948140518910612,0.948140518910612,full_event_available,0,1,,"6,8,10,13,14,18,19,23,24","0.39071,0.61805,0.10546,0.071959,0.19186,0.9144,0.76769,0.4017,0.11136",paper_formula,Full Bernoulli event probability uses selected probabilities and non-selected complement probabilities.
32,3,2,load_loss_threshold,bernoulli_full_event,31,0,31,NaN,NaN,1,terminal_stage_probability_one,1,0,,"","",,Terminal recording stage excluded from Bernoulli complement product.
32,4,1,continue,bernoulli_full_event,44,9,35,1,0.948140518910612,0.948140518910612,full_event_available,0,1,,"6,8,10,13,14,18,19,23,24","0.44605,0.69371,0.21305,0.59051,0.61036,0.52543,0.25309,0.21605,0.83953",paper_formula,Full Bernoulli event probability uses selected probabilities and non-selected complement probabilities.
32,4,2,load_loss_threshold,bernoulli_full_event,31,0,31,NaN,NaN,1,terminal_stage_probability_one,1,0,,"","",,Terminal recording stage excluded from Bernoulli complement product.
32,5,1,continue,bernoulli_full_event,44,9,35,1,0.948140518910612,0.948140518910612,full_event_available,0,1,,"6,8,10,13,14,18,19,23,24","0.29003,0.56746,0.21229,0.98413,0.0010489,0.88467,0.59867,0.80625,0.089986",paper_formula,Full Bernoulli event probability uses selected probabilities and non-selected complement probabilities.
32,5,2,load_loss_threshold,bernoulli_full_event,31,0,31,NaN,NaN,1,terminal_stage_probability_one,1,0,,"","",,Terminal recording stage excluded from Bernoulli complement product.
32,6,1,continue,bernoulli_full_event,44,9,35,1,0.948140518910612,0.948140518910612,full_event_available,0,1,,"6,8,10,13,14,18,19,23,24","0.034531,0.034851,0.48788,0.5214,0.3064,0.70996,0.83596,0.3687,0.65586",paper_formula,Full Bernoulli event probability uses selected probabilities and non-selected complement probabilities.
32,6,2,load_loss_threshold,bernoulli_full_event,31,0,31,NaN,NaN,1,terminal_stage_probability_one,1,0,,"","",,Terminal recording stage excluded from Bernoulli complement product.
32,7,1,continue,bernoulli_full_event,44,9,35,1,0.948140518910612,0.948140518910612,full_event_available,0,1,,"6,8,10,13,14,18,19,23,24","0.9864,0.05976,0.58376,0.99458,0.68757,0.52074,0.29218,0.184,0.52761",paper_formula,Full Bernoulli event probability uses selected probabilities and non-selected complement probabilities.
32,7,2,load_loss_threshold,bernoulli_full_event,31,0,31,NaN,NaN,1,terminal_stage_probability_one,1,0,,"","",,Terminal recording stage excluded from Bernoulli complement product.
32,8,1,continue,bernoulli_full_event,44,9,35,1,0.948140518910612,0.948140518910612,full_event_available,0,1,,"6,8,10,13,14,18,19,23,24","0.56585,0.40844,0.24697,0.33341,0.35027,0.65062,0.89447,0.25584,0.1368",paper_formula,Full Bernoulli event probability uses selected probabilities and non-selected complement probabilities.
32,8,2,load_loss_threshold,bernoulli_full_event,31,0,31,NaN,NaN,1,terminal_stage_probability_one,1,0,,"","",,Terminal recording stage excluded from Bernoulli complement product.
32,9,1,continue,bernoulli_full_event,44,9,35,1,0.948140518910612,0.948140518910612,full_event_available,0,1,,"6,8,10,13,14,18,19,23,24","0.64997,0.45955,0.60941,0.78418,0.68646,0.59734,0.27712,0.94176,0.72311",paper_formula,Full Bernoulli event probability uses selected probabilities and non-selected complement probabilities.
32,9,2,load_loss_threshold,bernoulli_full_event,31,0,31,NaN,NaN,1,terminal_stage_probability_one,1,0,,"","",,Terminal recording stage excluded from Bernoulli complement product.
32,10,1,continue,bernoulli_full_event,44,9,35,1,0.948140518910612,0.948140518910612,full_event_available,0,1,,"6,8,10,13,14,18,19,23,24","0.40561,0.95363,0.031443,0.69714,0.87378,0.79361,0.40862,0.80738,0.55927",paper_formula,Full Bernoulli event probability uses selected probabilities and non-selected complement probabilities.
32,10,2,load_loss_threshold,bernoulli_full_event,31,0,31,NaN,NaN,1,terminal_stage_probability_one,1,0,,"","",,Terminal recording stage excluded from Bernoulli complement product.
33,1,1,powerflow_not_converged,bernoulli_full_event,0,0,0,NaN,NaN,1,terminal_stage_probability_one,1,0,,"","",,Terminal recording stage excluded from Bernoulli complement product.
33,2,1,powerflow_not_converged,bernoulli_full_event,0,0,0,NaN,NaN,1,terminal_stage_probability_one,1,0,,"","",,Terminal recording stage excluded from Bernoulli complement product.
33,3,1,powerflow_not_converged,bernoulli_full_event,0,0,0,NaN,NaN,1,terminal_stage_probability_one,1,0,,"","",,Terminal recording stage excluded from Bernoulli complement product.
33,4,1,powerflow_not_converged,bernoulli_full_event,0,0,0,NaN,NaN,1,terminal_stage_probability_one,1,0,,"","",,Terminal recording stage excluded from Bernoulli complement product.
33,5,1,powerflow_not_converged,bernoulli_full_event,0,0,0,NaN,NaN,1,terminal_stage_probability_one,1,0,,"","",,Terminal recording stage excluded from Bernoulli complement product.
33,6,1,powerflow_not_converged,bernoulli_full_event,0,0,0,NaN,NaN,1,terminal_stage_probability_one,1,0,,"","",,Terminal recording stage excluded from Bernoulli complement product.
33,7,1,powerflow_not_converged,bernoulli_full_event,0,0,0,NaN,NaN,1,terminal_stage_probability_one,1,0,,"","",,Terminal recording stage excluded from Bernoulli complement product.
33,8,1,powerflow_not_converged,bernoulli_full_event,0,0,0,NaN,NaN,1,terminal_stage_probability_one,1,0,,"","",,Terminal recording stage excluded from Bernoulli complement product.
33,9,1,powerflow_not_converged,bernoulli_full_event,0,0,0,NaN,NaN,1,terminal_stage_probability_one,1,0,,"","",,Terminal recording stage excluded from Bernoulli complement product.
33,10,1,powerflow_not_converged,bernoulli_full_event,0,0,0,NaN,NaN,1,terminal_stage_probability_one,1,0,,"","",,Terminal recording stage excluded from Bernoulli complement product.
34,1,1,continue,bernoulli_full_event,45,10,35,0.913503811623187,0.94809597562922,0.866089287521896,full_event_available,0,1,,"6,8,10,13,14,18,19,23,24,25","0.99697,0.15204,0.17182,0.18617,0.10694,0.44866,0.093149,0.26573,0.55861,0.1829",paper_formula,Full Bernoulli event probability uses selected probabilities and non-selected complement probabilities.
34,1,2,load_loss_threshold,bernoulli_full_event,31,0,31,NaN,NaN,1,terminal_stage_probability_one,1,0,,"","",,Terminal recording stage excluded from Bernoulli complement product.
34,2,1,continue,bernoulli_full_event,45,10,35,0.913503811623187,0.94809597562922,0.866089287521896,full_event_available,0,1,,"6,8,10,13,14,18,19,23,24,25","0.36384,0.34138,0.39204,0.91945,0.62484,0.82035,0.31209,0.30769,0.71967,0.67739",paper_formula,Full Bernoulli event probability uses selected probabilities and non-selected complement probabilities.
34,2,2,load_loss_threshold,bernoulli_full_event,31,0,31,NaN,NaN,1,terminal_stage_probability_one,1,0,,"","",,Terminal recording stage excluded from Bernoulli complement product.
34,3,1,continue,bernoulli_full_event,45,10,35,0.913503811623187,0.94809597562922,0.866089287521896,full_event_available,0,1,,"6,8,10,13,14,18,19,23,24,25","0.68371,0.84331,0.41397,0.70865,0.52099,0.50291,0.87028,0.81131,0.69568,0.37718",paper_formula,Full Bernoulli event probability uses selected probabilities and non-selected complement probabilities.
34,3,2,load_loss_threshold,bernoulli_full_event,31,0,31,NaN,NaN,1,terminal_stage_probability_one,1,0,,"","",,Terminal recording stage excluded from Bernoulli complement product.
34,4,1,continue,bernoulli_full_event,45,10,35,0.913503811623187,0.94809597562922,0.866089287521896,full_event_available,0,1,,"6,8,10,13,14,18,19,23,24,25","0.20859,0.41605,0.58048,0.30621,0.51751,0.27938,0.84431,0.25666,0.18947,0.85651",paper_formula,Full Bernoulli event probability uses selected probabilities and non-selected complement probabilities.
34,4,2,load_loss_threshold,bernoulli_full_event,31,0,31,NaN,NaN,1,terminal_stage_probability_one,1,0,,"","",,Terminal recording stage excluded from Bernoulli complement product.
34,5,1,continue,bernoulli_full_event,45,10,35,0.913503811623187,0.94809597562922,0.866089287521896,full_event_available,0,1,,"6,8,10,13,14,18,19,23,24,25","0.71199,0.68703,0.98579,0.18755,0.60876,0.1368,0.086673,0.072951,0.77477,0.53207",paper_formula,Full Bernoulli event probability uses selected probabilities and non-selected complement probabilities.
34,5,2,load_loss_threshold,bernoulli_full_event,31,0,31,NaN,NaN,1,terminal_stage_probability_one,1,0,,"","",,Terminal recording stage excluded from Bernoulli complement product.
34,6,1,continue,bernoulli_full_event,45,10,35,0.913503811623187,0.94809597562922,0.866089287521896,full_event_available,0,1,,"6,8,10,13,14,18,19,23,24,25","0.49596,0.24639,0.93487,0.38257,0.30197,0.58956,0.15271,0.7449,0.68196,0.024332",paper_formula,Full Bernoulli event probability uses selected probabilities and non-selected complement probabilities.
34,6,2,load_loss_threshold,bernoulli_full_event,31,0,31,NaN,NaN,1,terminal_stage_probability_one,1,0,,"","",,Terminal recording stage excluded from Bernoulli complement product.
34,7,1,continue,bernoulli_full_event,45,10,35,0.913503811623187,0.94809597562922,0.866089287521896,full_event_available,0,1,,"6,8,10,13,14,18,19,23,24,25","0.77804,0.64517,0.90071,0.87221,0.42822,0.24406,0.77536,0.66855,0.28292,0.29038",paper_formula,Full Bernoulli event probability uses selected probabilities and non-selected complement probabilities.
34,7,2,load_loss_threshold,bernoulli_full_event,31,0,31,NaN,NaN,1,terminal_stage_probability_one,1,0,,"","",,Terminal recording stage excluded from Bernoulli complement product.
34,8,1,continue,bernoulli_full_event,45,10,35,0.913503811623187,0.94809597562922,0.866089287521896,full_event_available,0,1,,"6,8,10,13,14,18,19,23,24,25","0.31045,0.97716,0.3652,0.63518,0.025085,0.2545,0.78437,0.71789,0.78877,0.52947",paper_formula,Full Bernoulli event probability uses selected probabilities and non-selected complement probabilities.
34,8,2,load_loss_threshold,bernoulli_full_event,31,0,31,NaN,NaN,1,terminal_stage_probability_one,1,0,,"","",,Terminal recording stage excluded from Bernoulli complement product.
34,9,1,continue,bernoulli_full_event,45,11,34,0.00153453712056107,0.949691301819624,0.00145733655571618,full_event_available,0,1,,"6,8,10,13,14,18,19,23,24,25,31","0.73684,0.073169,0.84928,0.74463,0.87565,0.81255,0.94736,0.49171,0.36678,0.54819,0.0011891",paper_formula,Full Bernoulli event probability uses selected probabilities and non-selected complement probabilities.
34,9,2,load_loss_threshold,bernoulli_full_event,30,0,30,NaN,NaN,1,terminal_stage_probability_one,1,0,,"","",,Terminal recording stage excluded from Bernoulli complement product.
34,10,1,continue,bernoulli_full_event,45,10,35,0.913503811623187,0.94809597562922,0.866089287521896,full_event_available,0,1,,"6,8,10,13,14,18,19,23,24,25","0.087576,0.71166,0.097537,0.65777,0.2956,0.81812,0.33268,0.73612,0.57016,0.096643",paper_formula,Full Bernoulli event probability uses selected probabilities and non-selected complement probabilities.
34,10,2,load_loss_threshold,bernoulli_full_event,31,0,31,NaN,NaN,1,terminal_stage_probability_one,1,0,,"","",,Terminal recording stage excluded from Bernoulli complement product.
35,1,1,powerflow_not_converged,bernoulli_full_event,0,0,0,NaN,NaN,1,terminal_stage_probability_one,1,0,,"","",,Terminal recording stage excluded from Bernoulli complement product.
35,2,1,powerflow_not_converged,bernoulli_full_event,0,0,0,NaN,NaN,1,terminal_stage_probability_one,1,0,,"","",,Terminal recording stage excluded from Bernoulli complement product.
35,3,1,powerflow_not_converged,bernoulli_full_event,0,0,0,NaN,NaN,1,terminal_stage_probability_one,1,0,,"","",,Terminal recording stage excluded from Bernoulli complement product.
35,4,1,powerflow_not_converged,bernoulli_full_event,0,0,0,NaN,NaN,1,terminal_stage_probability_one,1,0,,"","",,Terminal recording stage excluded from Bernoulli complement product.
35,5,1,powerflow_not_converged,bernoulli_full_event,0,0,0,NaN,NaN,1,terminal_stage_probability_one,1,0,,"","",,Terminal recording stage excluded from Bernoulli complement product.
35,6,1,powerflow_not_converged,bernoulli_full_event,0,0,0,NaN,NaN,1,terminal_stage_probability_one,1,0,,"","",,Terminal recording stage excluded from Bernoulli complement product.
35,7,1,powerflow_not_converged,bernoulli_full_event,0,0,0,NaN,NaN,1,terminal_stage_probability_one,1,0,,"","",,Terminal recording stage excluded from Bernoulli complement product.
35,8,1,powerflow_not_converged,bernoulli_full_event,0,0,0,NaN,NaN,1,terminal_stage_probability_one,1,0,,"","",,Terminal recording stage excluded from Bernoulli complement product.
35,9,1,powerflow_not_converged,bernoulli_full_event,0,0,0,NaN,NaN,1,terminal_stage_probability_one,1,0,,"","",,Terminal recording stage excluded from Bernoulli complement product.
35,10,1,powerflow_not_converged,bernoulli_full_event,0,0,0,NaN,NaN,1,terminal_stage_probability_one,1,0,,"","",,Terminal recording stage excluded from Bernoulli complement product.
36,1,1,powerflow_not_converged,bernoulli_full_event,0,0,0,NaN,NaN,1,terminal_stage_probability_one,1,0,,"","",,Terminal recording stage excluded from Bernoulli complement product.
36,2,1,powerflow_not_converged,bernoulli_full_event,0,0,0,NaN,NaN,1,terminal_stage_probability_one,1,0,,"","",,Terminal recording stage excluded from Bernoulli complement product.
36,3,1,powerflow_not_converged,bernoulli_full_event,0,0,0,NaN,NaN,1,terminal_stage_probability_one,1,0,,"","",,Terminal recording stage excluded from Bernoulli complement product.
36,4,1,powerflow_not_converged,bernoulli_full_event,0,0,0,NaN,NaN,1,terminal_stage_probability_one,1,0,,"","",,Terminal recording stage excluded from Bernoulli complement product.
36,5,1,powerflow_not_converged,bernoulli_full_event,0,0,0,NaN,NaN,1,terminal_stage_probability_one,1,0,,"","",,Terminal recording stage excluded from Bernoulli complement product.
36,6,1,powerflow_not_converged,bernoulli_full_event,0,0,0,NaN,NaN,1,terminal_stage_probability_one,1,0,,"","",,Terminal recording stage excluded from Bernoulli complement product.
36,7,1,powerflow_not_converged,bernoulli_full_event,0,0,0,NaN,NaN,1,terminal_stage_probability_one,1,0,,"","",,Terminal recording stage excluded from Bernoulli complement product.
36,8,1,powerflow_not_converged,bernoulli_full_event,0,0,0,NaN,NaN,1,terminal_stage_probability_one,1,0,,"","",,Terminal recording stage excluded from Bernoulli complement product.
36,9,1,powerflow_not_converged,bernoulli_full_event,0,0,0,NaN,NaN,1,terminal_stage_probability_one,1,0,,"","",,Terminal recording stage excluded from Bernoulli complement product.
36,10,1,powerflow_not_converged,bernoulli_full_event,0,0,0,NaN,NaN,1,terminal_stage_probability_one,1,0,,"","",,Terminal recording stage excluded from Bernoulli complement product.
37,1,1,powerflow_not_converged,bernoulli_full_event,0,0,0,NaN,NaN,1,terminal_stage_probability_one,1,0,,"","",,Terminal recording stage excluded from Bernoulli complement product.
37,2,1,powerflow_not_converged,bernoulli_full_event,0,0,0,NaN,NaN,1,terminal_stage_probability_one,1,0,,"","",,Terminal recording stage excluded from Bernoulli complement product.
37,3,1,powerflow_not_converged,bernoulli_full_event,0,0,0,NaN,NaN,1,terminal_stage_probability_one,1,0,,"","",,Terminal recording stage excluded from Bernoulli complement product.
37,4,1,powerflow_not_converged,bernoulli_full_event,0,0,0,NaN,NaN,1,terminal_stage_probability_one,1,0,,"","",,Terminal recording stage excluded from Bernoulli complement product.
37,5,1,powerflow_not_converged,bernoulli_full_event,0,0,0,NaN,NaN,1,terminal_stage_probability_one,1,0,,"","",,Terminal recording stage excluded from Bernoulli complement product.
37,6,1,powerflow_not_converged,bernoulli_full_event,0,0,0,NaN,NaN,1,terminal_stage_probability_one,1,0,,"","",,Terminal recording stage excluded from Bernoulli complement product.
37,7,1,powerflow_not_converged,bernoulli_full_event,0,0,0,NaN,NaN,1,terminal_stage_probability_one,1,0,,"","",,Terminal recording stage excluded from Bernoulli complement product.
37,8,1,powerflow_not_converged,bernoulli_full_event,0,0,0,NaN,NaN,1,terminal_stage_probability_one,1,0,,"","",,Terminal recording stage excluded from Bernoulli complement product.
37,9,1,powerflow_not_converged,bernoulli_full_event,0,0,0,NaN,NaN,1,terminal_stage_probability_one,1,0,,"","",,Terminal recording stage excluded from Bernoulli complement product.
37,10,1,powerflow_not_converged,bernoulli_full_event,0,0,0,NaN,NaN,1,terminal_stage_probability_one,1,0,,"","",,Terminal recording stage excluded from Bernoulli complement product.
38,1,1,powerflow_not_converged,bernoulli_full_event,0,0,0,NaN,NaN,1,terminal_stage_probability_one,1,0,,"","",,Terminal recording stage excluded from Bernoulli complement product.
38,2,1,powerflow_not_converged,bernoulli_full_event,0,0,0,NaN,NaN,1,terminal_stage_probability_one,1,0,,"","",,Terminal recording stage excluded from Bernoulli complement product.
38,3,1,powerflow_not_converged,bernoulli_full_event,0,0,0,NaN,NaN,1,terminal_stage_probability_one,1,0,,"","",,Terminal recording stage excluded from Bernoulli complement product.
38,4,1,powerflow_not_converged,bernoulli_full_event,0,0,0,NaN,NaN,1,terminal_stage_probability_one,1,0,,"","",,Terminal recording stage excluded from Bernoulli complement product.
38,5,1,powerflow_not_converged,bernoulli_full_event,0,0,0,NaN,NaN,1,terminal_stage_probability_one,1,0,,"","",,Terminal recording stage excluded from Bernoulli complement product.
38,6,1,powerflow_not_converged,bernoulli_full_event,0,0,0,NaN,NaN,1,terminal_stage_probability_one,1,0,,"","",,Terminal recording stage excluded from Bernoulli complement product.
38,7,1,powerflow_not_converged,bernoulli_full_event,0,0,0,NaN,NaN,1,terminal_stage_probability_one,1,0,,"","",,Terminal recording stage excluded from Bernoulli complement product.
38,8,1,powerflow_not_converged,bernoulli_full_event,0,0,0,NaN,NaN,1,terminal_stage_probability_one,1,0,,"","",,Terminal recording stage excluded from Bernoulli complement product.
38,9,1,powerflow_not_converged,bernoulli_full_event,0,0,0,NaN,NaN,1,terminal_stage_probability_one,1,0,,"","",,Terminal recording stage excluded from Bernoulli complement product.
38,10,1,powerflow_not_converged,bernoulli_full_event,0,0,0,NaN,NaN,1,terminal_stage_probability_one,1,0,,"","",,Terminal recording stage excluded from Bernoulli complement product.
39,1,1,powerflow_not_converged,bernoulli_full_event,0,0,0,NaN,NaN,1,terminal_stage_probability_one,1,0,,"","",,Terminal recording stage excluded from Bernoulli complement product.
39,2,1,powerflow_not_converged,bernoulli_full_event,0,0,0,NaN,NaN,1,terminal_stage_probability_one,1,0,,"","",,Terminal recording stage excluded from Bernoulli complement product.
39,3,1,powerflow_not_converged,bernoulli_full_event,0,0,0,NaN,NaN,1,terminal_stage_probability_one,1,0,,"","",,Terminal recording stage excluded from Bernoulli complement product.
39,4,1,powerflow_not_converged,bernoulli_full_event,0,0,0,NaN,NaN,1,terminal_stage_probability_one,1,0,,"","",,Terminal recording stage excluded from Bernoulli complement product.
39,5,1,powerflow_not_converged,bernoulli_full_event,0,0,0,NaN,NaN,1,terminal_stage_probability_one,1,0,,"","",,Terminal recording stage excluded from Bernoulli complement product.
39,6,1,powerflow_not_converged,bernoulli_full_event,0,0,0,NaN,NaN,1,terminal_stage_probability_one,1,0,,"","",,Terminal recording stage excluded from Bernoulli complement product.
39,7,1,powerflow_not_converged,bernoulli_full_event,0,0,0,NaN,NaN,1,terminal_stage_probability_one,1,0,,"","",,Terminal recording stage excluded from Bernoulli complement product.
39,8,1,powerflow_not_converged,bernoulli_full_event,0,0,0,NaN,NaN,1,terminal_stage_probability_one,1,0,,"","",,Terminal recording stage excluded from Bernoulli complement product.
39,9,1,powerflow_not_converged,bernoulli_full_event,0,0,0,NaN,NaN,1,terminal_stage_probability_one,1,0,,"","",,Terminal recording stage excluded from Bernoulli complement product.
39,10,1,powerflow_not_converged,bernoulli_full_event,0,0,0,NaN,NaN,1,terminal_stage_probability_one,1,0,,"","",,Terminal recording stage excluded from Bernoulli complement product.
40,1,1,powerflow_not_converged,bernoulli_full_event,0,0,0,NaN,NaN,1,terminal_stage_probability_one,1,0,,"","",,Terminal recording stage excluded from Bernoulli complement product.
40,2,1,powerflow_not_converged,bernoulli_full_event,0,0,0,NaN,NaN,1,terminal_stage_probability_one,1,0,,"","",,Terminal recording stage excluded from Bernoulli complement product.
40,3,1,powerflow_not_converged,bernoulli_full_event,0,0,0,NaN,NaN,1,terminal_stage_probability_one,1,0,,"","",,Terminal recording stage excluded from Bernoulli complement product.
40,4,1,powerflow_not_converged,bernoulli_full_event,0,0,0,NaN,NaN,1,terminal_stage_probability_one,1,0,,"","",,Terminal recording stage excluded from Bernoulli complement product.
40,5,1,powerflow_not_converged,bernoulli_full_event,0,0,0,NaN,NaN,1,terminal_stage_probability_one,1,0,,"","",,Terminal recording stage excluded from Bernoulli complement product.
40,6,1,powerflow_not_converged,bernoulli_full_event,0,0,0,NaN,NaN,1,terminal_stage_probability_one,1,0,,"","",,Terminal recording stage excluded from Bernoulli complement product.
40,7,1,powerflow_not_converged,bernoulli_full_event,0,0,0,NaN,NaN,1,terminal_stage_probability_one,1,0,,"","",,Terminal recording stage excluded from Bernoulli complement product.
40,8,1,powerflow_not_converged,bernoulli_full_event,0,0,0,NaN,NaN,1,terminal_stage_probability_one,1,0,,"","",,Terminal recording stage excluded from Bernoulli complement product.
40,9,1,powerflow_not_converged,bernoulli_full_event,0,0,0,NaN,NaN,1,terminal_stage_probability_one,1,0,,"","",,Terminal recording stage excluded from Bernoulli complement product.
40,10,1,powerflow_not_converged,bernoulli_full_event,0,0,0,NaN,NaN,1,terminal_stage_probability_one,1,0,,"","",,Terminal recording stage excluded from Bernoulli complement product.
41,1,1,powerflow_not_converged,bernoulli_full_event,0,0,0,NaN,NaN,1,terminal_stage_probability_one,1,0,,"","",,Terminal recording stage excluded from Bernoulli complement product.
41,2,1,powerflow_not_converged,bernoulli_full_event,0,0,0,NaN,NaN,1,terminal_stage_probability_one,1,0,,"","",,Terminal recording stage excluded from Bernoulli complement product.
41,3,1,powerflow_not_converged,bernoulli_full_event,0,0,0,NaN,NaN,1,terminal_stage_probability_one,1,0,,"","",,Terminal recording stage excluded from Bernoulli complement product.
41,4,1,powerflow_not_converged,bernoulli_full_event,0,0,0,NaN,NaN,1,terminal_stage_probability_one,1,0,,"","",,Terminal recording stage excluded from Bernoulli complement product.
41,5,1,powerflow_not_converged,bernoulli_full_event,0,0,0,NaN,NaN,1,terminal_stage_probability_one,1,0,,"","",,Terminal recording stage excluded from Bernoulli complement product.
41,6,1,powerflow_not_converged,bernoulli_full_event,0,0,0,NaN,NaN,1,terminal_stage_probability_one,1,0,,"","",,Terminal recording stage excluded from Bernoulli complement product.
41,7,1,powerflow_not_converged,bernoulli_full_event,0,0,0,NaN,NaN,1,terminal_stage_probability_one,1,0,,"","",,Terminal recording stage excluded from Bernoulli complement product.
41,8,1,powerflow_not_converged,bernoulli_full_event,0,0,0,NaN,NaN,1,terminal_stage_probability_one,1,0,,"","",,Terminal recording stage excluded from Bernoulli complement product.
41,9,1,powerflow_not_converged,bernoulli_full_event,0,0,0,NaN,NaN,1,terminal_stage_probability_one,1,0,,"","",,Terminal recording stage excluded from Bernoulli complement product.
41,10,1,powerflow_not_converged,bernoulli_full_event,0,0,0,NaN,NaN,1,terminal_stage_probability_one,1,0,,"","",,Terminal recording stage excluded from Bernoulli complement product.
42,1,1,powerflow_not_converged,bernoulli_full_event,0,0,0,NaN,NaN,1,terminal_stage_probability_one,1,0,,"","",,Terminal recording stage excluded from Bernoulli complement product.
42,2,1,powerflow_not_converged,bernoulli_full_event,0,0,0,NaN,NaN,1,terminal_stage_probability_one,1,0,,"","",,Terminal recording stage excluded from Bernoulli complement product.
42,3,1,powerflow_not_converged,bernoulli_full_event,0,0,0,NaN,NaN,1,terminal_stage_probability_one,1,0,,"","",,Terminal recording stage excluded from Bernoulli complement product.
42,4,1,powerflow_not_converged,bernoulli_full_event,0,0,0,NaN,NaN,1,terminal_stage_probability_one,1,0,,"","",,Terminal recording stage excluded from Bernoulli complement product.
42,5,1,powerflow_not_converged,bernoulli_full_event,0,0,0,NaN,NaN,1,terminal_stage_probability_one,1,0,,"","",,Terminal recording stage excluded from Bernoulli complement product.
42,6,1,powerflow_not_converged,bernoulli_full_event,0,0,0,NaN,NaN,1,terminal_stage_probability_one,1,0,,"","",,Terminal recording stage excluded from Bernoulli complement product.
42,7,1,powerflow_not_converged,bernoulli_full_event,0,0,0,NaN,NaN,1,terminal_stage_probability_one,1,0,,"","",,Terminal recording stage excluded from Bernoulli complement product.
42,8,1,powerflow_not_converged,bernoulli_full_event,0,0,0,NaN,NaN,1,terminal_stage_probability_one,1,0,,"","",,Terminal recording stage excluded from Bernoulli complement product.
42,9,1,powerflow_not_converged,bernoulli_full_event,0,0,0,NaN,NaN,1,terminal_stage_probability_one,1,0,,"","",,Terminal recording stage excluded from Bernoulli complement product.
42,10,1,powerflow_not_converged,bernoulli_full_event,0,0,0,NaN,NaN,1,terminal_stage_probability_one,1,0,,"","",,Terminal recording stage excluded from Bernoulli complement product.
43,1,1,powerflow_not_converged,bernoulli_full_event,0,0,0,NaN,NaN,1,terminal_stage_probability_one,1,0,,"","",,Terminal recording stage excluded from Bernoulli complement product.
43,2,1,powerflow_not_converged,bernoulli_full_event,0,0,0,NaN,NaN,1,terminal_stage_probability_one,1,0,,"","",,Terminal recording stage excluded from Bernoulli complement product.
43,3,1,powerflow_not_converged,bernoulli_full_event,0,0,0,NaN,NaN,1,terminal_stage_probability_one,1,0,,"","",,Terminal recording stage excluded from Bernoulli complement product.
43,4,1,powerflow_not_converged,bernoulli_full_event,0,0,0,NaN,NaN,1,terminal_stage_probability_one,1,0,,"","",,Terminal recording stage excluded from Bernoulli complement product.
43,5,1,powerflow_not_converged,bernoulli_full_event,0,0,0,NaN,NaN,1,terminal_stage_probability_one,1,0,,"","",,Terminal recording stage excluded from Bernoulli complement product.
43,6,1,powerflow_not_converged,bernoulli_full_event,0,0,0,NaN,NaN,1,terminal_stage_probability_one,1,0,,"","",,Terminal recording stage excluded from Bernoulli complement product.
43,7,1,powerflow_not_converged,bernoulli_full_event,0,0,0,NaN,NaN,1,terminal_stage_probability_one,1,0,,"","",,Terminal recording stage excluded from Bernoulli complement product.
43,8,1,powerflow_not_converged,bernoulli_full_event,0,0,0,NaN,NaN,1,terminal_stage_probability_one,1,0,,"","",,Terminal recording stage excluded from Bernoulli complement product.
43,9,1,powerflow_not_converged,bernoulli_full_event,0,0,0,NaN,NaN,1,terminal_stage_probability_one,1,0,,"","",,Terminal recording stage excluded from Bernoulli complement product.
43,10,1,powerflow_not_converged,bernoulli_full_event,0,0,0,NaN,NaN,1,terminal_stage_probability_one,1,0,,"","",,Terminal recording stage excluded from Bernoulli complement product.
44,1,1,powerflow_not_converged,bernoulli_full_event,0,0,0,NaN,NaN,1,terminal_stage_probability_one,1,0,,"","",,Terminal recording stage excluded from Bernoulli complement product.
44,2,1,powerflow_not_converged,bernoulli_full_event,0,0,0,NaN,NaN,1,terminal_stage_probability_one,1,0,,"","",,Terminal recording stage excluded from Bernoulli complement product.
44,3,1,powerflow_not_converged,bernoulli_full_event,0,0,0,NaN,NaN,1,terminal_stage_probability_one,1,0,,"","",,Terminal recording stage excluded from Bernoulli complement product.
44,4,1,powerflow_not_converged,bernoulli_full_event,0,0,0,NaN,NaN,1,terminal_stage_probability_one,1,0,,"","",,Terminal recording stage excluded from Bernoulli complement product.
44,5,1,powerflow_not_converged,bernoulli_full_event,0,0,0,NaN,NaN,1,terminal_stage_probability_one,1,0,,"","",,Terminal recording stage excluded from Bernoulli complement product.
44,6,1,powerflow_not_converged,bernoulli_full_event,0,0,0,NaN,NaN,1,terminal_stage_probability_one,1,0,,"","",,Terminal recording stage excluded from Bernoulli complement product.
44,7,1,powerflow_not_converged,bernoulli_full_event,0,0,0,NaN,NaN,1,terminal_stage_probability_one,1,0,,"","",,Terminal recording stage excluded from Bernoulli complement product.
44,8,1,powerflow_not_converged,bernoulli_full_event,0,0,0,NaN,NaN,1,terminal_stage_probability_one,1,0,,"","",,Terminal recording stage excluded from Bernoulli complement product.
44,9,1,powerflow_not_converged,bernoulli_full_event,0,0,0,NaN,NaN,1,terminal_stage_probability_one,1,0,,"","",,Terminal recording stage excluded from Bernoulli complement product.
44,10,1,powerflow_not_converged,bernoulli_full_event,0,0,0,NaN,NaN,1,terminal_stage_probability_one,1,0,,"","",,Terminal recording stage excluded from Bernoulli complement product.
45,1,1,powerflow_not_converged,bernoulli_full_event,0,0,0,NaN,NaN,1,terminal_stage_probability_one,1,0,,"","",,Terminal recording stage excluded from Bernoulli complement product.
45,2,1,powerflow_not_converged,bernoulli_full_event,0,0,0,NaN,NaN,1,terminal_stage_probability_one,1,0,,"","",,Terminal recording stage excluded from Bernoulli complement product.
45,3,1,powerflow_not_converged,bernoulli_full_event,0,0,0,NaN,NaN,1,terminal_stage_probability_one,1,0,,"","",,Terminal recording stage excluded from Bernoulli complement product.
45,4,1,powerflow_not_converged,bernoulli_full_event,0,0,0,NaN,NaN,1,terminal_stage_probability_one,1,0,,"","",,Terminal recording stage excluded from Bernoulli complement product.
45,5,1,powerflow_not_converged,bernoulli_full_event,0,0,0,NaN,NaN,1,terminal_stage_probability_one,1,0,,"","",,Terminal recording stage excluded from Bernoulli complement product.
45,6,1,powerflow_not_converged,bernoulli_full_event,0,0,0,NaN,NaN,1,terminal_stage_probability_one,1,0,,"","",,Terminal recording stage excluded from Bernoulli complement product.
45,7,1,powerflow_not_converged,bernoulli_full_event,0,0,0,NaN,NaN,1,terminal_stage_probability_one,1,0,,"","",,Terminal recording stage excluded from Bernoulli complement product.
45,8,1,powerflow_not_converged,bernoulli_full_event,0,0,0,NaN,NaN,1,terminal_stage_probability_one,1,0,,"","",,Terminal recording stage excluded from Bernoulli complement product.
45,9,1,powerflow_not_converged,bernoulli_full_event,0,0,0,NaN,NaN,1,terminal_stage_probability_one,1,0,,"","",,Terminal recording stage excluded from Bernoulli complement product.
45,10,1,powerflow_not_converged,bernoulli_full_event,0,0,0,NaN,NaN,1,terminal_stage_probability_one,1,0,,"","",,Terminal recording stage excluded from Bernoulli complement product.
46,1,1,powerflow_not_converged,bernoulli_full_event,0,0,0,NaN,NaN,1,terminal_stage_probability_one,1,0,,"","",,Terminal recording stage excluded from Bernoulli complement product.
46,2,1,powerflow_not_converged,bernoulli_full_event,0,0,0,NaN,NaN,1,terminal_stage_probability_one,1,0,,"","",,Terminal recording stage excluded from Bernoulli complement product.
46,3,1,powerflow_not_converged,bernoulli_full_event,0,0,0,NaN,NaN,1,terminal_stage_probability_one,1,0,,"","",,Terminal recording stage excluded from Bernoulli complement product.
46,4,1,powerflow_not_converged,bernoulli_full_event,0,0,0,NaN,NaN,1,terminal_stage_probability_one,1,0,,"","",,Terminal recording stage excluded from Bernoulli complement product.
46,5,1,powerflow_not_converged,bernoulli_full_event,0,0,0,NaN,NaN,1,terminal_stage_probability_one,1,0,,"","",,Terminal recording stage excluded from Bernoulli complement product.
46,6,1,powerflow_not_converged,bernoulli_full_event,0,0,0,NaN,NaN,1,terminal_stage_probability_one,1,0,,"","",,Terminal recording stage excluded from Bernoulli complement product.
46,7,1,powerflow_not_converged,bernoulli_full_event,0,0,0,NaN,NaN,1,terminal_stage_probability_one,1,0,,"","",,Terminal recording stage excluded from Bernoulli complement product.
46,8,1,powerflow_not_converged,bernoulli_full_event,0,0,0,NaN,NaN,1,terminal_stage_probability_one,1,0,,"","",,Terminal recording stage excluded from Bernoulli complement product.
46,9,1,powerflow_not_converged,bernoulli_full_event,0,0,0,NaN,NaN,1,terminal_stage_probability_one,1,0,,"","",,Terminal recording stage excluded from Bernoulli complement product.
46,10,1,powerflow_not_converged,bernoulli_full_event,0,0,0,NaN,NaN,1,terminal_stage_probability_one,1,0,,"","",,Terminal recording stage excluded from Bernoulli complement product.
