initial_branch,trial_id,chain_depth,terminated_reason,total_load_shed_mw,total_load_shed_frac,max_line_loading_pu,max_voltage_deviation_pu,num_total_outaged_branches,final_converged,basic_LLR,basic_LFOR,basic_NVOR,basic_CRI,chain_transition_probability,chain_probability_status,stage_probability_mode,valid_stage_probability_count,missing_stage_probability_count,initial_line_probability,total_chain_probability_actual,total_chain_probability_display
1,1,4,load_loss_threshold,1940.206,0.310223001072874,1.29520977327417,0.0367874844958692,7,1,0.310223001072874,0.565415455174944,0.183937422479346,0.336004376174582,0.110314193806432,full_event_available,bernoulli_full_event,4,0,0.000438,4.83176168872171e-05,0.483176168872171
1,2,4,load_loss_threshold,1940.206,0.310223001072874,1.29520977327417,0.0367874844958692,7,1,0.310223001072874,0.565415455174944,0.183937422479346,0.336004376174582,0.110314193806432,full_event_available,bernoulli_full_event,4,0,0.000438,4.83176168872171e-05,0.483176168872171
1,3,5,max_depth_reached,3573.34105,0.571347879754982,2.25652907662649,0.110549978999034,8,1,0.571347879754982,6.28264538313244,1.87934964298358,1.97520773307619,0.0375314741694052,full_event_available,bernoulli_full_event,5,0,0.000438,1.64387856861995e-05,0.164387856861995
1,4,5,max_depth_reached,4527.967,0.723984727136674,1.48346747912624,0.043094912577504,13,0,1,1,1,1,0.00444845503868768,full_event_available,bernoulli_full_event,5,0,0.000438,1.9484233069452e-06,0.019484233069452
1,5,5,max_depth_reached,4527.967,0.723984727136674,1.34204245233136,0.0318832268783352,13,0,1,1,1,1,0.124975597058066,full_event_available,bernoulli_full_event,5,0,0.000438,5.47393115114331e-05,0.547393115114331
1,6,4,load_loss_threshold,3176.14,0.507838694771379,1.96549302292467,0.192356970911339,8,1,0.507838694771379,6.75845116047266,1.92356970911339,2.04110739078004,0.0823353246939109,full_event_available,bernoulli_full_event,4,0,0.000438,3.6062872215933e-05,0.36062872215933
1,7,4,load_loss_threshold,3285.3361,0.525298254141597,1.29520977327417,0.0425967469079535,7,0,1,1,1,1,0.00138311177497693,full_event_available,bernoulli_full_event,4,0,0.000438,6.05802957439896e-07,0.00605802957439896
1,8,4,load_loss_threshold,2324.206,0.371621446604938,1.34750897872165,0.190956503795533,10,1,0.371621446604938,0.695017957443293,2.48243454934193,0.858463369320008,0.00021287812964668,full_event_available,bernoulli_full_event,4,0,0.000438,9.32406207852458e-08,0.000932406207852458
1,9,4,load_loss_threshold,3176.14,0.507838694771379,1.96549302292467,0.192356970911339,7,1,0.507838694771379,6.75845116047266,1.92356970911339,2.04110739078004,0.143813105325926,full_event_available,bernoulli_full_event,4,0,0.000438,6.29901401327555e-05,0.629901401327555
1,10,5,max_depth_reached,4527.967,0.723984727136674,1.34204245233136,0.0318832268783352,13,0,1,1,1,1,0.124975597058066,full_event_available,bernoulli_full_event,5,0,0.000438,5.47393115114331e-05,0.547393115114331
2,1,5,max_depth_reached,4527.967,0.723984727136674,1.34204245233136,0.0318832268783352,13,0,1,1,1,1,0.052388948878705,full_event_available,bernoulli_full_event,5,0,0.000582,3.04903682474063e-05,0.304903682474063
2,2,1,no_new_outage,0,0,0.92715675498802,0,1,1,0,0,0,0,0.680797366663391,full_event_available,bernoulli_full_event,1,0,0.000582,0.000396224067398094,3.96224067398094
2,3,1,no_new_outage,0,0,0.92715675498802,0,1,1,0,0,0,0,0.680797366663391,full_event_available,bernoulli_full_event,1,0,0.000582,0.000396224067398094,3.96224067398094
2,4,4,load_loss_threshold,3176.14,0.507838694771379,1.96549302292467,0.192356970911339,7,1,0.507838694771379,6.75845116047266,1.92356970911339,2.04110739078004,0.0452076343530041,full_event_available,bernoulli_full_event,4,0,0.000582,2.63108431934484e-05,0.263108431934484
2,5,1,no_new_outage,0,0,0.92715675498802,0,1,1,0,0,0,0,0.680797366663391,full_event_available,bernoulli_full_event,1,0,0.000582,0.000396224067398094,3.96224067398094
2,6,1,no_new_outage,0,0,0.92715675498802,0,1,1,0,0,0,0,0.680797366663391,full_event_available,bernoulli_full_event,1,0,0.000582,0.000396224067398094,3.96224067398094
2,7,5,max_depth_reached,4527.967,0.723984727136674,1.34204245233136,0.0318832268783352,13,0,1,1,1,1,0.052388948878705,full_event_available,bernoulli_full_event,5,0,0.000582,3.04903682474063e-05,0.304903682474063
2,8,1,no_new_outage,0,0,0.92715675498802,0,1,1,0,0,0,0,0.680797366663391,full_event_available,bernoulli_full_event,1,0,0.000582,0.000396224067398094,3.96224067398094
2,9,1,no_new_outage,0,0,0.92715675498802,0,1,1,0,0,0,0,0.680797366663391,full_event_available,bernoulli_full_event,1,0,0.000582,0.000396224067398094,3.96224067398094
2,10,1,no_new_outage,0,0,0.92715675498802,0,1,1,0,0,0,0,0.680797366663391,full_event_available,bernoulli_full_event,1,0,0.000582,0.000396224067398094,3.96224067398094
3,1,1,no_new_outage,0,0,0.804505271065534,0,1,1,0,0,0,0,0.934101596589296,full_event_available,bernoulli_full_event,1,0,0.000378,0.000353090403510754,3.53090403510754
3,2,1,no_new_outage,0,0,0.804505271065534,0,1,1,0,0,0,0,0.934101596589296,full_event_available,bernoulli_full_event,1,0,0.000378,0.000353090403510754,3.53090403510754
3,3,2,no_new_outage,0,0,0.811236540104611,0,2,1,0,0,0,0,0.00137863959969252,full_event_available,bernoulli_full_event,2,0,0.000378,5.21125768683772e-07,0.00521125768683772
3,4,1,no_new_outage,0,0,0.804505271065534,0,1,1,0,0,0,0,0.934101596589296,full_event_available,bernoulli_full_event,1,0,0.000378,0.000353090403510754,3.53090403510754
3,5,1,no_new_outage,0,0,0.804505271065534,0,1,1,0,0,0,0,0.934101596589296,full_event_available,bernoulli_full_event,1,0,0.000378,0.000353090403510754,3.53090403510754
3,6,1,no_new_outage,0,0,0.804505271065534,0,1,1,0,0,0,0,0.934101596589296,full_event_available,bernoulli_full_event,1,0,0.000378,0.000353090403510754,3.53090403510754
3,7,1,no_new_outage,0,0,0.804505271065534,0,1,1,0,0,0,0,0.934101596589296,full_event_available,bernoulli_full_event,1,0,0.000378,0.000353090403510754,3.53090403510754
3,8,1,no_new_outage,0,0,0.804505271065534,0,1,1,0,0,0,0,0.934101596589296,full_event_available,bernoulli_full_event,1,0,0.000378,0.000353090403510754,3.53090403510754
3,9,1,no_new_outage,0,0,0.804505271065534,0,1,1,0,0,0,0,0.934101596589296,full_event_available,bernoulli_full_event,1,0,0.000378,0.000353090403510754,3.53090403510754
3,10,1,no_new_outage,0,0,0.804505271065534,0,1,1,0,0,0,0,0.934101596589296,full_event_available,bernoulli_full_event,1,0,0.000378,0.000353090403510754,3.53090403510754
4,1,1,no_new_outage,0,0,0.793847819466918,0,1,1,0,0,0,0,0.934164152820412,full_event_available,bernoulli_full_event,1,0,0.000445,0.000415703048005083,4.15703048005083
4,2,1,no_new_outage,0,0,0.793847819466918,0,1,1,0,0,0,0,0.934164152820412,full_event_available,bernoulli_full_event,1,0,0.000445,0.000415703048005083,4.15703048005083
4,3,1,no_new_outage,0,0,0.793847819466918,0,1,1,0,0,0,0,0.934164152820412,full_event_available,bernoulli_full_event,1,0,0.000445,0.000415703048005083,4.15703048005083
4,4,1,no_new_outage,0,0,0.793847819466918,0,1,1,0,0,0,0,0.934164152820412,full_event_available,bernoulli_full_event,1,0,0.000445,0.000415703048005083,4.15703048005083
4,5,1,no_new_outage,0,0,0.793847819466918,0,1,1,0,0,0,0,0.934164152820412,full_event_available,bernoulli_full_event,1,0,0.000445,0.000415703048005083,4.15703048005083
4,6,1,no_new_outage,0,0,0.793847819466918,0,1,1,0,0,0,0,0.934164152820412,full_event_available,bernoulli_full_event,1,0,0.000445,0.000415703048005083,4.15703048005083
4,7,1,no_new_outage,0,0,0.793847819466918,0,1,1,0,0,0,0,0.934164152820412,full_event_available,bernoulli_full_event,1,0,0.000445,0.000415703048005083,4.15703048005083
4,8,1,no_new_outage,0,0,0.793847819466918,0,1,1,0,0,0,0,0.934164152820412,full_event_available,bernoulli_full_event,1,0,0.000445,0.000415703048005083,4.15703048005083
4,9,1,no_new_outage,0,0,0.793847819466918,0,1,1,0,0,0,0,0.934164152820412,full_event_available,bernoulli_full_event,1,0,0.000445,0.000415703048005083,4.15703048005083
4,10,1,no_new_outage,0,0,0.793847819466918,0,1,1,0,0,0,0,0.934164152820412,full_event_available,bernoulli_full_event,1,0,0.000445,0.000415703048005083,4.15703048005083
5,1,1,no_new_outage,0,0,0.802767267036313,0,1,1,0,0,0,0,0.93419403337996,full_event_available,bernoulli_full_event,1,0,0.000477,0.000445610553922241,4.45610553922241
5,2,1,no_new_outage,0,0,0.802767267036313,0,1,1,0,0,0,0,0.93419403337996,full_event_available,bernoulli_full_event,1,0,0.000477,0.000445610553922241,4.45610553922241
5,3,1,no_new_outage,0,0,0.802767267036313,0,1,1,0,0,0,0,0.93419403337996,full_event_available,bernoulli_full_event,1,0,0.000477,0.000445610553922241,4.45610553922241
5,4,1,no_new_outage,0,0,0.802767267036313,0,1,1,0,0,0,0,0.93419403337996,full_event_available,bernoulli_full_event,1,0,0.000477,0.000445610553922241,4.45610553922241
5,5,1,no_new_outage,0,0,0.802767267036313,0,1,1,0,0,0,0,0.93419403337996,full_event_available,bernoulli_full_event,1,0,0.000477,0.000445610553922241,4.45610553922241
5,6,1,no_new_outage,0,0,0.802767267036313,0,1,1,0,0,0,0,0.93419403337996,full_event_available,bernoulli_full_event,1,0,0.000477,0.000445610553922241,4.45610553922241
5,7,1,no_new_outage,0,0,0.802767267036313,0,1,1,0,0,0,0,0.93419403337996,full_event_available,bernoulli_full_event,1,0,0.000477,0.000445610553922241,4.45610553922241
5,8,1,no_new_outage,0,0,0.802767267036313,0,1,1,0,0,0,0,0.93419403337996,full_event_available,bernoulli_full_event,1,0,0.000477,0.000445610553922241,4.45610553922241
5,9,1,no_new_outage,0,0,0.802767267036313,0,1,1,0,0,0,0,0.93419403337996,full_event_available,bernoulli_full_event,1,0,0.000477,0.000445610553922241,4.45610553922241
5,10,1,no_new_outage,0,0,0.802767267036313,0,1,1,0,0,0,0,0.93419403337996,full_event_available,bernoulli_full_event,1,0,0.000477,0.000445610553922241,4.45610553922241
6,1,1,no_new_outage,0,0,0.791208944123487,0,1,1,0,0,0,0,0.934260337697683,full_event_available,bernoulli_full_event,1,0,0.000548,0.00051197466505833,5.1197466505833
6,2,1,no_new_outage,0,0,0.791208944123487,0,1,1,0,0,0,0,0.934260337697683,full_event_available,bernoulli_full_event,1,0,0.000548,0.00051197466505833,5.1197466505833
6,3,1,no_new_outage,0,0,0.791208944123487,0,1,1,0,0,0,0,0.934260337697683,full_event_available,bernoulli_full_event,1,0,0.000548,0.00051197466505833,5.1197466505833
6,4,1,no_new_outage,0,0,0.791208944123487,0,1,1,0,0,0,0,0.934260337697683,full_event_available,bernoulli_full_event,1,0,0.000548,0.00051197466505833,5.1197466505833
6,5,1,no_new_outage,0,0,0.791208944123487,0,1,1,0,0,0,0,0.934260337697683,full_event_available,bernoulli_full_event,1,0,0.000548,0.00051197466505833,5.1197466505833
6,6,4,load_loss_threshold,4781.305,0.764491392225742,1.24088346354036,0.154793512908788,9,1,0.764491392225742,0,0.464380538726364,0.551570943080718,1.98389463495879e-06,full_event_available,bernoulli_full_event,4,0,0.000548,1.08717425995742e-09,1.08717425995742e-05
6,7,5,max_depth_reached,3736.05,0.597363704244967,2.04364775711971,0.0941698235143512,13,0,1,1,1,1,1.20654199527525e-06,full_event_available,bernoulli_full_event,5,0,0.000548,6.61185013410838e-10,6.61185013410838e-06
6,8,1,no_new_outage,0,0,0.791208944123487,0,1,1,0,0,0,0,0.934260337697683,full_event_available,bernoulli_full_event,1,0,0.000548,0.00051197466505833,5.1197466505833
6,9,1,no_new_outage,0,0,0.791208944123487,0,1,1,0,0,0,0,0.934260337697683,full_event_available,bernoulli_full_event,1,0,0.000548,0.00051197466505833,5.1197466505833
6,10,1,no_new_outage,0,0,0.791208944123487,0,1,1,0,0,0,0,0.934260337697683,full_event_available,bernoulli_full_event,1,0,0.000548,0.00051197466505833,5.1197466505833
7,1,1,no_new_outage,0,0,0.792406988666911,0,1,1,0,0,0,0,0.934153881819533,full_event_available,bernoulli_full_event,1,0,0.000434,0.000405422784709677,4.05422784709677
7,2,1,no_new_outage,0,0,0.792406988666911,0,1,1,0,0,0,0,0.934153881819533,full_event_available,bernoulli_full_event,1,0,0.000434,0.000405422784709677,4.05422784709677
7,3,1,no_new_outage,0,0,0.792406988666911,0,1,1,0,0,0,0,0.934153881819533,full_event_available,bernoulli_full_event,1,0,0.000434,0.000405422784709677,4.05422784709677
7,4,5,max_depth_reached,2013.41,0.321927719319565,1.81392753213038,0.212404606639498,10,1,0.321927719319565,2.27937992011245,1.26191126561487,0.901414868737203,0.000173744574737784,full_event_available,bernoulli_full_event,5,0,0.000434,7.54051454361982e-08,0.000754051454361982
7,5,1,no_new_outage,0,0,0.792406988666911,0,1,1,0,0,0,0,0.934153881819533,full_event_available,bernoulli_full_event,1,0,0.000434,0.000405422784709677,4.05422784709677
7,6,1,no_new_outage,0,0,0.792406988666911,0,1,1,0,0,0,0,0.934153881819533,full_event_available,bernoulli_full_event,1,0,0.000434,0.000405422784709677,4.05422784709677
7,7,1,no_new_outage,0,0,0.792406988666911,0,1,1,0,0,0,0,0.934153881819533,full_event_available,bernoulli_full_event,1,0,0.000434,0.000405422784709677,4.05422784709677
7,8,1,no_new_outage,0,0,0.792406988666911,0,1,1,0,0,0,0,0.934153881819533,full_event_available,bernoulli_full_event,1,0,0.000434,0.000405422784709677,4.05422784709677
7,9,1,no_new_outage,0,0,0.792406988666911,0,1,1,0,0,0,0,0.934153881819533,full_event_available,bernoulli_full_event,1,0,0.000434,0.000405422784709677,4.05422784709677
7,10,5,max_depth_reached,2465.03,0.39413804736954,1.28130876583403,0.199992902465965,9,1,0.39413804736954,0,0.999964512329824,0.436475730887689,4.17597549202081e-07,full_event_available,bernoulli_full_event,5,0,0.000434,1.81237336353703e-10,1.81237336353703e-06
8,1,1,no_new_outage,0,0,0.922596552393897,0,1,1,0,0,0,0,0.630294188596344,full_event_available,bernoulli_full_event,1,0,3.4e-05,2.14300024122757e-05,0.214300024122757
8,2,1,no_new_outage,0,0,0.922596552393897,0,1,1,0,0,0,0,0.630294188596344,full_event_available,bernoulli_full_event,1,0,3.4e-05,2.14300024122757e-05,0.214300024122757
8,3,1,no_new_outage,0,0,0.922596552393897,0,1,1,0,0,0,0,0.630294188596344,full_event_available,bernoulli_full_event,1,0,3.4e-05,2.14300024122757e-05,0.214300024122757
8,4,4,load_loss_threshold,4379.785,0.700291642616277,1.6978442303629,0.0748881874725589,13,1,0.700291642616277,0,0,0.420174985569766,0.127496033108667,full_event_available,bernoulli_full_event,4,0,3.4e-05,4.33486512569469e-06,0.0433486512569469
8,5,1,no_new_outage,0,0,0.922596552393897,0,1,1,0,0,0,0,0.630294188596344,full_event_available,bernoulli_full_event,1,0,3.4e-05,2.14300024122757e-05,0.214300024122757
8,6,1,no_new_outage,0,0,0.922596552393897,0,1,1,0,0,0,0,0.630294188596344,full_event_available,bernoulli_full_event,1,0,3.4e-05,2.14300024122757e-05,0.214300024122757
8,7,1,no_new_outage,0,0,0.922596552393897,0,1,1,0,0,0,0,0.630294188596344,full_event_available,bernoulli_full_event,1,0,3.4e-05,2.14300024122757e-05,0.214300024122757
8,8,4,load_loss_threshold,4761.666,0.761351277455418,1.697844232232,0.168357392389353,17,1,0.761351277455418,0,0.505072177168058,0.557825201906862,0.0285738131325305,full_event_available,bernoulli_full_event,4,0,3.4e-05,9.71509646506036e-07,0.00971509646506036
8,9,1,no_new_outage,0,0,0.922596552393897,0,1,1,0,0,0,0,0.630294188596344,full_event_available,bernoulli_full_event,1,0,3.4e-05,2.14300024122757e-05,0.214300024122757
8,10,4,load_loss_threshold,2547.36705,0.407303065285415,1.09127592266027,0.0376170297866343,6,0,1,1,1,1,0.0618144782172518,full_event_available,bernoulli_full_event,4,0,3.4e-05,2.10169225938656e-06,0.0210169225938656
9,1,1,no_new_outage,0,0,0.914507651756163,0,1,1,0,0,0,0,0.798897588032507,full_event_available,bernoulli_full_event,1,0,0.000616,0.000492120914228024,4.92120914228024
9,2,1,no_new_outage,0,0,0.914507651756163,0,1,1,0,0,0,0,0.798897588032507,full_event_available,bernoulli_full_event,1,0,0.000616,0.000492120914228024,4.92120914228024
9,3,1,no_new_outage,0,0,0.914507651756163,0,1,1,0,0,0,0,0.798897588032507,full_event_available,bernoulli_full_event,1,0,0.000616,0.000492120914228024,4.92120914228024
9,4,1,no_new_outage,0,0,0.914507651756163,0,1,1,0,0,0,0,0.798897588032507,full_event_available,bernoulli_full_event,1,0,0.000616,0.000492120914228024,4.92120914228024
9,5,1,no_new_outage,0,0,0.914507651756163,0,1,1,0,0,0,0,0.798897588032507,full_event_available,bernoulli_full_event,1,0,0.000616,0.000492120914228024,4.92120914228024
9,6,1,no_new_outage,0,0,0.914507651756163,0,1,1,0,0,0,0,0.798897588032507,full_event_available,bernoulli_full_event,1,0,0.000616,0.000492120914228024,4.92120914228024
9,7,1,no_new_outage,0,0,0.914507651756163,0,1,1,0,0,0,0,0.798897588032507,full_event_available,bernoulli_full_event,1,0,0.000616,0.000492120914228024,4.92120914228024
9,8,1,no_new_outage,0,0,0.914507651756163,0,1,1,0,0,0,0,0.798897588032507,full_event_available,bernoulli_full_event,1,0,0.000616,0.000492120914228024,4.92120914228024
9,9,1,no_new_outage,0,0,0.914507651756163,0,1,1,0,0,0,0,0.798897588032507,full_event_available,bernoulli_full_event,1,0,0.000616,0.000492120914228024,4.92120914228024
9,10,1,no_new_outage,0,0,0.914507651756163,0,1,1,0,0,0,0,0.798897588032507,full_event_available,bernoulli_full_event,1,0,0.000616,0.000492120914228024,4.92120914228024
10,1,4,load_loss_threshold,4280.972,0.684492255641382,1.77924207779813,0.162692038113111,9,0,1,1,1,1,0.201890141190087,full_event_available,bernoulli_full_event,4,0,0.000582,0.000117500062172631,1.17500062172631
10,2,4,load_loss_threshold,4280.972,0.684492255641382,1.77924207779813,0.162692038113111,9,0,1,1,1,1,0.201890141190087,full_event_available,bernoulli_full_event,4,0,0.000582,0.000117500062172631,1.17500062172631
10,3,5,max_depth_reached,2253.55,0.360324132627038,2.65296736730628,0.244456059502701,11,1,0.360324132627038,2.6047008384257,2.87226974117749,1.31158859549686,0.0371346595028268,full_event_available,bernoulli_full_event,5,0,0.000582,2.16123718306452e-05,0.216123718306452
10,4,4,load_loss_threshold,3602.15,0.575954194201365,2.65296736730628,0.244456059502701,11,1,0.575954194201365,0.382854546881438,0,0.422143425897106,0.0358651281284586,full_event_available,bernoulli_full_event,4,0,0.000582,2.08735045707629e-05,0.208735045707629
10,5,4,load_loss_threshold,4280.972,0.684492255641382,1.77924207779813,0.162692038113111,9,0,1,1,1,1,0.201890141190087,full_event_available,bernoulli_full_event,4,0,0.000582,0.000117500062172631,1.17500062172631
10,6,4,load_loss_threshold,4280.972,0.684492255641382,1.77924207779813,0.162692038113111,9,0,1,1,1,1,0.201890141190087,full_event_available,bernoulli_full_event,4,0,0.000582,0.000117500062172631,1.17500062172631
10,7,4,load_loss_threshold,4280.972,0.684492255641382,1.77924207779813,0.162692038113111,10,0,1,1,1,1,0.0655578165067544,full_event_available,bernoulli_full_event,4,0,0.000582,3.81546492069311e-05,0.381546492069311
10,8,4,load_loss_threshold,3602.15,0.575954194201365,2.65296736730628,0.244456059502701,13,1,0.575954194201365,0.382854546881438,0,0.422143425897106,9.10797015474199e-05,full_event_available,bernoulli_full_event,4,0,0.000582,5.30083863005984e-08,0.000530083863005984
10,9,4,load_loss_threshold,2948.1125,0.471378970712622,1.74672341784823,0.0747803485233745,11,0,1,1,1,1,0.129953711215505,full_event_available,bernoulli_full_event,4,0,0.000582,7.56330599274239e-05,0.756330599274239
10,10,4,load_loss_threshold,4280.972,0.684492255641382,1.77924207779813,0.162692038113111,9,0,1,1,1,1,0.201890141190087,full_event_available,bernoulli_full_event,4,0,0.000582,0.000117500062172631,1.17500062172631
11,1,3,load_loss_threshold,3546.4825,0.567053418246531,1.31945228864284,0.154793512908784,6,1,0.567053418246531,1.59726144321419,0,0.659684339590756,0.0011224204517345,full_event_available,bernoulli_full_event,3,0,0.000565,6.34167555229995e-07,0.00634167555229995
11,2,3,load_loss_threshold,3546.4825,0.567053418246531,1.32676627628133,0.154793512908784,5,1,0.567053418246531,1.63383138140664,0,0.666998327229247,0.722974748009176,full_event_available,bernoulli_full_event,3,0,0.000565,0.000408480732625185,4.08480732625185
11,3,3,load_loss_threshold,3546.4825,0.567053418246531,1.32676627628133,0.154793512908784,5,1,0.567053418246531,1.63383138140664,0,0.666998327229247,0.722974748009176,full_event_available,bernoulli_full_event,3,0,0.000565,0.000408480732625185,4.08480732625185
11,4,3,load_loss_threshold,3546.4825,0.567053418246531,1.32676627628133,0.154793512908784,5,1,0.567053418246531,1.63383138140664,0,0.666998327229247,0.722974748009176,full_event_available,bernoulli_full_event,3,0,0.000565,0.000408480732625185,4.08480732625185
11,5,3,load_loss_threshold,3546.4825,0.567053418246531,1.32676627628133,0.154793512908784,5,1,0.567053418246531,1.63383138140664,0,0.666998327229247,0.722974748009176,full_event_available,bernoulli_full_event,3,0,0.000565,0.000408480732625185,4.08480732625185
11,6,3,load_loss_threshold,3546.4825,0.567053418246531,1.32676627628133,0.154793512908784,5,1,0.567053418246531,1.63383138140664,0,0.666998327229247,0.722974748009176,full_event_available,bernoulli_full_event,3,0,0.000565,0.000408480732625185,4.08480732625185
11,7,3,load_loss_threshold,3546.4825,0.567053418246531,1.32676627628133,0.154793512908784,5,1,0.567053418246531,1.63383138140664,0,0.666998327229247,0.722974748009176,full_event_available,bernoulli_full_event,3,0,0.000565,0.000408480732625185,4.08480732625185
11,8,3,load_loss_threshold,3546.4825,0.567053418246531,1.32676627628133,0.154793512908784,5,1,0.567053418246531,1.63383138140664,0,0.666998327229247,0.722974748009176,full_event_available,bernoulli_full_event,3,0,0.000565,0.000408480732625185,4.08480732625185
11,9,3,load_loss_threshold,3546.4825,0.567053418246531,1.32676627628133,0.154793512908784,5,1,0.567053418246531,1.63383138140664,0,0.666998327229247,0.722974748009176,full_event_available,bernoulli_full_event,3,0,0.000565,0.000408480732625185,4.08480732625185
11,10,3,load_loss_threshold,3546.4825,0.567053418246531,1.32676627628133,0.154793512908784,5,1,0.567053418246531,1.63383138140664,0,0.666998327229247,0.722974748009176,full_event_available,bernoulli_full_event,3,0,0.000565,0.000408480732625185,4.08480732625185
12,1,3,load_loss_threshold,3553.3825,0.568156671564685,1.30779125377989,0.154793512908789,7,1,0.568156671564685,0.133024301396467,0,0.367498863218104,0.366193913196732,full_event_available,bernoulli_full_event,3,0,0.000263,9.63089991707404e-05,0.963089991707404
12,2,3,load_loss_threshold,3546.4825,0.567053418246531,1.32676627628133,0.154793512908784,5,1,0.567053418246531,1.63383138140664,0,0.666998327229247,0.338313270175676,full_event_available,bernoulli_full_event,3,0,0.000263,8.89763900562028e-05,0.889763900562028
12,3,3,load_loss_threshold,3553.3825,0.568156671564685,1.30779125377989,0.154793512908789,7,1,0.568156671564685,0.133024301396467,0,0.367498863218104,0.366193913196732,full_event_available,bernoulli_full_event,3,0,0.000263,9.63089991707404e-05,0.963089991707404
12,4,3,load_loss_threshold,3546.4825,0.567053418246531,1.32676627628133,0.154793512908784,5,1,0.567053418246531,1.63383138140664,0,0.666998327229247,0.338313270175676,full_event_available,bernoulli_full_event,3,0,0.000263,8.89763900562028e-05,0.889763900562028
12,5,3,load_loss_threshold,3546.4825,0.567053418246531,1.32676627628133,0.154793512908784,5,1,0.567053418246531,1.63383138140664,0,0.666998327229247,0.338313270175676,full_event_available,bernoulli_full_event,3,0,0.000263,8.89763900562028e-05,0.889763900562028
12,6,3,load_loss_threshold,3546.4825,0.567053418246531,1.32676627628133,0.154793512908784,5,1,0.567053418246531,1.63383138140664,0,0.666998327229247,0.338313270175676,full_event_available,bernoulli_full_event,3,0,0.000263,8.89763900562028e-05,0.889763900562028
12,7,3,load_loss_threshold,3546.4825,0.567053418246531,1.32676627628133,0.154793512908784,5,1,0.567053418246531,1.63383138140664,0,0.666998327229247,0.338313270175676,full_event_available,bernoulli_full_event,3,0,0.000263,8.89763900562028e-05,0.889763900562028
12,8,3,load_loss_threshold,3553.3825,0.568156671564685,1.30779125377989,0.154793512908789,7,1,0.568156671564685,0.133024301396467,0,0.367498863218104,0.366193913196732,full_event_available,bernoulli_full_event,3,0,0.000263,9.63089991707404e-05,0.963089991707404
12,9,1,no_new_outage,0,0,0.984295277210646,0,1,1,0,0,0,0,0.0732318550683702,full_event_available,bernoulli_full_event,1,0,0.000263,1.92599778829813e-05,0.192599778829813
12,10,3,load_loss_threshold,3553.3825,0.568156671564685,1.30779125377989,0.154793512908789,7,1,0.568156671564685,0.133024301396467,0,0.367498863218104,0.366193913196732,full_event_available,bernoulli_full_event,3,0,0.000263,9.63089991707404e-05,0.963089991707404
13,1,5,max_depth_reached,4271.34725,0.682953337181396,1.6923107889856,0.144526119052773,16,1,0.682953337181396,0.233132397194697,0,0.456398481747777,2.10617715390519e-05,full_event_available,bernoulli_full_event,5,0,0.000502,1.05730093126041e-08,0.000105730093126041
13,2,5,max_depth_reached,3334.13,0.533099997921407,1.89003973721666,0.130218067836207,9,1,0.533099997921407,2.12919003512562,0.00387647555721271,0.746473300889411,0.0327667587076563,full_event_available,bernoulli_full_event,5,0,0.000502,1.64489128712435e-05,0.164489128712435
13,3,2,no_new_outage,8.53,0.00136387692809506,1.02037025150872,0,3,1,0.00136387692809506,0,0,0.000818326156857039,0.181985113606377,full_event_available,bernoulli_full_event,2,0,0.000502,9.13565270304014e-05,0.913565270304014
13,4,2,no_new_outage,8.53,0.00136387692809506,1.02037025150872,0,3,1,0.00136387692809506,0,0,0.000818326156857039,0.181985113606377,full_event_available,bernoulli_full_event,2,0,0.000502,9.13565270304014e-05,0.913565270304014
13,5,2,no_new_outage,8.53,0.00136387692809506,1.02037025150872,0,3,1,0.00136387692809506,0,0,0.000818326156857039,0.181985113606377,full_event_available,bernoulli_full_event,2,0,0.000502,9.13565270304014e-05,0.913565270304014
13,6,5,max_depth_reached,4280.972,0.684492255641382,1.77571867766628,0.14767322923204,10,0,1,1,1,1,0.113039027382639,full_event_available,bernoulli_full_event,5,0,0.000502,5.67455917460849e-05,0.567455917460849
13,7,5,max_depth_reached,3334.13,0.533099997921407,1.89003973721666,0.130218067836207,10,1,0.533099997921407,2.12919003512562,0.00387647555721271,0.746473300889411,0.0232324518521206,full_event_available,bernoulli_full_event,5,0,0.000502,1.16626908297645e-05,0.116626908297645
13,8,2,no_new_outage,8.53,0.00136387692809506,1.02037025150872,0,4,1,0.00136387692809506,0,0,0.000818326156857039,0.12634341151294,full_event_available,bernoulli_full_event,2,0,0.000502,6.34243925794957e-05,0.634243925794957
13,9,5,max_depth_reached,3257.635,0.520869075809492,1.7879047726328,0.17879332466839,11,0,1,1,1,1,0.000199516471586882,full_event_available,bernoulli_full_event,5,0,0.000502,1.00157268736615e-07,0.00100157268736615
13,10,5,max_depth_reached,4958.14,0.792765856068613,1.77571867766628,0.118690428557968,11,1,0.792765856068613,0,0,0.475659513641168,0.00357082390169414,full_event_available,bernoulli_full_event,5,0,0.000502,1.79255359865046e-06,0.0179255359865046
14,1,4,load_loss_threshold,3573.34105,0.571347879754982,2.25652907662649,0.110549978999034,8,1,0.571347879754982,6.28264538313244,1.87934964298358,1.97520773307619,0.396469734030656,full_event_available,bernoulli_full_event,4,0,0.000377,0.000149469089729557,1.49469089729557
14,2,4,load_loss_threshold,3573.34105,0.571347879754982,2.25652907662649,0.110549978999034,8,1,0.571347879754982,6.28264538313244,1.87934964298358,1.97520773307619,0.396469734030656,full_event_available,bernoulli_full_event,4,0,0.000377,0.000149469089729557,1.49469089729557
14,3,4,load_loss_threshold,3573.34105,0.571347879754982,2.25652907662649,0.110549978999034,8,1,0.571347879754982,6.28264538313244,1.87934964298358,1.97520773307619,0.396469734030656,full_event_available,bernoulli_full_event,4,0,0.000377,0.000149469089729557,1.49469089729557
14,4,4,load_loss_threshold,4291.7492,0.686215441389268,1.29725341734069,0.0415313341459262,10,0,1,1,1,1,0.00126516649618105,full_event_available,bernoulli_full_event,4,0,0.000377,4.76967769060254e-07,0.00476967769060254
14,5,4,load_loss_threshold,4046.4391,0.646992371562926,1.2490654434648,0.0102448811926186,10,0,1,1,1,1,0.000472795150961818,full_event_available,bernoulli_full_event,4,0,0.000377,1.78243771912605e-07,0.00178243771912605
14,6,4,load_loss_threshold,4046.4391,0.646992371562926,1.2490654434648,0.0102448811926186,9,0,1,1,1,1,0.304065292332842,full_event_available,bernoulli_full_event,4,0,0.000377,0.000114632615209481,1.14632615209481
14,7,4,load_loss_threshold,3573.34105,0.571347879754982,2.25652907662649,0.110549978999034,8,1,0.571347879754982,6.28264538313244,1.87934964298358,1.97520773307619,0.396469734030656,full_event_available,bernoulli_full_event,4,0,0.000377,0.000149469089729557,1.49469089729557
14,8,4,load_loss_threshold,3573.34105,0.571347879754982,2.25652907662649,0.110549978999034,8,1,0.571347879754982,6.28264538313244,1.87934964298358,1.97520773307619,0.396469734030656,full_event_available,bernoulli_full_event,4,0,0.000377,0.000149469089729557,1.49469089729557
14,9,4,load_loss_threshold,3573.34105,0.571347879754982,2.25652907662649,0.110549978999034,8,1,0.571347879754982,6.28264538313244,1.87934964298358,1.97520773307619,0.396469734030656,full_event_available,bernoulli_full_event,4,0,0.000377,0.000149469089729557,1.49469089729557
14,10,4,load_loss_threshold,2488.243,0.397849615380311,2.09378529694895,0.0788371128105378,7,1,0.397849615380311,6.56271178169373,1.02488246653699,1.75622861887433,0.0760053026560685,full_event_available,bernoulli_full_event,4,0,0.000377,2.86539991013378e-05,0.286539991013378
15,1,1,no_new_outage,0,0,0.791920747505434,0,1,1,0,0,0,0,0.933770281682943,full_event_available,bernoulli_full_event,1,0,2.3e-05,2.14767164787077e-05,0.214767164787077
15,2,1,no_new_outage,0,0,0.791920747505434,0,1,1,0,0,0,0,0.933770281682943,full_event_available,bernoulli_full_event,1,0,2.3e-05,2.14767164787077e-05,0.214767164787077
15,3,1,no_new_outage,0,0,0.791920747505434,0,1,1,0,0,0,0,0.933770281682943,full_event_available,bernoulli_full_event,1,0,2.3e-05,2.14767164787077e-05,0.214767164787077
15,4,1,no_new_outage,0,0,0.791920747505434,0,1,1,0,0,0,0,0.933770281682943,full_event_available,bernoulli_full_event,1,0,2.3e-05,2.14767164787077e-05,0.214767164787077
15,5,1,no_new_outage,0,0,0.791920747505434,0,1,1,0,0,0,0,0.933770281682943,full_event_available,bernoulli_full_event,1,0,2.3e-05,2.14767164787077e-05,0.214767164787077
15,6,1,no_new_outage,0,0,0.791920747505434,0,1,1,0,0,0,0,0.933770281682943,full_event_available,bernoulli_full_event,1,0,2.3e-05,2.14767164787077e-05,0.214767164787077
15,7,1,no_new_outage,0,0,0.791920747505434,0,1,1,0,0,0,0,0.933770281682943,full_event_available,bernoulli_full_event,1,0,2.3e-05,2.14767164787077e-05,0.214767164787077
15,8,1,no_new_outage,0,0,0.791920747505434,0,1,1,0,0,0,0,0.933770281682943,full_event_available,bernoulli_full_event,1,0,2.3e-05,2.14767164787077e-05,0.214767164787077
15,9,1,no_new_outage,0,0,0.791920747505434,0,1,1,0,0,0,0,0.933770281682943,full_event_available,bernoulli_full_event,1,0,2.3e-05,2.14767164787077e-05,0.214767164787077
15,10,1,no_new_outage,0,0,0.791920747505434,0,1,1,0,0,0,0,0.933770281682943,full_event_available,bernoulli_full_event,1,0,2.3e-05,2.14767164787077e-05,0.214767164787077
16,1,3,no_new_outage,755.8,0.120846211284203,0.944222201195324,0,3,1,0.120846211284203,0,0,0.0725077267705217,0.000132484843993681,full_event_available,bernoulli_full_event,3,0,2.3e-05,3.04715141185467e-09,3.04715141185467e-05
16,2,1,no_new_outage,0,0,0.796275413137765,0,1,1,0,0,0,0,0.933770281682943,full_event_available,bernoulli_full_event,1,0,2.3e-05,2.14767164787077e-05,0.214767164787077
16,3,1,no_new_outage,0,0,0.796275413137765,0,1,1,0,0,0,0,0.933770281682943,full_event_available,bernoulli_full_event,1,0,2.3e-05,2.14767164787077e-05,0.214767164787077
16,4,1,no_new_outage,0,0,0.796275413137765,0,1,1,0,0,0,0,0.933770281682943,full_event_available,bernoulli_full_event,1,0,2.3e-05,2.14767164787077e-05,0.214767164787077
16,5,1,no_new_outage,0,0,0.796275413137765,0,1,1,0,0,0,0,0.933770281682943,full_event_available,bernoulli_full_event,1,0,2.3e-05,2.14767164787077e-05,0.214767164787077
16,6,1,no_new_outage,0,0,0.796275413137765,0,1,1,0,0,0,0,0.933770281682943,full_event_available,bernoulli_full_event,1,0,2.3e-05,2.14767164787077e-05,0.214767164787077
16,7,1,no_new_outage,0,0,0.796275413137765,0,1,1,0,0,0,0,0.933770281682943,full_event_available,bernoulli_full_event,1,0,2.3e-05,2.14767164787077e-05,0.214767164787077
16,8,1,no_new_outage,0,0,0.796275413137765,0,1,1,0,0,0,0,0.933770281682943,full_event_available,bernoulli_full_event,1,0,2.3e-05,2.14767164787077e-05,0.214767164787077
16,9,1,no_new_outage,0,0,0.796275413137765,0,1,1,0,0,0,0,0.933770281682943,full_event_available,bernoulli_full_event,1,0,2.3e-05,2.14767164787077e-05,0.214767164787077
16,10,1,no_new_outage,0,0,0.796275413137765,0,1,1,0,0,0,0,0.933770281682943,full_event_available,bernoulli_full_event,1,0,2.3e-05,2.14767164787077e-05,0.214767164787077
17,1,1,no_new_outage,0,0,0.791254771382436,0,1,1,0,0,0,0,0.93438830362059,full_event_available,bernoulli_full_event,1,0,0.000685,0.000640055987980104,6.40055987980104
17,2,1,no_new_outage,0,0,0.791254771382436,0,1,1,0,0,0,0,0.93438830362059,full_event_available,bernoulli_full_event,1,0,0.000685,0.000640055987980104,6.40055987980104
17,3,2,no_new_outage,0,0,0.885718896623106,0,2,1,0,0,0,0,0.00145666198322491,full_event_available,bernoulli_full_event,2,0,0.000685,9.97813458509061e-07,0.00997813458509061
17,4,1,no_new_outage,0,0,0.791254771382436,0,1,1,0,0,0,0,0.93438830362059,full_event_available,bernoulli_full_event,1,0,0.000685,0.000640055987980104,6.40055987980104
17,5,1,no_new_outage,0,0,0.791254771382436,0,1,1,0,0,0,0,0.93438830362059,full_event_available,bernoulli_full_event,1,0,0.000685,0.000640055987980104,6.40055987980104
17,6,1,no_new_outage,0,0,0.791254771382436,0,1,1,0,0,0,0,0.93438830362059,full_event_available,bernoulli_full_event,1,0,0.000685,0.000640055987980104,6.40055987980104
17,7,1,no_new_outage,0,0,0.791254771382436,0,1,1,0,0,0,0,0.93438830362059,full_event_available,bernoulli_full_event,1,0,0.000685,0.000640055987980104,6.40055987980104
17,8,1,no_new_outage,0,0,0.791254771382436,0,1,1,0,0,0,0,0.93438830362059,full_event_available,bernoulli_full_event,1,0,0.000685,0.000640055987980104,6.40055987980104
17,9,1,no_new_outage,0,0,0.791254771382436,0,1,1,0,0,0,0,0.93438830362059,full_event_available,bernoulli_full_event,1,0,0.000685,0.000640055987980104,6.40055987980104
17,10,1,no_new_outage,0,0,0.791254771382436,0,1,1,0,0,0,0,0.93438830362059,full_event_available,bernoulli_full_event,1,0,0.000685,0.000640055987980104,6.40055987980104
18,1,4,load_loss_threshold,1882.709,0.301029703096944,1.80746666836912,0.0782408485080631,6,0,1,1,1,1,0.199597508860717,full_event_available,bernoulli_full_event,4,0,0.000223,4.45102444759398e-05,0.445102444759398
18,2,2,no_new_outage,0,0,1.06663530146423,0,2,1,0,0,0,0,0.373425028243555,full_event_available,bernoulli_full_event,2,0,0.000223,8.32737812983128e-05,0.832737812983128
18,3,2,no_new_outage,0,0,1.06663530146423,0,2,1,0,0,0,0,0.373425028243555,full_event_available,bernoulli_full_event,2,0,0.000223,8.32737812983128e-05,0.832737812983128
18,4,5,max_depth_reached,4371.6815,0.698995959534587,1.69506361270814,0.0688997311811838,13,1,0.698995959534587,0,0,0.419397575720752,0.000201616793207526,full_event_available,bernoulli_full_event,5,0,0.000223,4.49605448852783e-08,0.000449605448852783
18,5,2,no_new_outage,0,0,1.06663530146423,0,2,1,0,0,0,0,0.373425028243555,full_event_available,bernoulli_full_event,2,0,0.000223,8.32737812983128e-05,0.832737812983128
18,6,5,max_depth_reached,4534.78,0.725074069869512,1.25835118987716,0.154793512908789,10,1,0.725074069869512,0,0,0.435044441921707,6.76620545406195e-07,full_event_available,bernoulli_full_event,5,0,0.000223,1.50886381625582e-10,1.50886381625582e-06
18,7,4,load_loss_threshold,1882.709,0.301029703096944,1.80746666836912,0.0782408485080631,6,0,1,1,1,1,0.199597508860717,full_event_available,bernoulli_full_event,4,0,0.000223,4.45102444759398e-05,0.445102444759398
18,8,2,no_new_outage,0,0,1.06663530146423,0,2,1,0,0,0,0,0.373425028243555,full_event_available,bernoulli_full_event,2,0,0.000223,8.32737812983128e-05,0.832737812983128
18,9,2,no_new_outage,0,0,1.06663530146423,0,2,1,0,0,0,0,0.373425028243555,full_event_available,bernoulli_full_event,2,0,0.000223,8.32737812983128e-05,0.832737812983128
18,10,4,load_loss_threshold,1882.709,0.301029703096944,1.92783267305961,0.0913275800290377,6,0,1,1,1,1,0.000768592952786434,full_event_available,bernoulli_full_event,4,0,0.000223,1.71396228471375e-07,0.00171396228471375
19,1,5,max_depth_reached,2024.8072,0.323750037974299,1.71382251612311,0.199992902465965,7,1,0.323750037974299,2.14146754836933,3.59472111175776,1.34148775481,0.215683864786352,full_event_available,bernoulli_full_event,5,0,0.000685,0.000147743447378651,1.47743447378651
19,2,5,max_depth_reached,2024.8072,0.323750037974299,1.71382251612311,0.199992902465965,7,1,0.323750037974299,2.14146754836933,3.59472111175776,1.34148775481,0.215683864786352,full_event_available,bernoulli_full_event,5,0,0.000685,0.000147743447378651,1.47743447378651
19,3,5,max_depth_reached,4280.972,0.684492255641382,1.81240585967585,0.212402628064935,12,0,1,1,1,1,0.000169104699669228,full_event_available,bernoulli_full_event,5,0,0.000685,1.15836719273422e-07,0.00115836719273421
19,4,5,max_depth_reached,2024.8072,0.323750037974299,1.71382251612311,0.199992902465965,7,1,0.323750037974299,2.14146754836933,3.59472111175776,1.34148775481,0.215683864786352,full_event_available,bernoulli_full_event,5,0,0.000685,0.000147743447378651,1.47743447378651
19,5,2,no_new_outage,0,0,1.07332407508645,0.0152717803912666,3,1,0,0,0.0305435607825333,0.00610871215650666,0.193210480591707,full_event_available,bernoulli_full_event,2,0,0.000685,0.000132349179205319,1.32349179205319
19,6,5,max_depth_reached,2024.8072,0.323750037974299,1.71382251612311,0.199992902465965,7,1,0.323750037974299,2.14146754836933,3.59472111175776,1.34148775481,0.215683864786352,full_event_available,bernoulli_full_event,5,0,0.000685,0.000147743447378651,1.47743447378651
19,7,5,max_depth_reached,4379.785,0.700291642616277,1.73791693727047,0.165712190591504,13,1,0.700291642616277,0,0,0.420174985569766,0.149173387693855,full_event_available,bernoulli_full_event,5,0,0.000685,0.000102183770570291,1.02183770570291
19,8,5,max_depth_reached,2031.29,0.324786584439651,1.65614270019115,0.199992902465965,8,1,0.324786584439651,1.96842810057344,1.85785556689423,0.960128684157324,0.000328636941550493,full_event_available,bernoulli_full_event,5,0,0.000685,2.25116304962088e-07,0.00225116304962088
19,9,2,no_new_outage,0,0,1.07332407508645,0.0152717803912666,3,1,0,0,0.0305435607825333,0.00610871215650666,0.193210480591707,full_event_available,bernoulli_full_event,2,0,0.000685,0.000132349179205319,1.32349179205319
19,10,2,no_new_outage,0,0,1.07332407508645,0.0152717803912666,3,1,0,0,0.0305435607825333,0.00610871215650666,0.193210480591707,full_event_available,bernoulli_full_event,2,0,0.000685,0.000132349179205319,1.32349179205319
20,1,1,no_new_outage,0,0,0.950290022934759,0,1,1,0,0,0,0,0.464846403511512,full_event_available,bernoulli_full_event,1,0,0.000553,0.000257060061141866,2.57060061141866
20,2,4,load_loss_threshold,4275.89665,0.683680748869165,1.79928798360012,0.164278170583172,8,0,1,1,1,1,0.138314928031603,full_event_available,bernoulli_full_event,4,0,0.000553,7.64881552014767e-05,0.764881552014767
20,3,3,load_loss_threshold,1882.709,0.301029703096944,1.79928798360012,0.0642379923764684,5,0,1,1,1,1,0.230157891891439,full_event_available,bernoulli_full_event,3,0,0.000553,0.000127277314215966,1.27277314215966
20,4,4,load_loss_threshold,4085.49665,0.653237352959517,1.79928798360012,0.164278170583172,7,0,1,1,1,1,0.0621119732225221,full_event_available,bernoulli_full_event,4,0,0.000553,3.43479211920547e-05,0.343479211920547
20,5,1,no_new_outage,0,0,0.950290022934759,0,1,1,0,0,0,0,0.464846403511512,full_event_available,bernoulli_full_event,1,0,0.000553,0.000257060061141866,2.57060061141866
20,6,3,load_loss_threshold,1882.709,0.301029703096944,1.79928798360012,0.0642379923764684,5,0,1,1,1,1,0.230157891891439,full_event_available,bernoulli_full_event,3,0,0.000553,0.000127277314215966,1.27277314215966
20,7,3,load_loss_threshold,1882.709,0.301029703096944,1.79928798360012,0.0642379923764684,5,0,1,1,1,1,0.230157891891439,full_event_available,bernoulli_full_event,3,0,0.000553,0.000127277314215966,1.27277314215966
20,8,1,no_new_outage,0,0,0.950290022934759,0,1,1,0,0,0,0,0.464846403511512,full_event_available,bernoulli_full_event,1,0,0.000553,0.000257060061141866,2.57060061141866
20,9,1,no_new_outage,0,0,0.950290022934759,0,1,1,0,0,0,0,0.464846403511512,full_event_available,bernoulli_full_event,1,0,0.000553,0.000257060061141866,2.57060061141866
20,10,1,no_new_outage,0,0,0.950290022934759,0,1,1,0,0,0,0,0.464846403511512,full_event_available,bernoulli_full_event,1,0,0.000553,0.000257060061141866,2.57060061141866
21,1,2,no_new_outage,0,0,0.791730398316792,0,2,1,0,0,0,0,0.00144100738325395,full_event_available,bernoulli_full_event,2,0,0.000427,6.15310152649435e-07,0.00615310152649435
21,2,1,no_new_outage,0,0,0.791464391185522,0,1,1,0,0,0,0,0.934147345845658,full_event_available,bernoulli_full_event,1,0,0.000427,0.000398880916676096,3.98880916676096
21,3,1,no_new_outage,0,0,0.791464391185522,0,1,1,0,0,0,0,0.934147345845658,full_event_available,bernoulli_full_event,1,0,0.000427,0.000398880916676096,3.98880916676096
21,4,1,no_new_outage,0,0,0.791464391185522,0,1,1,0,0,0,0,0.934147345845658,full_event_available,bernoulli_full_event,1,0,0.000427,0.000398880916676096,3.98880916676096
21,5,1,no_new_outage,0,0,0.791464391185522,0,1,1,0,0,0,0,0.934147345845658,full_event_available,bernoulli_full_event,1,0,0.000427,0.000398880916676096,3.98880916676096
21,6,1,no_new_outage,0,0,0.791464391185522,0,1,1,0,0,0,0,0.934147345845658,full_event_available,bernoulli_full_event,1,0,0.000427,0.000398880916676096,3.98880916676096
21,7,1,no_new_outage,0,0,0.791464391185522,0,1,1,0,0,0,0,0.934147345845658,full_event_available,bernoulli_full_event,1,0,0.000427,0.000398880916676096,3.98880916676096
21,8,1,no_new_outage,0,0,0.791464391185522,0,1,1,0,0,0,0,0.934147345845658,full_event_available,bernoulli_full_event,1,0,0.000427,0.000398880916676096,3.98880916676096
21,9,1,no_new_outage,0,0,0.791464391185522,0,1,1,0,0,0,0,0.934147345845658,full_event_available,bernoulli_full_event,1,0,0.000427,0.000398880916676096,3.98880916676096
21,10,1,no_new_outage,0,0,0.791464391185522,0,1,1,0,0,0,0,0.934147345845658,full_event_available,bernoulli_full_event,1,0,0.000427,0.000398880916676096,3.98880916676096
22,1,5,max_depth_reached,4336.16,0.693316363485193,1.99385734640004,0.0277915464902924,14,0,1,1,1,1,5.67640343248294e-07,full_event_available,bernoulli_full_event,5,0,0.000414,2.35003102104794e-10,2.35003102104794e-06
22,2,1,no_new_outage,0,0,0.790604222753131,0,1,1,0,0,0,0,0.934135207851109,full_event_available,bernoulli_full_event,1,0,0.000414,0.000386731976050359,3.86731976050359
22,3,1,no_new_outage,0,0,0.790604222753131,0,1,1,0,0,0,0,0.934135207851109,full_event_available,bernoulli_full_event,1,0,0.000414,0.000386731976050359,3.86731976050359
22,4,2,no_new_outage,0,0,0.973791322224909,0,2,1,0,0,0,0,5.5630083893427e-05,full_event_available,bernoulli_full_event,2,0,0.000414,2.30308547318788e-08,0.000230308547318788
22,5,1,no_new_outage,0,0,0.790604222753131,0,1,1,0,0,0,0,0.934135207851109,full_event_available,bernoulli_full_event,1,0,0.000414,0.000386731976050359,3.86731976050359
22,6,1,no_new_outage,0,0,0.790604222753131,0,1,1,0,0,0,0,0.934135207851109,full_event_available,bernoulli_full_event,1,0,0.000414,0.000386731976050359,3.86731976050359
22,7,1,no_new_outage,0,0,0.790604222753131,0,1,1,0,0,0,0,0.934135207851109,full_event_available,bernoulli_full_event,1,0,0.000414,0.000386731976050359,3.86731976050359
22,8,1,no_new_outage,0,0,0.790604222753131,0,1,1,0,0,0,0,0.934135207851109,full_event_available,bernoulli_full_event,1,0,0.000414,0.000386731976050359,3.86731976050359
22,9,1,no_new_outage,0,0,0.790604222753131,0,1,1,0,0,0,0,0.934135207851109,full_event_available,bernoulli_full_event,1,0,0.000414,0.000386731976050359,3.86731976050359
22,10,2,no_new_outage,0,0,0.794262993035001,0,2,1,0,0,0,0,0.00137873881513198,full_event_available,bernoulli_full_event,2,0,0.000414,5.70797869464641e-07,0.00570797869464641
23,1,2,no_new_outage,8.53,0.00136387692809506,1.2806515003099,0,3,1,0.00136387692809506,0,0,0.000818326156857039,0.213321783027702,full_event_available,bernoulli_full_event,2,0,0.000434,9.25816538340228e-05,0.925816538340228
23,2,5,max_depth_reached,2031.29,0.324786584439651,1.66128582149515,0.199992902465965,7,1,0.324786584439651,1.98385746448545,1.85785556689423,0.963214556939727,0.0856257143307715,full_event_available,bernoulli_full_event,5,0,0.000434,3.71615600195548e-05,0.371615600195548
23,3,4,load_loss_threshold,4165.334,0.666002689379828,1.96557680863662,0.199992902465965,9,1,0.666002689379828,1.93115361727325,1.68153310210701,1.12213895750395,0.000153843628678151,full_event_available,bernoulli_full_event,4,0,0.000434,6.67681348463177e-08,0.000667681348463177
23,4,5,max_depth_reached,2031.29,0.324786584439651,1.66128582149515,0.199992902465965,7,1,0.324786584439651,1.98385746448545,1.85785556689423,0.963214556939727,0.0856257143307715,full_event_available,bernoulli_full_event,5,0,0.000434,3.71615600195548e-05,0.371615600195548
23,5,5,max_depth_reached,4280.972,0.684492255641382,1.77571867766628,0.14767322923204,10,0,1,1,1,1,0.132503622934447,full_event_available,bernoulli_full_event,5,0,0.000434,5.75065723535499e-05,0.575065723535499
23,6,4,load_loss_threshold,4379.785,0.700291642616277,1.6978442303629,0.0748881874725589,13,1,0.700291642616277,0,0,0.420174985569766,0.27765316787936,full_event_available,bernoulli_full_event,4,0,0.000434,0.000120501474859642,1.20501474859642
23,7,4,load_loss_threshold,4379.785,0.700291642616277,1.6978442303629,0.0748881874725589,13,1,0.700291642616277,0,0,0.420174985569766,0.27765316787936,full_event_available,bernoulli_full_event,4,0,0.000434,0.000120501474859642,1.20501474859642
23,8,4,load_loss_threshold,4379.785,0.700291642616277,1.6978442303629,0.0748881874725589,13,1,0.700291642616277,0,0,0.420174985569766,0.27765316787936,full_event_available,bernoulli_full_event,4,0,0.000434,0.000120501474859642,1.20501474859642
23,9,5,max_depth_reached,4379.785,0.700291642616277,1.6978442303629,0.0748881874725589,13,1,0.700291642616277,0,0,0.420174985569766,0.11013997435068,full_event_available,bernoulli_full_event,5,0,0.000434,4.78007488681953e-05,0.478007488681953
23,10,4,load_loss_threshold,4379.785,0.700291642616277,1.6978442303629,0.0748881874725589,13,1,0.700291642616277,0,0,0.420174985569766,0.27765316787936,full_event_available,bernoulli_full_event,4,0,0.000434,0.000120501474859642,1.20501474859642
24,1,1,no_new_outage,0,0,0.799726651896212,0,1,1,0,0,0,0,0.934100662977662,full_event_available,bernoulli_full_event,1,0,0.000377,0.000352155949942578,3.52155949942578
24,2,1,no_new_outage,0,0,0.799726651896212,0,1,1,0,0,0,0,0.934100662977662,full_event_available,bernoulli_full_event,1,0,0.000377,0.000352155949942578,3.52155949942578
24,3,1,no_new_outage,0,0,0.799726651896212,0,1,1,0,0,0,0,0.934100662977662,full_event_available,bernoulli_full_event,1,0,0.000377,0.000352155949942578,3.52155949942578
24,4,1,no_new_outage,0,0,0.799726651896212,0,1,1,0,0,0,0,0.934100662977662,full_event_available,bernoulli_full_event,1,0,0.000377,0.000352155949942578,3.52155949942578
24,5,1,no_new_outage,0,0,0.799726651896212,0,1,1,0,0,0,0,0.934100662977662,full_event_available,bernoulli_full_event,1,0,0.000377,0.000352155949942578,3.52155949942578
24,6,1,no_new_outage,0,0,0.799726651896212,0,1,1,0,0,0,0,0.934100662977662,full_event_available,bernoulli_full_event,1,0,0.000377,0.000352155949942578,3.52155949942578
24,7,1,no_new_outage,0,0,0.799726651896212,0,1,1,0,0,0,0,0.934100662977662,full_event_available,bernoulli_full_event,1,0,0.000377,0.000352155949942578,3.52155949942578
24,8,1,no_new_outage,0,0,0.799726651896212,0,1,1,0,0,0,0,0.934100662977662,full_event_available,bernoulli_full_event,1,0,0.000377,0.000352155949942578,3.52155949942578
24,9,1,no_new_outage,0,0,0.799726651896212,0,1,1,0,0,0,0,0.934100662977662,full_event_available,bernoulli_full_event,1,0,0.000377,0.000352155949942578,3.52155949942578
24,10,1,no_new_outage,0,0,0.799726651896212,0,1,1,0,0,0,0,0.934100662977662,full_event_available,bernoulli_full_event,1,0,0.000377,0.000352155949942578,3.52155949942578
25,1,1,no_new_outage,0,0,0.799826601390829,0,1,1,0,0,0,0,0.934185629279381,full_event_available,bernoulli_full_event,1,0,0.000468,0.00043719887450275,4.3719887450275
25,2,1,no_new_outage,0,0,0.799826601390829,0,1,1,0,0,0,0,0.934185629279381,full_event_available,bernoulli_full_event,1,0,0.000468,0.00043719887450275,4.3719887450275
25,3,1,no_new_outage,0,0,0.799826601390829,0,1,1,0,0,0,0,0.934185629279381,full_event_available,bernoulli_full_event,1,0,0.000468,0.00043719887450275,4.3719887450275
25,4,1,no_new_outage,0,0,0.799826601390829,0,1,1,0,0,0,0,0.934185629279381,full_event_available,bernoulli_full_event,1,0,0.000468,0.00043719887450275,4.3719887450275
25,5,1,no_new_outage,0,0,0.799826601390829,0,1,1,0,0,0,0,0.934185629279381,full_event_available,bernoulli_full_event,1,0,0.000468,0.00043719887450275,4.3719887450275
25,6,1,no_new_outage,0,0,0.799826601390829,0,1,1,0,0,0,0,0.934185629279381,full_event_available,bernoulli_full_event,1,0,0.000468,0.00043719887450275,4.3719887450275
25,7,2,no_new_outage,0,0,0.800854323167935,0,2,1,0,0,0,0,0.00148671934087184,full_event_available,bernoulli_full_event,2,0,0.000468,6.95784651528021e-07,0.00695784651528021
25,8,1,no_new_outage,0,0,0.799826601390829,0,1,1,0,0,0,0,0.934185629279381,full_event_available,bernoulli_full_event,1,0,0.000468,0.00043719887450275,4.3719887450275
25,9,1,no_new_outage,0,0,0.799826601390829,0,1,1,0,0,0,0,0.934185629279381,full_event_available,bernoulli_full_event,1,0,0.000468,0.00043719887450275,4.3719887450275
25,10,1,no_new_outage,0,0,0.799826601390829,0,1,1,0,0,0,0,0.934185629279381,full_event_available,bernoulli_full_event,1,0,0.000468,0.00043719887450275,4.3719887450275
26,1,1,no_new_outage,0,0,0.835190235419413,0,1,1,0,0,0,0,0.93403438132138,full_event_available,bernoulli_full_event,1,0,0.000306,0.000285814520684342,2.85814520684342
26,2,1,no_new_outage,0,0,0.835190235419413,0,1,1,0,0,0,0,0.93403438132138,full_event_available,bernoulli_full_event,1,0,0.000306,0.000285814520684342,2.85814520684342
26,3,2,no_new_outage,0,0,0.835190235419413,0,2,1,0,0,0,0,0.00147045952363821,full_event_available,bernoulli_full_event,2,0,0.000306,4.49960614233292e-07,0.00449960614233292
26,4,1,no_new_outage,0,0,0.835190235419413,0,1,1,0,0,0,0,0.93403438132138,full_event_available,bernoulli_full_event,1,0,0.000306,0.000285814520684342,2.85814520684342
26,5,1,no_new_outage,0,0,0.835190235419413,0,1,1,0,0,0,0,0.93403438132138,full_event_available,bernoulli_full_event,1,0,0.000306,0.000285814520684342,2.85814520684342
26,6,1,no_new_outage,0,0,0.835190235419413,0,1,1,0,0,0,0,0.93403438132138,full_event_available,bernoulli_full_event,1,0,0.000306,0.000285814520684342,2.85814520684342
26,7,1,no_new_outage,0,0,0.835190235419413,0,1,1,0,0,0,0,0.93403438132138,full_event_available,bernoulli_full_event,1,0,0.000306,0.000285814520684342,2.85814520684342
26,8,1,no_new_outage,0,0,0.835190235419413,0,1,1,0,0,0,0,0.93403438132138,full_event_available,bernoulli_full_event,1,0,0.000306,0.000285814520684342,2.85814520684342
26,9,4,load_loss_threshold,3432.63,0.548849338767522,1.75206891885969,0.062179985760385,10,1,0.548849338767522,0,0,0.329309603260513,4.66102927220301e-05,full_event_available,bernoulli_full_event,4,0,0.000306,1.42627495729412e-08,0.000142627495729412
26,10,1,no_new_outage,0,0,0.835190235419413,0,1,1,0,0,0,0,0.93403438132138,full_event_available,bernoulli_full_event,1,0,0.000306,0.000285814520684342,2.85814520684342
27,1,1,no_new_outage,680,0.10872641396303,0.871598763089273,0,1,1,0.10872641396303,0,0,0.0652358483778179,0.937373583523531,full_event_available,bernoulli_full_event,1,0,1.1e-05,1.03111094187588e-05,0.103111094187588
27,2,1,no_new_outage,680,0.10872641396303,0.871598763089273,0,1,1,0.10872641396303,0,0,0.0652358483778179,0.937373583523531,full_event_available,bernoulli_full_event,1,0,1.1e-05,1.03111094187588e-05,0.103111094187588
27,3,1,no_new_outage,680,0.10872641396303,0.871598763089273,0,1,1,0.10872641396303,0,0,0.0652358483778179,0.937373583523531,full_event_available,bernoulli_full_event,1,0,1.1e-05,1.03111094187588e-05,0.103111094187588
27,4,1,no_new_outage,680,0.10872641396303,0.871598763089273,0,1,1,0.10872641396303,0,0,0.0652358483778179,0.937373583523531,full_event_available,bernoulli_full_event,1,0,1.1e-05,1.03111094187588e-05,0.103111094187588
27,5,1,no_new_outage,680,0.10872641396303,0.871598763089273,0,1,1,0.10872641396303,0,0,0.0652358483778179,0.937373583523531,full_event_available,bernoulli_full_event,1,0,1.1e-05,1.03111094187588e-05,0.103111094187588
27,6,1,no_new_outage,680,0.10872641396303,0.871598763089273,0,1,1,0.10872641396303,0,0,0.0652358483778179,0.937373583523531,full_event_available,bernoulli_full_event,1,0,1.1e-05,1.03111094187588e-05,0.103111094187588
27,7,1,no_new_outage,680,0.10872641396303,0.871598763089273,0,1,1,0.10872641396303,0,0,0.0652358483778179,0.937373583523531,full_event_available,bernoulli_full_event,1,0,1.1e-05,1.03111094187588e-05,0.103111094187588
27,8,1,no_new_outage,680,0.10872641396303,0.871598763089273,0,1,1,0.10872641396303,0,0,0.0652358483778179,0.937373583523531,full_event_available,bernoulli_full_event,1,0,1.1e-05,1.03111094187588e-05,0.103111094187588
27,9,1,no_new_outage,680,0.10872641396303,0.871598763089273,0,1,1,0.10872641396303,0,0,0.0652358483778179,0.937373583523531,full_event_available,bernoulli_full_event,1,0,1.1e-05,1.03111094187588e-05,0.103111094187588
27,10,1,no_new_outage,680,0.10872641396303,0.871598763089273,0,1,1,0.10872641396303,0,0,0.0652358483778179,0.937373583523531,full_event_available,bernoulli_full_event,1,0,1.1e-05,1.03111094187588e-05,0.103111094187588
28,1,4,load_loss_threshold,4761.19,0.761275168965644,2.70538269161498,0.199992902465943,14,1,0.761275168965644,0,0.999964512329715,0.656758003845329,3.79092963878786e-06,full_event_available,bernoulli_full_event,4,0,0.000473,1.79310971914666e-09,1.79310971914666e-05
28,2,4,load_loss_threshold,1967.98,0.314663835516123,1.75608896661483,0.113452363584754,7,1,0.314663835516123,2.25322232671757,1.36142836301705,0.911728439256599,0.0338889679351449,full_event_available,bernoulli_full_event,4,0,0.000473,1.60294818333236e-05,0.160294818333236
28,3,5,max_depth_reached,3434.63,0.549169122338002,1.86350452698433,0.212404606639498,10,0,1,1,1,1,0.0306766809291798,full_event_available,bernoulli_full_event,5,0,0.000473,1.45100700795021e-05,0.145100700795021
28,4,4,load_loss_threshold,4104.46,0.656269436845143,2.65842849162417,0.0440508320988168,13,0,1,1,1,1,0.177922716303707,full_event_available,bernoulli_full_event,4,0,0.000473,8.41574448116532e-05,0.841574448116532
28,5,4,load_loss_threshold,3553.438,0.568165545558766,2.11125917692642,0.149190581660561,13,1,0.568165545558766,3.70201331355345,1.34271523494505,1.34984503703496,0.0383728239106914,full_event_available,bernoulli_full_event,4,0,0.000473,1.8150345709757e-05,0.18150345709757
28,6,4,load_loss_threshold,4104.46,0.656269436845143,2.65842849162417,0.0440508320988168,13,0,1,1,1,1,0.177922716303707,full_event_available,bernoulli_full_event,4,0,0.000473,8.41574448116532e-05,0.841574448116532
28,7,5,max_depth_reached,4683.11,0.748790818374124,1.63142530829297,0.199992902465965,17,1,0.748790818374124,0,0.999964512329824,0.649267393490439,0.000625902527388612,full_event_available,bernoulli_full_event,5,0,0.000473,2.96051895454814e-07,0.00296051895454814
28,8,5,max_depth_reached,3434.63,0.549169122338002,1.78924057820498,0.199992902465965,10,0,1,1,1,1,0.0010376543250997,full_event_available,bernoulli_full_event,5,0,0.000473,4.90810495772156e-07,0.00490810495772156
28,9,4,load_loss_threshold,4104.46,0.656269436845143,2.65842849162417,0.0440508320988168,12,0,1,1,1,1,0.0585546468690815,full_event_available,bernoulli_full_event,4,0,0.000473,2.76963479690755e-05,0.276963479690755
28,10,3,load_loss_threshold,3073.759,0.491468813906748,1.4250080292391,0.240544249436925,11,1,0.491468813906748,0.850016058478201,2.16489824493232,0.897864149026154,0.000130844845823731,full_event_available,bernoulli_full_event,3,0,0.000473,6.18896120746246e-08,0.000618896120746246
29,1,1,no_new_outage,0,0,0.798392069329629,0,1,1,0,0,0,0,0.934308904577628,full_event_available,bernoulli_full_event,1,0,0.0006,0.000560585342746577,5.60585342746577
29,2,1,no_new_outage,0,0,0.798392069329629,0,1,1,0,0,0,0,0.934308904577628,full_event_available,bernoulli_full_event,1,0,0.0006,0.000560585342746577,5.60585342746577
29,3,1,no_new_outage,0,0,0.798392069329629,0,1,1,0,0,0,0,0.934308904577628,full_event_available,bernoulli_full_event,1,0,0.0006,0.000560585342746577,5.60585342746577
29,4,1,no_new_outage,0,0,0.798392069329629,0,1,1,0,0,0,0,0.934308904577628,full_event_available,bernoulli_full_event,1,0,0.0006,0.000560585342746577,5.60585342746577
29,5,1,no_new_outage,0,0,0.798392069329629,0,1,1,0,0,0,0,0.934308904577628,full_event_available,bernoulli_full_event,1,0,0.0006,0.000560585342746577,5.60585342746577
29,6,1,no_new_outage,0,0,0.798392069329629,0,1,1,0,0,0,0,0.934308904577628,full_event_available,bernoulli_full_event,1,0,0.0006,0.000560585342746577,5.60585342746577
29,7,1,no_new_outage,0,0,0.798392069329629,0,1,1,0,0,0,0,0.934308904577628,full_event_available,bernoulli_full_event,1,0,0.0006,0.000560585342746577,5.60585342746577
29,8,1,no_new_outage,0,0,0.798392069329629,0,1,1,0,0,0,0,0.934308904577628,full_event_available,bernoulli_full_event,1,0,0.0006,0.000560585342746577,5.60585342746577
29,9,1,no_new_outage,0,0,0.798392069329629,0,1,1,0,0,0,0,0.934308904577628,full_event_available,bernoulli_full_event,1,0,0.0006,0.000560585342746577,5.60585342746577
29,10,1,no_new_outage,0,0,0.798392069329629,0,1,1,0,0,0,0,0.934308904577628,full_event_available,bernoulli_full_event,1,0,0.0006,0.000560585342746577,5.60585342746577
30,1,1,no_new_outage,0,0,0.817758987161013,0,1,1,0,0,0,0,0.934355608262743,full_event_available,bernoulli_full_event,1,0,0.00065,0.000607331145370783,6.07331145370783
30,2,1,no_new_outage,0,0,0.817758987161013,0,1,1,0,0,0,0,0.934355608262743,full_event_available,bernoulli_full_event,1,0,0.00065,0.000607331145370783,6.07331145370783
30,3,1,no_new_outage,0,0,0.817758987161013,0,1,1,0,0,0,0,0.934355608262743,full_event_available,bernoulli_full_event,1,0,0.00065,0.000607331145370783,6.07331145370783
30,4,1,no_new_outage,0,0,0.817758987161013,0,1,1,0,0,0,0,0.934355608262743,full_event_available,bernoulli_full_event,1,0,0.00065,0.000607331145370783,6.07331145370783
30,5,1,no_new_outage,0,0,0.817758987161013,0,1,1,0,0,0,0,0.934355608262743,full_event_available,bernoulli_full_event,1,0,0.00065,0.000607331145370783,6.07331145370783
30,6,1,no_new_outage,0,0,0.817758987161013,0,1,1,0,0,0,0,0.934355608262743,full_event_available,bernoulli_full_event,1,0,0.00065,0.000607331145370783,6.07331145370783
30,7,1,no_new_outage,0,0,0.817758987161013,0,1,1,0,0,0,0,0.934355608262743,full_event_available,bernoulli_full_event,1,0,0.00065,0.000607331145370783,6.07331145370783
30,8,1,no_new_outage,0,0,0.817758987161013,0,1,1,0,0,0,0,0.934355608262743,full_event_available,bernoulli_full_event,1,0,0.00065,0.000607331145370783,6.07331145370783
30,9,1,no_new_outage,0,0,0.817758987161013,0,1,1,0,0,0,0,0.934355608262743,full_event_available,bernoulli_full_event,1,0,0.00065,0.000607331145370783,6.07331145370783
30,10,1,no_new_outage,0,0,0.817758987161013,0,1,1,0,0,0,0,0.934355608262743,full_event_available,bernoulli_full_event,1,0,0.00065,0.000607331145370783,6.07331145370783
31,1,1,no_new_outage,0,0,0.795109304767772,0,1,1,0,0,0,0,0.934292092393927,full_event_available,bernoulli_full_event,1,0,0.000582,0.000543757997773266,5.43757997773266
31,2,1,no_new_outage,0,0,0.795109304767772,0,1,1,0,0,0,0,0.934292092393927,full_event_available,bernoulli_full_event,1,0,0.000582,0.000543757997773266,5.43757997773266
31,3,1,no_new_outage,0,0,0.795109304767772,0,1,1,0,0,0,0,0.934292092393927,full_event_available,bernoulli_full_event,1,0,0.000582,0.000543757997773266,5.43757997773266
31,4,1,no_new_outage,0,0,0.795109304767772,0,1,1,0,0,0,0,0.934292092393927,full_event_available,bernoulli_full_event,1,0,0.000582,0.000543757997773266,5.43757997773266
31,5,5,max_depth_reached,1576.855,0.252126161014226,1.90061422786064,0.094837082542895,7,1,0.252126161014226,0.989805481472202,0.56902249525737,0.46304129195445,0.000320881034283376,full_event_available,bernoulli_full_event,5,0,0.000582,1.86752761952925e-07,0.00186752761952925
31,6,1,no_new_outage,0,0,0.795109304767772,0,1,1,0,0,0,0,0.934292092393927,full_event_available,bernoulli_full_event,1,0,0.000582,0.000543757997773266,5.43757997773266
31,7,1,no_new_outage,0,0,0.795109304767772,0,1,1,0,0,0,0,0.934292092393927,full_event_available,bernoulli_full_event,1,0,0.000582,0.000543757997773266,5.43757997773266
31,8,1,no_new_outage,0,0,0.795109304767772,0,1,1,0,0,0,0,0.934292092393927,full_event_available,bernoulli_full_event,1,0,0.000582,0.000543757997773266,5.43757997773266
31,9,1,no_new_outage,0,0,0.795109304767772,0,1,1,0,0,0,0,0.934292092393927,full_event_available,bernoulli_full_event,1,0,0.000582,0.000543757997773266,5.43757997773266
31,10,1,no_new_outage,0,0,0.795109304767772,0,1,1,0,0,0,0,0.934292092393927,full_event_available,bernoulli_full_event,1,0,0.000582,0.000543757997773266,5.43757997773266
32,1,2,no_new_outage,680,0.10872641396303,1.0321783976924,0,2,1,0.10872641396303,0,0,0.0652358483778179,0.877681654779003,full_event_available,bernoulli_full_event,2,0,0.000515,0.000452006052211186,4.52006052211186
32,2,2,no_new_outage,680,0.10872641396303,1.0321783976924,0,2,1,0.10872641396303,0,0,0.0652358483778179,0.877681654779003,full_event_available,bernoulli_full_event,2,0,0.000515,0.000452006052211186,4.52006052211186
32,3,2,no_new_outage,680,0.10872641396303,1.0321783976924,0,2,1,0.10872641396303,0,0,0.0652358483778179,0.877681654779003,full_event_available,bernoulli_full_event,2,0,0.000515,0.000452006052211186,4.52006052211186
32,4,2,no_new_outage,680,0.10872641396303,1.0321783976924,0,2,1,0.10872641396303,0,0,0.0652358483778179,0.877681654779003,full_event_available,bernoulli_full_event,2,0,0.000515,0.000452006052211186,4.52006052211186
32,5,2,no_new_outage,680,0.10872641396303,1.0321783976924,0,2,1,0.10872641396303,0,0,0.0652358483778179,0.877681654779003,full_event_available,bernoulli_full_event,2,0,0.000515,0.000452006052211186,4.52006052211186
32,6,2,no_new_outage,680,0.10872641396303,1.0321783976924,0,2,1,0.10872641396303,0,0,0.0652358483778179,0.877681654779003,full_event_available,bernoulli_full_event,2,0,0.000515,0.000452006052211186,4.52006052211186
32,7,2,no_new_outage,680,0.10872641396303,1.0321783976924,0,2,1,0.10872641396303,0,0,0.0652358483778179,0.877681654779003,full_event_available,bernoulli_full_event,2,0,0.000515,0.000452006052211186,4.52006052211186
32,8,2,no_new_outage,680,0.10872641396303,1.0321783976924,0,2,1,0.10872641396303,0,0,0.0652358483778179,0.877681654779003,full_event_available,bernoulli_full_event,2,0,0.000515,0.000452006052211186,4.52006052211186
32,9,2,no_new_outage,680,0.10872641396303,1.0321783976924,0,2,1,0.10872641396303,0,0,0.0652358483778179,0.877681654779003,full_event_available,bernoulli_full_event,2,0,0.000515,0.000452006052211186,4.52006052211186
32,10,2,no_new_outage,680,0.10872641396303,1.0321783976924,0,2,1,0.10872641396303,0,0,0.0652358483778179,0.877681654779003,full_event_available,bernoulli_full_event,2,0,0.000515,0.000452006052211186,4.52006052211186
33,1,3,no_new_outage,1642.385,0.262603869700986,1.97672689796519,0.192858190003569,7,1,0.262603869700986,0,0,0.157562321820592,3.31394240499227e-06,full_event_available,bernoulli_full_event,3,0,2.5e-05,8.28485601248067e-11,8.28485601248066e-07
33,2,5,max_depth_reached,4496.334,0.718926870294185,1.8588743269516,0.212404606639498,15,1,0.718926870294185,1.38365220453892,0.818641620468063,0.871814887177908,8.78401370419738e-05,full_event_available,bernoulli_full_event,5,0,2.5e-05,2.19600342604935e-09,2.19600342604935e-05
33,3,5,max_depth_reached,4496.334,0.718926870294185,1.8588743269516,0.212404606639498,14,1,0.718926870294185,1.38365220453892,0.818641620468063,0.871814887177908,0.0565796897632031,full_event_available,bernoulli_full_event,5,0,2.5e-05,1.41449224408008e-06,0.0141449224408008
33,4,5,max_depth_reached,3879.04,0.620226630616399,1.98827378569125,0.00429297683062146,13,1,0.620226630616399,2.39509238419221,0,0.851154455208282,0.00267156799674259,full_event_available,bernoulli_full_event,5,0,2.5e-05,6.67891999185648e-08,0.000667891999185648
33,5,5,max_depth_reached,4496.334,0.718926870294185,1.8588743269516,0.212404606639498,14,1,0.718926870294185,1.38365220453892,0.818641620468063,0.871814887177908,0.0565796897632031,full_event_available,bernoulli_full_event,5,0,2.5e-05,1.41449224408008e-06,0.0141449224408008
33,6,4,load_loss_threshold,4479.853725,0.716291809703193,1.91662100630096,0.18529078027304,11,1,0.716291809703193,1.49752191405682,0.926453901365202,0.914570248906319,5.62603814934788e-05,full_event_available,bernoulli_full_event,4,0,2.5e-05,1.40650953733697e-09,1.40650953733697e-05
33,7,4,load_loss_threshold,3521.829,0.563111526119123,1.67685237467115,0.0711215593271729,10,0,1,1,1,1,0.0166887225518889,full_event_available,bernoulli_full_event,4,0,2.5e-05,4.17218063797222e-07,0.00417218063797222
33,8,4,load_loss_threshold,3711.559,0.59344779453266,2.09673720063827,0.20485284683467,10,1,0.59344779453266,5.48368600319136,2.86793985568538,2.02639384849495,5.21573961712199e-06,full_event_available,bernoulli_full_event,4,0,2.5e-05,1.3039349042805e-10,1.3039349042805e-06
33,9,5,max_depth_reached,3719.40675,0.594702585290276,2.09321969075104,0.210729236285459,13,1,0.594702585290276,5.4660984537552,2.73948007171097,1.9979372562674,0.019466828619785,full_event_available,bernoulli_full_event,5,0,2.5e-05,4.86670715494624e-07,0.00486670715494624
33,10,4,load_loss_threshold,4068.3092,0.650489220895298,1.71209875372767,0.172537707443533,11,0,1,1,1,1,0.0173273723790954,full_event_available,bernoulli_full_event,4,0,2.5e-05,4.33184309477384e-07,0.00433184309477384
34,1,1,no_new_outage,0,0,0.9226382446624,0,1,1,0,0,0,0,0.655892445396187,full_event_available,bernoulli_full_event,1,0,2.5e-05,1.63973111349047e-05,0.163973111349047
34,2,1,no_new_outage,0,0,0.9226382446624,0,1,1,0,0,0,0,0.655892445396187,full_event_available,bernoulli_full_event,1,0,2.5e-05,1.63973111349047e-05,0.163973111349047
34,3,5,max_depth_reached,4479.853725,0.716291809703193,1.76170283347202,0.106029875193895,14,1,0.716291809703193,1.29086799912539,0.530149375969476,0.793978560840888,0.10039608831877,full_event_available,bernoulli_full_event,5,0,2.5e-05,2.50990220796925e-06,0.0250990220796925
34,4,1,no_new_outage,0,0,0.9226382446624,0,1,1,0,0,0,0,0.655892445396187,full_event_available,bernoulli_full_event,1,0,2.5e-05,1.63973111349047e-05,0.163973111349047
34,5,1,no_new_outage,0,0,0.9226382446624,0,1,1,0,0,0,0,0.655892445396187,full_event_available,bernoulli_full_event,1,0,2.5e-05,1.63973111349047e-05,0.163973111349047
34,6,4,load_loss_threshold,3654.954,0.584397120029164,2.64459924820649,0.250998532214623,10,1,0.584397120029164,6.18776601069277,3.01198238657548,2.19058795147115,0.000124036841302776,full_event_available,bernoulli_full_event,4,0,2.5e-05,3.1009210325694e-09,3.1009210325694e-05
34,7,1,no_new_outage,0,0,0.9226382446624,0,1,1,0,0,0,0,0.655892445396187,full_event_available,bernoulli_full_event,1,0,2.5e-05,1.63973111349047e-05,0.163973111349047
34,8,5,max_depth_reached,3719.40675,0.594702585290276,1.80867866415397,0.0952273310858016,13,1,0.594702585290276,4.85207198492384,0.952273310858016,1.51769061033054,0.056434344145136,full_event_available,bernoulli_full_event,5,0,2.5e-05,1.4108586036284e-06,0.014108586036284
34,9,1,no_new_outage,0,0,0.9226382446624,0,1,1,0,0,0,0,0.655892445396187,full_event_available,bernoulli_full_event,1,0,2.5e-05,1.63973111349047e-05,0.163973111349047
34,10,5,max_depth_reached,4479.853725,0.716291809703193,1.76170283347202,0.106029875193895,15,1,0.716291809703193,1.29086799912539,0.530149375969476,0.793978560840888,0.0104227595038499,full_event_available,bernoulli_full_event,5,0,2.5e-05,2.60568987596248e-07,0.00260568987596248
35,1,5,max_depth_reached,3454.006,0.552267185568807,1.81786779067591,0.212404606639498,14,0,1,1,1,1,0.000181465265698055,full_event_available,bernoulli_full_event,5,0,0.000514,9.32731465688005e-08,0.000932731465688005
35,2,5,max_depth_reached,3454.006,0.552267185568807,1.81786779067591,0.212404606639498,13,0,1,1,1,1,0.117415603878666,full_event_available,bernoulli_full_event,5,0,0.000514,6.03516203936343e-05,0.603516203936343
35,3,4,load_loss_threshold,4128.68,0.66014201588365,2.65030992795314,0.0720007987271146,15,0,1,1,1,1,0.0471828210847589,full_event_available,bernoulli_full_event,4,0,0.000514,2.42519700375661e-05,0.242519700375661
35,4,5,max_depth_reached,5052.63,0.807874030855917,1.69687257972643,0.110173195256381,14,1,0.807874030855917,0,0,0.48472441851355,0.00792496265722157,full_event_available,bernoulli_full_event,5,0,0.000514,4.07343080581189e-06,0.0407343080581189
35,5,5,max_depth_reached,3454.006,0.552267185568807,1.81786779067591,0.212404606639498,13,0,1,1,1,1,0.117415603878666,full_event_available,bernoulli_full_event,5,0,0.000514,6.03516203936343e-05,0.603516203936343
35,6,4,load_loss_threshold,1987.5325,0.317790119647023,1.73698817988647,0.219260788219137,9,1,0.317790119647023,3.80906429345005,3.94669418794447,1.74182576806712,0.0174339431054246,full_event_available,bernoulli_full_event,4,0,0.000514,8.96104675618822e-06,0.0896104675618822
35,7,5,max_depth_reached,3880.894,0.620523069986233,1.81830736270525,0.212404606639498,13,0,1,1,1,1,0.000113378490446816,full_event_available,bernoulli_full_event,5,0,0.000514,5.82765440896634e-08,0.000582765440896634
35,8,4,load_loss_threshold,1987.5325,0.317790119647023,1.73698817988647,0.219260788219137,9,1,0.317790119647023,3.80906429345005,3.94669418794447,1.74182576806712,0.0174339431054246,full_event_available,bernoulli_full_event,4,0,0.000514,8.96104675618822e-06,0.0896104675618822
35,9,4,load_loss_threshold,2753.95,0.440333981961009,1.86536215620804,0,14,0,1,1,1,1,6.93613603501843e-08,full_event_available,bernoulli_full_event,4,0,0.000514,3.56517392199947e-11,3.56517392199947e-07
35,10,5,max_depth_reached,3454.006,0.552267185568807,1.81830736270525,0.212404606639498,12,0,1,1,1,1,0.0634884047621599,full_event_available,bernoulli_full_event,5,0,0.000514,3.26330400477502e-05,0.326330400477502
36,1,1,no_new_outage,0,0,0.79265427502948,0,1,1,0,0,0,0,0.934292092393927,full_event_available,bernoulli_full_event,1,0,0.000582,0.000543757997773266,5.43757997773266
36,2,1,no_new_outage,0,0,0.79265427502948,0,1,1,0,0,0,0,0.934292092393927,full_event_available,bernoulli_full_event,1,0,0.000582,0.000543757997773266,5.43757997773266
36,3,1,no_new_outage,0,0,0.79265427502948,0,1,1,0,0,0,0,0.934292092393927,full_event_available,bernoulli_full_event,1,0,0.000582,0.000543757997773266,5.43757997773266
36,4,2,no_new_outage,0,0,0.793651909843975,0,2,1,0,0,0,0,0.000981556877414578,full_event_available,bernoulli_full_event,2,0,0.000582,5.71266102655284e-07,0.00571266102655284
36,5,1,no_new_outage,0,0,0.79265427502948,0,1,1,0,0,0,0,0.934292092393927,full_event_available,bernoulli_full_event,1,0,0.000582,0.000543757997773266,5.43757997773266
36,6,2,no_new_outage,0,0,0.800136297261026,0,2,1,0,0,0,0,0.00137131212136368,full_event_available,bernoulli_full_event,2,0,0.000582,7.98103654633664e-07,0.00798103654633664
36,7,1,no_new_outage,0,0,0.79265427502948,0,1,1,0,0,0,0,0.934292092393927,full_event_available,bernoulli_full_event,1,0,0.000582,0.000543757997773266,5.43757997773266
36,8,1,no_new_outage,0,0,0.79265427502948,0,1,1,0,0,0,0,0.934292092393927,full_event_available,bernoulli_full_event,1,0,0.000582,0.000543757997773266,5.43757997773266
36,9,1,no_new_outage,0,0,0.79265427502948,0,1,1,0,0,0,0,0.934292092393927,full_event_available,bernoulli_full_event,1,0,0.000582,0.000543757997773266,5.43757997773266
36,10,1,no_new_outage,0,0,0.79265427502948,0,1,1,0,0,0,0,0.934292092393927,full_event_available,bernoulli_full_event,1,0,0.000582,0.000543757997773266,5.43757997773266
37,1,4,load_loss_threshold,3142.59,0.502474325376585,1.80911077037163,0.212404606639498,10,1,0.502474325376585,2.42733231111489,1.87350804535816,1.16165266652056,0.103341728121629,full_event_available,bernoulli_full_event,4,0,0.000502,5.18775475170579e-05,0.518775475170579
37,2,4,load_loss_threshold,3142.59,0.502474325376585,1.80911077037163,0.212404606639498,9,1,0.502474325376585,2.42733231111489,1.87350804535816,1.16165266652056,0.0790387702837566,full_event_available,bernoulli_full_event,4,0,0.000502,3.96774626824458e-05,0.396774626824458
37,3,1,no_new_outage,0,0,0.973266011187477,0,1,1,0,0,0,0,0.0604808569727865,full_event_available,bernoulli_full_event,1,0,0.000502,3.03613902003388e-05,0.303613902003388
37,4,4,load_loss_threshold,4864.223725,0.777749415195796,1.94678355364899,0.104672325235292,14,0,1,1,1,1,0.000418599463837988,full_event_available,bernoulli_full_event,4,0,0.000502,2.1013693084667e-07,0.0021013693084667
37,5,4,load_loss_threshold,4336.28915,0.693337013509257,1.68232719019384,0.0673510152544745,9,0,1,1,1,1,2.53860393620879e-05,full_event_available,bernoulli_full_event,4,0,0.000502,1.27437917597681e-08,0.000127437917597681
37,6,4,load_loss_threshold,3142.59,0.502474325376585,1.80911077037163,0.212404606639498,9,1,0.502474325376585,2.42733231111489,1.87350804535816,1.16165266652056,0.0790387702837566,full_event_available,bernoulli_full_event,4,0,0.000502,3.96774626824458e-05,0.396774626824458
37,7,3,load_loss_threshold,3990.892,0.638110846579035,1.97648117098838,0,11,0,1,1,1,1,0.000196630497491448,full_event_available,bernoulli_full_event,3,0,0.000502,9.8708509740707e-08,0.00098708509740707
37,8,4,load_loss_threshold,3142.59,0.502474325376585,1.80911077037163,0.212404606639498,9,1,0.502474325376585,2.42733231111489,1.87350804535816,1.16165266652056,0.0790387702837566,full_event_available,bernoulli_full_event,4,0,0.000502,3.96774626824458e-05,0.396774626824458
37,9,3,load_loss_threshold,3233.884,0.517071486018263,1.97648117098838,0,9,0,1,1,1,1,0.00728582074265774,full_event_available,bernoulli_full_event,3,0,0.000502,3.65748201281419e-06,0.0365748201281419
37,10,5,max_depth_reached,4573.4485,0.731256845367056,1.73740599563277,0.20675633790715,13,1,0.731256845367056,0.283566004550935,0,0.49546730813042,0.000890203244710836,full_event_available,bernoulli_full_event,5,0,0.000502,4.46882028844839e-07,0.00446882028844839
38,1,4,load_loss_threshold,4104.46,0.656269436845143,2.65842849162417,0.0440508320988168,14,0,1,1,1,1,0.178209985902702,full_event_available,bernoulli_full_event,4,0,0.000377,6.71851646853187e-05,0.671851646853187
38,2,4,load_loss_threshold,4104.46,0.656269436845143,2.65842849162417,0.0440508320988168,14,0,1,1,1,1,0.178209985902702,full_event_available,bernoulli_full_event,4,0,0.000377,6.71851646853187e-05,0.671851646853187
38,3,4,load_loss_threshold,3553.438,0.568165545558766,2.11125917692642,0.149190581660561,14,1,0.568165545558766,3.70201331355345,1.34271523494505,1.34984503703496,0.0384347797191803,full_event_available,bernoulli_full_event,4,0,0.000377,1.4489911954131e-05,0.14489911954131
38,4,5,max_depth_reached,3434.63,0.549169122338002,1.86327265066623,0.212404606639498,13,0,1,1,1,1,0.000145993715652384,full_event_available,bernoulli_full_event,5,0,0.000377,5.50396308009486e-08,0.000550396308009486
38,5,4,load_loss_threshold,4319.437,0.690642493160629,2.11125917692642,0,13,0,1,1,1,1,0.0192389086825432,full_event_available,bernoulli_full_event,4,0,0.000377,7.25306857331878e-06,0.0725306857331878
38,6,4,load_loss_threshold,4104.46,0.656269436845143,2.65842849162417,0.0440508320988168,13,0,1,1,1,1,0.0586491877476992,full_event_available,bernoulli_full_event,4,0,0.000377,2.21107437808826e-05,0.221107437808826
38,7,5,max_depth_reached,3434.63,0.549169122338002,1.86327265066623,0.212404606639498,12,0,1,1,1,1,0.0962539144377721,full_event_available,bernoulli_full_event,5,0,0.000377,3.62877257430401e-05,0.362877257430401
38,8,4,load_loss_threshold,3553.438,0.568165545558766,2.11125917692642,0.149190581660561,14,1,0.568165545558766,3.70201331355345,1.34271523494505,1.34984503703496,0.0384347797191803,full_event_available,bernoulli_full_event,4,0,0.000377,1.4489911954131e-05,0.14489911954131
38,9,4,load_loss_threshold,3553.438,0.568165545558766,2.11125917692642,0.149190581660561,14,1,0.568165545558766,3.70201331355345,1.34271523494505,1.34984503703496,0.0384347797191803,full_event_available,bernoulli_full_event,4,0,0.000377,1.4489911954131e-05,0.14489911954131
38,10,4,load_loss_threshold,4104.46,0.656269436845143,2.65842849162417,0.0440508320988168,12,0,1,1,1,1,0.000615383719965912,full_event_available,bernoulli_full_event,4,0,0.000377,2.31999662427149e-07,0.00231999662427149
39,1,4,load_loss_threshold,3087.2235,0.493621676849109,1.82228003241764,0.0635119741650165,10,1,0.493621676849109,2.46684009725291,0.571607767485149,0.903862579057078,0.142184553901136,full_event_available,bernoulli_full_event,4,0,0.000445,6.32721264860054e-05,0.632721264860054
39,2,1,no_new_outage,0,0,0.937308070136262,0,1,1,0,0,0,0,0.467914167858088,full_event_available,bernoulli_full_event,1,0,0.000445,0.000208221804696849,2.08221804696849
39,3,4,load_loss_threshold,3087.2235,0.493621676849109,1.82228003241764,0.0635119741650165,10,1,0.493621676849109,2.46684009725291,0.571607767485149,0.903862579057078,0.142184553901136,full_event_available,bernoulli_full_event,4,0,0.000445,6.32721264860054e-05,0.632721264860054
39,4,4,load_loss_threshold,2748.2611,0.439424373583958,1.43696578126664,0.0633903381279382,9,0,1,1,1,1,0.0240139489459921,full_event_available,bernoulli_full_event,4,0,0.000445,1.06862072809665e-05,0.106862072809665
39,5,1,no_new_outage,0,0,0.937308070136262,0,1,1,0,0,0,0,0.467914167858088,full_event_available,bernoulli_full_event,1,0,0.000445,0.000208221804696849,2.08221804696849
39,6,1,no_new_outage,0,0,0.937308070136262,0,1,1,0,0,0,0,0.467914167858088,full_event_available,bernoulli_full_event,1,0,0.000445,0.000208221804696849,2.08221804696849
39,7,4,load_loss_threshold,3087.2235,0.493621676849109,1.82228003241764,0.0635119741650165,10,1,0.493621676849109,2.46684009725291,0.571607767485149,0.903862579057078,0.142184553901136,full_event_available,bernoulli_full_event,4,0,0.000445,6.32721264860054e-05,0.632721264860054
39,8,4,load_loss_threshold,3087.2235,0.493621676849109,1.82228003241764,0.0635119741650165,10,1,0.493621676849109,2.46684009725291,0.571607767485149,0.903862579057078,0.142184553901136,full_event_available,bernoulli_full_event,4,0,0.000445,6.32721264860054e-05,0.632721264860054
39,9,5,max_depth_reached,4932.814135,0.788716458301022,1.88078663639419,0.167313901666713,12,1,0.788716458301022,2.64235990918256,2.50970852500069,1.50364356181726,0.0283689453874684,full_event_available,bernoulli_full_event,5,0,0.000445,1.26241806974234e-05,0.126241806974234
39,10,1,no_new_outage,0,0,0.937308070136262,0,1,1,0,0,0,0,0.467914167858088,full_event_available,bernoulli_full_event,1,0,0.000445,0.000208221804696849,2.08221804696849
40,1,1,no_new_outage,0,0,0.880525546358149,0,1,1,0,0,0,0,0.934206172903306,full_event_available,bernoulli_full_event,1,0,0.00049,0.00045776102472262,4.5776102472262
40,2,1,no_new_outage,0,0,0.880525546358149,0,1,1,0,0,0,0,0.934206172903306,full_event_available,bernoulli_full_event,1,0,0.00049,0.00045776102472262,4.5776102472262
40,3,1,no_new_outage,0,0,0.880525546358149,0,1,1,0,0,0,0,0.934206172903306,full_event_available,bernoulli_full_event,1,0,0.00049,0.00045776102472262,4.5776102472262
40,4,1,no_new_outage,0,0,0.880525546358149,0,1,1,0,0,0,0,0.934206172903306,full_event_available,bernoulli_full_event,1,0,0.00049,0.00045776102472262,4.5776102472262
40,5,2,no_new_outage,0,0,0.880525546358149,0,2,1,0,0,0,0,0.000981376353593808,full_event_available,bernoulli_full_event,2,0,0.00049,4.80874413260966e-07,0.00480874413260966
40,6,1,no_new_outage,0,0,0.880525546358149,0,1,1,0,0,0,0,0.934206172903306,full_event_available,bernoulli_full_event,1,0,0.00049,0.00045776102472262,4.5776102472262
40,7,1,no_new_outage,0,0,0.880525546358149,0,1,1,0,0,0,0,0.934206172903306,full_event_available,bernoulli_full_event,1,0,0.00049,0.00045776102472262,4.5776102472262
40,8,1,no_new_outage,0,0,0.880525546358149,0,1,1,0,0,0,0,0.934206172903306,full_event_available,bernoulli_full_event,1,0,0.00049,0.00045776102472262,4.5776102472262
40,9,1,no_new_outage,0,0,0.880525546358149,0,1,1,0,0,0,0,0.934206172903306,full_event_available,bernoulli_full_event,1,0,0.00049,0.00045776102472262,4.5776102472262
40,10,1,no_new_outage,0,0,0.880525546358149,0,1,1,0,0,0,0,0.934206172903306,full_event_available,bernoulli_full_event,1,0,0.00049,0.00045776102472262,4.5776102472262
41,1,1,no_new_outage,0,0,0.879708485007997,0,1,1,0,0,0,0,0.934175357806238,full_event_available,bernoulli_full_event,1,0,0.000457,0.000426918138517451,4.26918138517451
41,2,4,load_loss_threshold,2670.26,0.426952638454294,1.57293625430919,0.0987432515465821,15,1,0.426952638454294,0.235868168022907,0,0.303345216677158,0.000885839872890849,full_event_available,bernoulli_full_event,4,0,0.000457,4.04828821911118e-07,0.00404828821911118
41,3,1,no_new_outage,0,0,0.879708485007997,0,1,1,0,0,0,0,0.934175357806238,full_event_available,bernoulli_full_event,1,0,0.000457,0.000426918138517451,4.26918138517451
41,4,4,load_loss_threshold,5156.455,0.824474795458434,1.61892640944386,0.214238549955921,17,1,0.824474795458434,0,0,0.49468487727506,6.00184494518212e-08,full_event_available,bernoulli_full_event,4,0,0.000457,2.74284313994823e-11,2.74284313994823e-07
41,5,1,no_new_outage,0,0,0.879708485007997,0,1,1,0,0,0,0,0.934175357806238,full_event_available,bernoulli_full_event,1,0,0.000457,0.000426918138517451,4.26918138517451
41,6,1,no_new_outage,0,0,0.879708485007997,0,1,1,0,0,0,0,0.934175357806238,full_event_available,bernoulli_full_event,1,0,0.000457,0.000426918138517451,4.26918138517451
41,7,1,no_new_outage,0,0,0.879708485007997,0,1,1,0,0,0,0,0.934175357806238,full_event_available,bernoulli_full_event,1,0,0.000457,0.000426918138517451,4.26918138517451
41,8,1,no_new_outage,0,0,0.879708485007997,0,1,1,0,0,0,0,0.934175357806238,full_event_available,bernoulli_full_event,1,0,0.000457,0.000426918138517451,4.26918138517451
41,9,1,no_new_outage,0,0,0.879708485007997,0,1,1,0,0,0,0,0.934175357806238,full_event_available,bernoulli_full_event,1,0,0.000457,0.000426918138517451,4.26918138517451
41,10,1,no_new_outage,0,0,0.879708485007997,0,1,1,0,0,0,0,0.934175357806238,full_event_available,bernoulli_full_event,1,0,0.000457,0.000426918138517451,4.26918138517451
42,1,4,load_loss_threshold,4527.967,0.723984727136674,2.49445392564145,0.112708693552603,15,0,1,1,1,1,2.19870834946449e-06,full_event_available,bernoulli_full_event,4,0,0.000603,1.32582113472709e-09,1.32582113472709e-05
42,2,4,load_loss_threshold,4095.13,0.654777646488856,1.95943709382888,0.0364876770460986,11,1,0.654777646488856,0,0,0.392866587893314,0.0774645294848616,full_event_available,bernoulli_full_event,4,0,0.000603,4.67111112793716e-05,0.467111112793716
42,3,4,load_loss_threshold,4095.13,0.654777646488856,1.95943709382888,0.0364876770460986,11,1,0.654777646488856,0,0,0.392866587893314,0.0774645294848616,full_event_available,bernoulli_full_event,4,0,0.000603,4.67111112793716e-05,0.467111112793716
42,4,4,load_loss_threshold,3860.16,0.617207873711072,1.95943709382888,0.144272679997497,10,1,0.617207873711072,2.70830509524877,0.721363399987485,1.0562584232739,0.232554237873133,full_event_available,bernoulli_full_event,4,0,0.000603,0.000140230205437499,1.40230205437499
42,5,4,load_loss_threshold,4683.11,0.748790818374124,1.95943709382888,0.199992902465965,12,1,0.748790818374124,0,0.999964512329824,0.649267393490439,0.12773968637955,full_event_available,bernoulli_full_event,4,0,0.000603,7.70270308868684e-05,0.770270308868684
42,6,4,load_loss_threshold,4095.13,0.654777646488856,1.96089556480104,0.037855886941248,12,1,0.654777646488856,0,0,0.392866587893314,0.000110618785485465,full_event_available,bernoulli_full_event,4,0,0.000603,6.67031276477351e-08,0.000667031276477351
42,7,4,load_loss_threshold,3860.16,0.617207873711072,1.95943709382888,0.144272679997497,10,1,0.617207873711072,2.70830509524877,0.721363399987485,1.0562584232739,0.232554237873133,full_event_available,bernoulli_full_event,4,0,0.000603,0.000140230205437499,1.40230205437499
42,8,4,load_loss_threshold,4527.967,0.723984727136674,2.21384624590198,0.169372088143018,15,0,1,1,1,1,3.36934626570527e-07,full_event_available,bernoulli_full_event,4,0,0.000603,2.03171579822028e-10,2.03171579822028e-06
42,9,4,load_loss_threshold,4336.16,0.693316363485193,1.95943709382888,0.0364876770460986,11,0,1,1,1,1,0.383483971434365,full_event_available,bernoulli_full_event,4,0,0.000603,0.000231240834774922,2.31240834774922
42,10,4,load_loss_threshold,3860.16,0.617207873711072,1.95943709382888,0.144272679997497,10,1,0.617207873711072,2.70830509524877,0.721363399987485,1.0562584232739,0.232554237873133,full_event_available,bernoulli_full_event,4,0,0.000603,0.000140230205437499,1.40230205437499
43,1,1,no_new_outage,0,0,0.794620440082835,0,1,1,0,0,0,0,0.93419403337996,full_event_available,bernoulli_full_event,1,0,0.000477,0.000445610553922241,4.45610553922241
43,2,1,no_new_outage,0,0,0.794620440082835,0,1,1,0,0,0,0,0.93419403337996,full_event_available,bernoulli_full_event,1,0,0.000477,0.000445610553922241,4.45610553922241
43,3,1,no_new_outage,0,0,0.794620440082835,0,1,1,0,0,0,0,0.93419403337996,full_event_available,bernoulli_full_event,1,0,0.000477,0.000445610553922241,4.45610553922241
43,4,1,no_new_outage,0,0,0.794620440082835,0,1,1,0,0,0,0,0.93419403337996,full_event_available,bernoulli_full_event,1,0,0.000477,0.000445610553922241,4.45610553922241
43,5,1,no_new_outage,0,0,0.794620440082835,0,1,1,0,0,0,0,0.93419403337996,full_event_available,bernoulli_full_event,1,0,0.000477,0.000445610553922241,4.45610553922241
43,6,1,no_new_outage,0,0,0.794620440082835,0,1,1,0,0,0,0,0.93419403337996,full_event_available,bernoulli_full_event,1,0,0.000477,0.000445610553922241,4.45610553922241
43,7,1,no_new_outage,0,0,0.794620440082835,0,1,1,0,0,0,0,0.93419403337996,full_event_available,bernoulli_full_event,1,0,0.000477,0.000445610553922241,4.45610553922241
43,8,1,no_new_outage,0,0,0.794620440082835,0,1,1,0,0,0,0,0.93419403337996,full_event_available,bernoulli_full_event,1,0,0.000477,0.000445610553922241,4.45610553922241
43,9,1,no_new_outage,0,0,0.794620440082835,0,1,1,0,0,0,0,0.93419403337996,full_event_available,bernoulli_full_event,1,0,0.000477,0.000445610553922241,4.45610553922241
43,10,1,no_new_outage,0,0,0.794620440082835,0,1,1,0,0,0,0,0.93419403337996,full_event_available,bernoulli_full_event,1,0,0.000477,0.000445610553922241,4.45610553922241
44,1,1,no_new_outage,0,0,0.795887550524592,0,1,1,0,0,0,0,0.933772147587476,full_event_available,bernoulli_full_event,1,0,2.5e-05,2.33443036896869e-05,0.233443036896869
44,2,1,no_new_outage,0,0,0.795887550524592,0,1,1,0,0,0,0,0.933772147587476,full_event_available,bernoulli_full_event,1,0,2.5e-05,2.33443036896869e-05,0.233443036896869
44,3,1,no_new_outage,0,0,0.795887550524592,0,1,1,0,0,0,0,0.933772147587476,full_event_available,bernoulli_full_event,1,0,2.5e-05,2.33443036896869e-05,0.233443036896869
44,4,1,no_new_outage,0,0,0.795887550524592,0,1,1,0,0,0,0,0.933772147587476,full_event_available,bernoulli_full_event,1,0,2.5e-05,2.33443036896869e-05,0.233443036896869
44,5,1,no_new_outage,0,0,0.795887550524592,0,1,1,0,0,0,0,0.933772147587476,full_event_available,bernoulli_full_event,1,0,2.5e-05,2.33443036896869e-05,0.233443036896869
44,6,1,no_new_outage,0,0,0.795887550524592,0,1,1,0,0,0,0,0.933772147587476,full_event_available,bernoulli_full_event,1,0,2.5e-05,2.33443036896869e-05,0.233443036896869
44,7,1,no_new_outage,0,0,0.795887550524592,0,1,1,0,0,0,0,0.933772147587476,full_event_available,bernoulli_full_event,1,0,2.5e-05,2.33443036896869e-05,0.233443036896869
44,8,5,max_depth_reached,3614.782,0.577973947232513,1.55139982326762,0.16411500673981,14,0,1,1,1,1,5.60303700064146e-08,full_event_available,bernoulli_full_event,5,0,2.5e-05,1.40075925016036e-12,1.40075925016036e-08
44,9,1,no_new_outage,0,0,0.795887550524592,0,1,1,0,0,0,0,0.933772147587476,full_event_available,bernoulli_full_event,1,0,2.5e-05,2.33443036896869e-05,0.233443036896869
44,10,1,no_new_outage,0,0,0.795887550524592,0,1,1,0,0,0,0,0.933772147587476,full_event_available,bernoulli_full_event,1,0,2.5e-05,2.33443036896869e-05,0.233443036896869
45,1,1,no_new_outage,0,0,0.796891827573949,0,1,1,0,0,0,0,0.934170689029478,full_event_available,bernoulli_full_event,1,0,0.000452,0.000422245151441324,4.22245151441324
45,2,1,no_new_outage,0,0,0.796891827573949,0,1,1,0,0,0,0,0.934170689029478,full_event_available,bernoulli_full_event,1,0,0.000452,0.000422245151441324,4.22245151441324
45,3,1,no_new_outage,0,0,0.796891827573949,0,1,1,0,0,0,0,0.934170689029478,full_event_available,bernoulli_full_event,1,0,0.000452,0.000422245151441324,4.22245151441324
45,4,1,no_new_outage,0,0,0.796891827573949,0,1,1,0,0,0,0,0.934170689029478,full_event_available,bernoulli_full_event,1,0,0.000452,0.000422245151441324,4.22245151441324
45,5,2,no_new_outage,0,0,0.929395736998821,0,2,1,0,0,0,0,0.000579829263428281,full_event_available,bernoulli_full_event,2,0,0.000452,2.62082827069583e-07,0.00262082827069583
45,6,1,no_new_outage,0,0,0.796891827573949,0,1,1,0,0,0,0,0.934170689029478,full_event_available,bernoulli_full_event,1,0,0.000452,0.000422245151441324,4.22245151441324
45,7,1,no_new_outage,0,0,0.796891827573949,0,1,1,0,0,0,0,0.934170689029478,full_event_available,bernoulli_full_event,1,0,0.000452,0.000422245151441324,4.22245151441324
45,8,1,no_new_outage,0,0,0.796891827573949,0,1,1,0,0,0,0,0.934170689029478,full_event_available,bernoulli_full_event,1,0,0.000452,0.000422245151441324,4.22245151441324
45,9,1,no_new_outage,0,0,0.796891827573949,0,1,1,0,0,0,0,0.934170689029478,full_event_available,bernoulli_full_event,1,0,0.000452,0.000422245151441324,4.22245151441324
45,10,1,no_new_outage,0,0,0.796891827573949,0,1,1,0,0,0,0,0.934170689029478,full_event_available,bernoulli_full_event,1,0,0.000452,0.000422245151441324,4.22245151441324
46,1,3,load_loss_threshold,3896.21,0.622971972568965,2.29639641257013,0.0435252802102655,12,0,1,1,1,1,0.235967409709817,full_event_available,bernoulli_full_event,3,0,0.000414,9.76905076198644e-05,0.976905076198644
46,2,3,load_loss_threshold,3896.21,0.622971972568965,2.29639641257013,0.0435252802102655,12,0,1,1,1,1,0.235967409709817,full_event_available,bernoulli_full_event,3,0,0.000414,9.76905076198644e-05,0.976905076198644
46,3,3,load_loss_threshold,3896.21,0.622971972568965,2.29639641257013,0.0435252802102655,12,0,1,1,1,1,0.235967409709817,full_event_available,bernoulli_full_event,3,0,0.000414,9.76905076198644e-05,0.976905076198644
46,4,3,load_loss_threshold,3420.21,0.546863482794844,2.29639641257013,0.0435252802102655,11,0,1,1,1,1,0.0693378547675243,full_event_available,bernoulli_full_event,3,0,0.000414,2.8705871873755e-05,0.28705871873755
46,5,3,load_loss_threshold,3420.21,0.546863482794844,2.29639641257013,0.0435252802102655,10,0,1,1,1,1,7.87934895947192e-05,full_event_available,bernoulli_full_event,3,0,0.000414,3.26205046922137e-08,0.000326205046922137
46,6,3,load_loss_threshold,2039.509,0.326100735022537,1.70465482379661,0,8,0,1,1,1,1,0.115002690063468,full_event_available,bernoulli_full_event,3,0,0.000414,4.76111136862758e-05,0.476111136862758
46,7,3,load_loss_threshold,4249.913,0.679526176683621,2.25428445350574,0.0440543282865613,11,0,1,1,1,1,0.000299604922162514,full_event_available,bernoulli_full_event,3,0,0.000414,1.24036437775281e-07,0.00124036437775281
46,8,3,load_loss_threshold,3420.21,0.546863482794844,2.29639641257013,0.0435252802102655,11,0,1,1,1,1,0.0693378547675243,full_event_available,bernoulli_full_event,3,0,0.000414,2.8705871873755e-05,0.28705871873755
46,9,3,load_loss_threshold,2358.709,0.377138192871065,1.56021514136118,0,9,0,1,1,1,1,6.23161614290294e-05,full_event_available,bernoulli_full_event,3,0,0.000414,2.57988908316182e-08,0.000257988908316182
46,10,3,load_loss_threshold,3896.21,0.622971972568965,2.29639641257013,0.0435252802102655,11,0,1,1,1,1,0.147351173645912,full_event_available,bernoulli_full_event,3,0,0.000414,6.10033858894076e-05,0.610033858894076
